method,dataset,split,category,arm,eval_mode,metric,auroc,aupr,fpr95,n_eval,drift_delay,seed,timestamp
diversify,TSB-U-DRIFT_002_SEG_4031_019_NAB_id_19_Facility_tr_100,U,DRIFT,energy,per_sample_selftrain,per_sample_auroc,1.0,1.0,0.0,12,,42,2026-08-24T22:29:34
diversify,TSB-U-DRIFT_002_SEG_4031_019_NAB_id_19_Facility_tr_100,U,DRIFT,cosine_centroid,per_sample_selftrain,per_sample_auroc,0.6944,0.7544,0.8333,12,,42,2026-08-24T22:29:34
diversify,TSB-U-DRIFT_004_SEG_18380_105_WSD_id_77_WebService_tr_,U,DRIFT,energy,per_sample_selftrain,per_sample_auroc,0.3194,0.4328,1.0,24,,42,2026-08-24T22:29:35
diversify,TSB-U-DRIFT_004_SEG_18380_105_WSD_id_77_WebService_tr_,U,DRIFT,cosine_centroid,per_sample_selftrain,per_sample_auroc,0.7431,0.7913,0.6667,24,,42,2026-08-24T22:29:35
diversify,TSB-U-DRIFT_006_SEG_18236_067_WSD_id_39_WebService_tr_,U,DRIFT,energy,per_sample_selftrain,per_sample_auroc,0.7143,0.7988,1.0,14,,42,2026-08-24T22:29:41
diversify,TSB-U-DRIFT_006_SEG_18236_067_WSD_id_39_WebService_tr_,U,DRIFT,cosine_centroid,per_sample_selftrain,per_sample_auroc,0.4082,0.4999,1.0,14,,42,2026-08-24T22:29:41
diversify,TSB-U-DRIFT_007_SEG_18391_054_WSD_id_26_WebService_tr_,U,DRIFT,energy,per_sample_selftrain,per_sample_auroc,0.3878,0.498,1.0,14,,42,2026-08-24T22:29:43
diversify,TSB-U-DRIFT_007_SEG_18391_054_WSD_id_26_WebService_tr_,U,DRIFT,cosine_centroid,per_sample_selftrain,per_sample_auroc,0.3673,0.5997,1.0,14,,42,2026-08-24T22:29:43
diversify,TSB-U-DRIFT_009_SEG_18236_047_WSD_id_19_WebService_tr_,U,DRIFT,energy,per_sample_selftrain,per_sample_auroc,0.0,0.3833,1.0,6,,42,2026-08-24T22:29:51
diversify,TSB-U-DRIFT_009_SEG_18236_047_WSD_id_19_WebService_tr_,U,DRIFT,cosine_centroid,per_sample_selftrain,per_sample_auroc,1.0,1.0,0.0,6,,42,2026-08-24T22:29:51
diversify,TSB-U-DRIFT_010_SEG_12000_521_UCR_id_219_Facility_tr_3,U,DRIFT,energy,per_sample_selftrain,per_sample_auroc,0.4953,0.6966,1.0,62,,42,2026-08-24T22:29:54
diversify,TSB-U-DRIFT_010_SEG_12000_521_UCR_id_219_Facility_tr_3,U,DRIFT,cosine_centroid,per_sample_selftrain,per_sample_auroc,0.8356,0.6927,0.1935,62,,42,2026-08-24T22:29:54
diversify,TSB-U-DRIFT_012_SEG_18049_023_NAB_id_23_Facility_tr_45,U,DRIFT,energy,per_sample_selftrain,per_sample_auroc,0.0026,0.3103,1.0,148,,42,2026-08-24T22:30:01
diversify,TSB-U-DRIFT_012_SEG_18049_023_NAB_id_23_Facility_tr_45,U,DRIFT,cosine_centroid,per_sample_selftrain,per_sample_auroc,0.0223,0.3121,1.0,148,,42,2026-08-24T22:30:01
diversify,TSB-U-DRIFT_013_SEG_4031_022_NAB_id_22_Facility_tr_100,U,DRIFT,energy,per_sample_selftrain,per_sample_auroc,0.2857,0.3946,0.8571,28,,42,2026-08-24T22:30:03
diversify,TSB-U-DRIFT_013_SEG_4031_022_NAB_id_22_Facility_tr_100,U,DRIFT,cosine_centroid,per_sample_selftrain,per_sample_auroc,0.8163,0.8206,0.7857,28,,42,2026-08-24T22:30:03
diversify,TSB-U-DRIFT_014_SEG_18236_050_WSD_id_22_WebService_tr_,U,DRIFT,energy,per_sample_selftrain,per_sample_auroc,0.125,0.3946,1.0,8,,42,2026-08-24T22:30:11
diversify,TSB-U-DRIFT_014_SEG_18236_050_WSD_id_22_WebService_tr_,U,DRIFT,cosine_centroid,per_sample_selftrain,per_sample_auroc,0.75,0.8167,0.5,8,,42,2026-08-24T22:30:11
diversify,TSB-U-DRIFT_015_SEG_18236_095_WSD_id_67_WebService_tr_,U,DRIFT,energy,per_sample_selftrain,per_sample_auroc,0.4545,0.468,0.7273,22,,42,2026-08-24T22:30:13
diversify,TSB-U-DRIFT_015_SEG_18236_095_WSD_id_67_WebService_tr_,U,DRIFT,cosine_centroid,per_sample_selftrain,per_sample_auroc,0.281,0.3975,0.9091,22,,42,2026-08-24T22:30:13
diversify,TSB-U-DRIFT_016_SEG_18236_100_WSD_id_72_WebService_tr_,U,DRIFT,energy,per_sample_selftrain,per_sample_auroc,0.1689,0.358,1.0,30,,42,2026-08-24T22:30:18
diversify,TSB-U-DRIFT_016_SEG_18236_100_WSD_id_72_WebService_tr_,U,DRIFT,cosine_centroid,per_sample_selftrain,per_sample_auroc,0.5911,0.6601,0.8667,30,,42,2026-08-24T22:30:18
diversify,TSB-U-DRIFT_017_SEG_8784_275_IOPS_id_16_WebService_tr_,U,DRIFT,energy,per_sample_selftrain,per_sample_auroc,0.2653,0.4145,1.0,14,,42,2026-08-24T22:30:19
diversify,TSB-U-DRIFT_017_SEG_8784_275_IOPS_id_16_WebService_tr_,U,DRIFT,cosine_centroid,per_sample_selftrain,per_sample_auroc,0.9184,0.9367,0.4286,14,,42,2026-08-24T22:30:19
diversify,TSB-U-DRIFT_020_SEG_18193_088_WSD_id_60_WebService_tr_,U,DRIFT,energy,per_sample_selftrain,per_sample_auroc,0.2803,0.4562,1.0,34,,42,2026-08-24T22:30:22
diversify,TSB-U-DRIFT_020_SEG_18193_088_WSD_id_60_WebService_tr_,U,DRIFT,cosine_centroid,per_sample_selftrain,per_sample_auroc,0.9066,0.9114,0.4118,34,,42,2026-08-24T22:30:22
diversify,TSB-U-DRIFT_023_SEG_10744_096_WSD_id_68_WebService_tr_,U,DRIFT,energy,per_sample_selftrain,per_sample_auroc,0.5,0.6187,0.8333,12,,42,2026-08-24T22:30:23
diversify,TSB-U-DRIFT_023_SEG_10744_096_WSD_id_68_WebService_tr_,U,DRIFT,cosine_centroid,per_sample_selftrain,per_sample_auroc,0.8056,0.7861,0.5,12,,42,2026-08-24T22:30:23
diversify,TSB-U-DRIFT_024_SEG_130400_241_SVDB_id_5_Medical_tr_11,U,DRIFT,energy,per_sample_selftrain,per_sample_auroc,0.7094,0.6449,0.6909,110,,42,2026-08-24T22:30:29
diversify,TSB-U-DRIFT_024_SEG_130400_241_SVDB_id_5_Medical_tr_11,U,DRIFT,cosine_centroid,per_sample_selftrain,per_sample_auroc,0.2615,0.4107,1.0,110,,42,2026-08-24T22:30:29
diversify,TSB-U-DRIFT_031_SEG_15736_116_WSD_id_88_WebService_tr_,U,DRIFT,energy,per_sample_selftrain,per_sample_auroc,0.4132,0.4613,0.9091,22,,42,2026-08-24T22:30:35
diversify,TSB-U-DRIFT_031_SEG_15736_116_WSD_id_88_WebService_tr_,U,DRIFT,cosine_centroid,per_sample_selftrain,per_sample_auroc,0.6446,0.6332,0.9091,22,,42,2026-08-24T22:30:35
diversify,TSB-U-DRIFT_032_SEG_15000_073_WSD_id_45_WebService_tr_,U,DRIFT,energy,per_sample_selftrain,per_sample_auroc,0.0617,0.345,1.0,18,,42,2026-08-24T22:30:37
diversify,TSB-U-DRIFT_032_SEG_15000_073_WSD_id_45_WebService_tr_,U,DRIFT,cosine_centroid,per_sample_selftrain,per_sample_auroc,0.1605,0.3676,0.8889,18,,42,2026-08-24T22:30:37
diversify,TSB-U-DRIFT_033_SEG_13237_094_WSD_id_66_WebService_tr_,U,DRIFT,energy,per_sample_selftrain,per_sample_auroc,0.284,0.4118,1.0,18,,42,2026-08-24T22:30:40
diversify,TSB-U-DRIFT_033_SEG_13237_094_WSD_id_66_WebService_tr_,U,DRIFT,cosine_centroid,per_sample_selftrain,per_sample_auroc,0.4691,0.4774,0.7778,18,,42,2026-08-24T22:30:40
diversify,TSB-U-DRIFT_035_SEG_18391_054_WSD_id_26_WebService_tr_,U,DRIFT,energy,per_sample_selftrain,per_sample_auroc,0.5139,0.5817,1.0,24,,42,2026-08-24T22:30:42
diversify,TSB-U-DRIFT_035_SEG_18391_054_WSD_id_26_WebService_tr_,U,DRIFT,cosine_centroid,per_sample_selftrain,per_sample_auroc,0.5972,0.5997,1.0,24,,42,2026-08-24T22:30:42
diversify,TSB-U-DRIFT_036_SEG_17189_049_WSD_id_21_WebService_tr_,U,DRIFT,energy,per_sample_selftrain,per_sample_auroc,0.3333,0.4901,1.0,12,,42,2026-08-24T22:30:46
diversify,TSB-U-DRIFT_036_SEG_17189_049_WSD_id_21_WebService_tr_,U,DRIFT,cosine_centroid,per_sample_selftrain,per_sample_auroc,0.1667,0.3855,1.0,12,,42,2026-08-24T22:30:46
diversify,TSB-U-DRIFT_037_SEG_22700_191_SMD_id_14_Facility_tr_45,U,DRIFT,energy,per_sample_selftrain,per_sample_auroc,0.8099,0.8598,0.7273,44,,42,2026-08-24T22:30:48
diversify,TSB-U-DRIFT_037_SEG_22700_191_SMD_id_14_Facility_tr_45,U,DRIFT,cosine_centroid,per_sample_selftrain,per_sample_auroc,0.2603,0.3763,0.9091,44,,42,2026-08-24T22:30:48
diversify,TSB-U-DRIFT_041_SEG_15736_111_WSD_id_83_WebService_tr_,U,DRIFT,energy,per_sample_selftrain,per_sample_auroc,0.6667,0.8333,1.0,6,,42,2026-08-24T22:30:52
diversify,TSB-U-DRIFT_041_SEG_15736_111_WSD_id_83_WebService_tr_,U,DRIFT,cosine_centroid,per_sample_selftrain,per_sample_auroc,0.7778,0.8056,0.3333,6,,42,2026-08-24T22:30:52
diversify,TSB-U-DRIFT_042_SEG_18236_029_WSD_id_1_WebService_tr_4,U,DRIFT,energy,per_sample_selftrain,per_sample_auroc,0.2469,0.3923,0.8889,18,,42,2026-08-24T22:30:58
diversify,TSB-U-DRIFT_042_SEG_18236_029_WSD_id_1_WebService_tr_4,U,DRIFT,cosine_centroid,per_sample_selftrain,per_sample_auroc,0.3457,0.4521,1.0,18,,42,2026-08-24T22:30:58
diversify,TSB-U-DRIFT_045_SEG_18236_062_WSD_id_34_WebService_tr_,U,DRIFT,energy,per_sample_selftrain,per_sample_auroc,0.8062,0.8378,0.6471,34,,42,2026-08-24T22:31:01
diversify,TSB-U-DRIFT_045_SEG_18236_062_WSD_id_34_WebService_tr_,U,DRIFT,cosine_centroid,per_sample_selftrain,per_sample_auroc,0.8235,0.8511,0.8235,34,,42,2026-08-24T22:31:01
diversify,TSB-U-DRIFT_048_SEG_65000_314_UCR_id_12_HumanActivity_,U,DRIFT,energy,per_sample_selftrain,per_sample_auroc,0.1531,0.3981,1.0,46,,42,2026-08-24T22:31:19
diversify,TSB-U-DRIFT_048_SEG_65000_314_UCR_id_12_HumanActivity_,U,DRIFT,cosine_centroid,per_sample_selftrain,per_sample_auroc,0.8998,0.9347,0.7391,46,,42,2026-08-24T22:31:19
diversify,TSB-U-DRIFT_049_SEG_18236_122_WSD_id_94_WebService_tr_,U,DRIFT,energy,per_sample_selftrain,per_sample_auroc,0.3742,0.4408,1.0,82,,42,2026-08-24T22:31:22
diversify,TSB-U-DRIFT_049_SEG_18236_122_WSD_id_94_WebService_tr_,U,DRIFT,cosine_centroid,per_sample_selftrain,per_sample_auroc,0.5116,0.5632,0.9756,82,,42,2026-08-24T22:31:22
diversify,TSB-U-DRIFT_050_SEG_650000_177_MITDB_id_8_Medical_tr_1,U,DRIFT,energy,per_sample_selftrain,per_sample_auroc,0.4721,0.5252,0.9405,168,,42,2026-08-24T22:31:29
diversify,TSB-U-DRIFT_050_SEG_650000_177_MITDB_id_8_Medical_tr_1,U,DRIFT,cosine_centroid,per_sample_selftrain,per_sample_auroc,0.601,0.5769,0.869,168,,42,2026-08-24T22:31:29
diversify,TSB-U-DRIFT_054_SEG_18084_030_WSD_id_2_WebService_tr_4,U,DRIFT,energy,per_sample_selftrain,per_sample_auroc,0.4267,0.5163,1.0,30,,42,2026-08-24T22:31:31
diversify,TSB-U-DRIFT_054_SEG_18084_030_WSD_id_2_WebService_tr_4,U,DRIFT,cosine_centroid,per_sample_selftrain,per_sample_auroc,0.6756,0.6434,0.9333,30,,42,2026-08-24T22:31:31
diversify,TSB-U-DRIFT_055_SEG_18236_099_WSD_id_71_WebService_tr_,U,DRIFT,energy,per_sample_selftrain,per_sample_auroc,0.375,0.4762,0.75,8,,42,2026-08-24T22:31:37
diversify,TSB-U-DRIFT_055_SEG_18236_099_WSD_id_71_WebService_tr_,U,DRIFT,cosine_centroid,per_sample_selftrain,per_sample_auroc,0.875,0.8875,0.25,8,,42,2026-08-24T22:31:37
diversify,TSB-U-DRIFT_056_SEG_17438_120_WSD_id_92_WebService_tr_,U,DRIFT,energy,per_sample_selftrain,per_sample_auroc,0.4931,0.5667,1.0,24,,42,2026-08-24T22:31:38
diversify,TSB-U-DRIFT_056_SEG_17438_120_WSD_id_92_WebService_tr_,U,DRIFT,cosine_centroid,per_sample_selftrain,per_sample_auroc,0.4236,0.4639,1.0,24,,42,2026-08-24T22:31:38
diversify,TSB-U-DRIFT_059_SEG_18236_052_WSD_id_24_WebService_tr_,U,DRIFT,energy,per_sample_selftrain,per_sample_auroc,0.4444,0.6035,1.0,12,,42,2026-08-24T22:31:41
diversify,TSB-U-DRIFT_059_SEG_18236_052_WSD_id_24_WebService_tr_,U,DRIFT,cosine_centroid,per_sample_selftrain,per_sample_auroc,0.4722,0.5101,1.0,12,,42,2026-08-24T22:31:41
diversify,TSB-U-DRIFT_061_SEG_15736_116_WSD_id_88_WebService_tr_,U,DRIFT,energy,per_sample_selftrain,per_sample_auroc,0.4311,0.4599,0.8,30,,42,2026-08-24T22:31:48
diversify,TSB-U-DRIFT_061_SEG_15736_116_WSD_id_88_WebService_tr_,U,DRIFT,cosine_centroid,per_sample_selftrain,per_sample_auroc,0.6933,0.7169,0.8667,30,,42,2026-08-24T22:31:48
diversify,TSB-U-DRIFT_063_SEG_23703_179_SMD_id_2_Facility_tr_592,U,DRIFT,energy,per_sample_selftrain,per_sample_auroc,0.3281,0.4248,1.0,16,,42,2026-08-24T22:31:55
diversify,TSB-U-DRIFT_063_SEG_23703_179_SMD_id_2_Facility_tr_592,U,DRIFT,cosine_centroid,per_sample_selftrain,per_sample_auroc,0.9688,0.975,0.25,16,,42,2026-08-24T22:31:55
diversify,TSB-U-DRIFT_064_SEG_15285_076_WSD_id_48_WebService_tr_,U,DRIFT,energy,per_sample_selftrain,per_sample_auroc,0.1716,0.3599,1.0,26,,42,2026-08-24T22:32:01
diversify,TSB-U-DRIFT_064_SEG_15285_076_WSD_id_48_WebService_tr_,U,DRIFT,cosine_centroid,per_sample_selftrain,per_sample_auroc,0.497,0.5082,1.0,26,,42,2026-08-24T22:32:01
diversify,TSB-U-DRIFT_065_SEG_28479_184_SMD_id_7_Facility_tr_711,U,DRIFT,energy,per_sample_selftrain,per_sample_auroc,0.6463,0.6236,0.9818,110,,42,2026-08-24T22:32:08
diversify,TSB-U-DRIFT_065_SEG_28479_184_SMD_id_7_Facility_tr_711,U,DRIFT,cosine_centroid,per_sample_selftrain,per_sample_auroc,0.679,0.7123,0.8364,110,,42,2026-08-24T22:32:08
diversify,TSB-U-DRIFT_066_SEG_650000_173_MITDB_id_4_Medical_tr_1,U,DRIFT,energy,per_sample_selftrain,per_sample_auroc,0.6329,0.6993,0.9538,130,,42,2026-08-24T22:32:15
diversify,TSB-U-DRIFT_066_SEG_650000_173_MITDB_id_4_Medical_tr_1,U,DRIFT,cosine_centroid,per_sample_selftrain,per_sample_auroc,0.5664,0.5227,0.9231,130,,42,2026-08-24T22:32:15
diversify,TSB-U-DRIFT_068_SEG_18380_112_WSD_id_84_WebService_tr_,U,DRIFT,energy,per_sample_selftrain,per_sample_auroc,0.5764,0.5444,0.75,24,,42,2026-08-24T22:32:17
diversify,TSB-U-DRIFT_068_SEG_18380_112_WSD_id_84_WebService_tr_,U,DRIFT,cosine_centroid,per_sample_selftrain,per_sample_auroc,0.6667,0.7473,1.0,24,,42,2026-08-24T22:32:17
diversify,TSB-U-DRIFT_069_SEG_17186_041_WSD_id_13_WebService_tr_,U,DRIFT,energy,per_sample_selftrain,per_sample_auroc,0.843,0.7619,0.5455,22,,42,2026-08-24T22:32:20
diversify,TSB-U-DRIFT_069_SEG_17186_041_WSD_id_13_WebService_tr_,U,DRIFT,cosine_centroid,per_sample_selftrain,per_sample_auroc,0.5124,0.5583,0.9091,22,,42,2026-08-24T22:32:20
diversify,TSB-U-DRIFT_070_SEG_18236_079_WSD_id_51_WebService_tr_,U,DRIFT,energy,per_sample_selftrain,per_sample_auroc,0.47,0.5387,0.9,20,,42,2026-08-24T22:32:25
diversify,TSB-U-DRIFT_070_SEG_18236_079_WSD_id_51_WebService_tr_,U,DRIFT,cosine_centroid,per_sample_selftrain,per_sample_auroc,0.44,0.4697,0.8,20,,42,2026-08-24T22:32:25
diversify,TSB-U-DRIFT_073_SEG_15285_076_WSD_id_48_WebService_tr_,U,DRIFT,energy,per_sample_selftrain,per_sample_auroc,0.1429,0.3742,0.8571,14,,42,2026-08-24T22:32:29
diversify,TSB-U-DRIFT_073_SEG_15285_076_WSD_id_48_WebService_tr_,U,DRIFT,cosine_centroid,per_sample_selftrain,per_sample_auroc,0.551,0.5794,0.8571,14,,42,2026-08-24T22:32:29
diversify,TSB-U-DRIFT_074_SEG_230400_251_SVDB_id_15_Medical_tr_5,U,DRIFT,energy,per_sample_selftrain,per_sample_auroc,0.4615,0.4773,0.8077,52,,42,2026-08-24T22:32:31
diversify,TSB-U-DRIFT_074_SEG_230400_251_SVDB_id_15_Medical_tr_5,U,DRIFT,cosine_centroid,per_sample_selftrain,per_sample_auroc,0.3195,0.3969,0.9231,52,,42,2026-08-24T22:32:31
diversify,TSB-U-DRIFT_075_SEG_22700_191_SMD_id_14_Facility_tr_45,U,DRIFT,energy,per_sample_selftrain,per_sample_auroc,0.6602,0.655,0.75,32,,42,2026-08-24T22:32:34
diversify,TSB-U-DRIFT_075_SEG_22700_191_SMD_id_14_Facility_tr_45,U,DRIFT,cosine_centroid,per_sample_selftrain,per_sample_auroc,0.2109,0.3684,0.875,32,,42,2026-08-24T22:32:34
diversify,TSB-U-DRIFT_076_SEG_18242_113_WSD_id_85_WebService_tr_,U,DRIFT,energy,per_sample_selftrain,per_sample_auroc,0.0,0.4167,1.0,4,,42,2026-08-24T22:32:35
diversify,TSB-U-DRIFT_076_SEG_18242_113_WSD_id_85_WebService_tr_,U,DRIFT,cosine_centroid,per_sample_selftrain,per_sample_auroc,0.25,0.5,1.0,4,,42,2026-08-24T22:32:35
diversify,TSB-U-DRIFT_078_SEG_10744_096_WSD_id_68_WebService_tr_,U,DRIFT,energy,per_sample_selftrain,per_sample_auroc,0.2041,0.3887,1.0,14,,42,2026-08-24T22:32:37
diversify,TSB-U-DRIFT_078_SEG_10744_096_WSD_id_68_WebService_tr_,U,DRIFT,cosine_centroid,per_sample_selftrain,per_sample_auroc,0.2857,0.4316,1.0,14,,42,2026-08-24T22:32:37
diversify,TSB-U-DRIFT_083_SEG_17794_129_WSD_id_101_WebService_tr,U,DRIFT,energy,per_sample_selftrain,per_sample_auroc,0.6686,0.6673,0.6923,26,,42,2026-08-24T22:32:42
diversify,TSB-U-DRIFT_083_SEG_17794_129_WSD_id_101_WebService_tr,U,DRIFT,cosine_centroid,per_sample_selftrain,per_sample_auroc,0.7751,0.8388,0.8462,26,,42,2026-08-24T22:32:42
diversify,TSB-U-DRIFT_084_SEG_20000_208_SMD_id_31_Facility_tr_50,U,DRIFT,energy,per_sample_selftrain,per_sample_auroc,0.0002,0.3104,1.0,142,,42,2026-08-24T22:32:52
diversify,TSB-U-DRIFT_084_SEG_20000_208_SMD_id_31_Facility_tr_50,U,DRIFT,cosine_centroid,per_sample_selftrain,per_sample_auroc,1.0,1.0,0.0,142,,42,2026-08-24T22:32:52
diversify,TSB-U-DRIFT_085_SEG_18242_113_WSD_id_85_WebService_tr_,U,DRIFT,energy,per_sample_selftrain,per_sample_auroc,0.75,0.8333,0.5,4,,42,2026-08-24T22:32:53
diversify,TSB-U-DRIFT_085_SEG_18242_113_WSD_id_85_WebService_tr_,U,DRIFT,cosine_centroid,per_sample_selftrain,per_sample_auroc,0.5,0.5833,0.5,4,,42,2026-08-24T22:32:53
diversify,TSB-U-DRIFT_086_SEG_18219_039_WSD_id_11_WebService_tr_,U,DRIFT,energy,per_sample_selftrain,per_sample_auroc,0.0247,0.3371,1.0,18,,42,2026-08-24T22:32:55
diversify,TSB-U-DRIFT_086_SEG_18219_039_WSD_id_11_WebService_tr_,U,DRIFT,cosine_centroid,per_sample_selftrain,per_sample_auroc,0.4074,0.4528,0.8889,18,,42,2026-08-24T22:32:55
diversify,TSB-U-DRIFT_088_SEG_70001_388_UCR_id_86_Facility_tr_17,U,DRIFT,energy,per_sample_selftrain,per_sample_auroc,0.9867,0.9871,0.0889,180,,42,2026-08-24T22:33:10
diversify,TSB-U-DRIFT_088_SEG_70001_388_UCR_id_86_Facility_tr_17,U,DRIFT,cosine_centroid,per_sample_selftrain,per_sample_auroc,0.9199,0.8048,0.0889,180,,42,2026-08-24T22:33:10
diversify,TSB-U-DRIFT_089_SEG_17794_129_WSD_id_101_WebService_tr,U,DRIFT,energy,per_sample_selftrain,per_sample_auroc,0.24,0.4439,1.0,10,,42,2026-08-24T22:33:18
diversify,TSB-U-DRIFT_089_SEG_17794_129_WSD_id_101_WebService_tr,U,DRIFT,cosine_centroid,per_sample_selftrain,per_sample_auroc,0.64,0.7167,1.0,10,,42,2026-08-24T22:33:18
diversify,TSB-U-DRIFT_090_SEG_18179_093_WSD_id_65_WebService_tr_,U,DRIFT,energy,per_sample_selftrain,per_sample_auroc,0.6667,0.594,0.3333,12,,42,2026-08-24T22:33:19
diversify,TSB-U-DRIFT_090_SEG_18179_093_WSD_id_65_WebService_tr_,U,DRIFT,cosine_centroid,per_sample_selftrain,per_sample_auroc,0.75,0.7958,0.6667,12,,42,2026-08-24T22:33:19
diversify,TSB-U-DRIFT_091_SEG_149156_272_IOPS_id_13_WebService_t,U,DRIFT,energy,per_sample_selftrain,per_sample_auroc,0.4913,0.5726,1.0,34,,42,2026-08-24T22:33:22
diversify,TSB-U-DRIFT_091_SEG_149156_272_IOPS_id_13_WebService_t,U,DRIFT,cosine_centroid,per_sample_selftrain,per_sample_auroc,0.2907,0.4457,1.0,34,,42,2026-08-24T22:33:22
diversify,TSB-U-DRIFT_092_SEG_23703_205_SMD_id_28_Facility_tr_59,U,DRIFT,energy,per_sample_selftrain,per_sample_auroc,0.3281,0.5092,1.0,16,,42,2026-08-24T22:33:29
diversify,TSB-U-DRIFT_092_SEG_23703_205_SMD_id_28_Facility_tr_59,U,DRIFT,cosine_centroid,per_sample_selftrain,per_sample_auroc,0.5781,0.6743,0.75,16,,42,2026-08-24T22:33:29
diversify,TSB-U-DRIFT_094_SEG_18197_068_WSD_id_40_WebService_tr_,U,DRIFT,energy,per_sample_selftrain,per_sample_auroc,0.5124,0.4863,0.6364,22,,42,2026-08-24T22:33:35
diversify,TSB-U-DRIFT_094_SEG_18197_068_WSD_id_40_WebService_tr_,U,DRIFT,cosine_centroid,per_sample_selftrain,per_sample_auroc,0.5537,0.5094,0.6364,22,,42,2026-08-24T22:33:35
diversify,TSB-U-DRIFT_096_SEG_18236_067_WSD_id_39_WebService_tr_,U,DRIFT,energy,per_sample_selftrain,per_sample_auroc,0.7292,0.667,0.75,24,,42,2026-08-24T22:33:41
diversify,TSB-U-DRIFT_096_SEG_18236_067_WSD_id_39_WebService_tr_,U,DRIFT,cosine_centroid,per_sample_selftrain,per_sample_auroc,0.3403,0.4169,0.9167,24,,42,2026-08-24T22:33:41
diversify,TSB-U-DRIFT_097_SEG_18380_105_WSD_id_77_WebService_tr_,U,DRIFT,energy,per_sample_selftrain,per_sample_auroc,0.1944,0.3884,1.0,24,,42,2026-08-24T22:33:44
diversify,TSB-U-DRIFT_097_SEG_18380_105_WSD_id_77_WebService_tr_,U,DRIFT,cosine_centroid,per_sample_selftrain,per_sample_auroc,0.375,0.4749,0.9167,24,,42,2026-08-24T22:33:44
diversify,TSB-U-DRIFT_099_SEG_5000_294_TODS_id_8_Synthetic_tr_50,U,DRIFT,energy,per_sample_selftrain,per_sample_auroc,,,,24,,42,2026-08-24T22:33:45
diversify,TSB-U-DRIFT_099_SEG_5000_294_TODS_id_8_Synthetic_tr_50,U,DRIFT,cosine_centroid,per_sample_selftrain,per_sample_auroc,,,,24,,42,2026-08-24T22:33:45
diversify,TSB-U-OOD_001_SEG_18236_118_WSD_id_90_WebService_tr_45,U,OOD,energy,per_sample_selftrain,per_sample_auroc,0.216,0.4022,1.0,50,,42,2026-08-24T22:33:49
diversify,TSB-U-OOD_001_SEG_18236_118_WSD_id_90_WebService_tr_45,U,OOD,cosine_centroid,per_sample_selftrain,per_sample_auroc,0.7456,0.7725,0.76,50,,42,2026-08-24T22:33:49
diversify,TSB-U-OOD_002_SEG_4031_024_NAB_id_24_Synthetic_tr_1007,U,OOD,energy,per_sample_selftrain,per_sample_auroc,0.2959,0.3994,0.9231,26,,42,2026-08-24T22:33:50
diversify,TSB-U-OOD_002_SEG_4031_024_NAB_id_24_Synthetic_tr_1007,U,OOD,cosine_centroid,per_sample_selftrain,per_sample_auroc,0.3136,0.4183,1.0,26,,42,2026-08-24T22:33:50
diversify,TSB-U-OOD_003_SEG_10028_306_UCR_id_4_Medical_tr_2507_1,U,OOD,energy,per_sample_selftrain,per_sample_auroc,0.0278,0.3313,1.0,24,,42,2026-08-24T22:33:55
diversify,TSB-U-OOD_003_SEG_10028_306_UCR_id_4_Medical_tr_2507_1,U,OOD,cosine_centroid,per_sample_selftrain,per_sample_auroc,0.5278,0.5191,0.8333,24,,42,2026-08-24T22:33:55
diversify,TSB-U-OOD_004_SEG_149123_263_IOPS_id_4_WebService_tr_3,U,OOD,energy,per_sample_selftrain,per_sample_auroc,0.3668,0.4669,0.9412,34,,42,2026-08-24T22:33:58
diversify,TSB-U-OOD_004_SEG_149123_263_IOPS_id_4_WebService_tr_3,U,OOD,cosine_centroid,per_sample_selftrain,per_sample_auroc,0.3114,0.4066,1.0,34,,42,2026-08-24T22:33:58
diversify,TSB-U-OOD_005_SEG_130400_237_SVDB_id_1_Medical_tr_1158,U,OOD,energy,per_sample_selftrain,per_sample_auroc,0.4562,0.5437,0.9818,110,,42,2026-08-24T22:34:04
diversify,TSB-U-OOD_005_SEG_130400_237_SVDB_id_1_Medical_tr_1158,U,OOD,cosine_centroid,per_sample_selftrain,per_sample_auroc,0.4628,0.57,1.0,110,,42,2026-08-24T22:34:04
diversify,TSB-U-OOD_006_SEG_2430_147_MSL_id_8_Sensor_tr_590_1st_,U,OOD,energy,per_sample_selftrain,per_sample_auroc,0.0,0.3833,1.0,6,,42,2026-08-24T22:34:05
diversify,TSB-U-OOD_006_SEG_2430_147_MSL_id_8_Sensor_tr_590_1st_,U,OOD,cosine_centroid,per_sample_selftrain,per_sample_auroc,1.0,1.0,0.0,6,,42,2026-08-24T22:34:05
diversify,TSB-U-OOD_009_SEG_8184_504_UCR_id_202_Environment_tr_2,U,OOD,energy,per_sample_selftrain,per_sample_auroc,0.0,0.3655,1.0,8,,42,2026-08-24T22:34:08
diversify,TSB-U-OOD_009_SEG_8184_504_UCR_id_202_Environment_tr_2,U,OOD,cosine_centroid,per_sample_selftrain,per_sample_auroc,1.0,1.0,0.0,8,,42,2026-08-24T22:34:08
diversify,TSB-U-OOD_011_SEG_4031_028_NAB_id_28_Facility_tr_1007_,U,OOD,energy,per_sample_selftrain,per_sample_auroc,0.46,0.4767,0.8,20,,42,2026-08-24T22:34:10
diversify,TSB-U-OOD_011_SEG_4031_028_NAB_id_28_Facility_tr_1007_,U,OOD,cosine_centroid,per_sample_selftrain,per_sample_auroc,0.75,0.766,0.5,20,,42,2026-08-24T22:34:10
diversify,TSB-U-OOD_012_SEG_18236_099_WSD_id_71_WebService_tr_45,U,OOD,energy,per_sample_selftrain,per_sample_auroc,0.0,0.3544,1.0,10,,42,2026-08-24T22:34:16
diversify,TSB-U-OOD_012_SEG_18236_099_WSD_id_71_WebService_tr_45,U,OOD,cosine_centroid,per_sample_selftrain,per_sample_auroc,0.8,0.835,0.6,10,,42,2026-08-24T22:34:16
diversify,TSB-U-OOD_013_SEG_100000_231_MGAB_id_7_Synthetic_tr_25,U,OOD,energy,per_sample_selftrain,per_sample_auroc,0.5744,0.6941,1.0,34,,42,2026-08-24T22:34:31
diversify,TSB-U-OOD_013_SEG_100000_231_MGAB_id_7_Synthetic_tr_25,U,OOD,cosine_centroid,per_sample_selftrain,per_sample_auroc,0.699,0.7422,0.8824,34,,42,2026-08-24T22:34:31
diversify,TSB-U-OOD_014_SEG_130400_248_SVDB_id_12_Medical_tr_184,U,OOD,energy,per_sample_selftrain,per_sample_auroc,0.4507,0.5234,0.977,174,,42,2026-08-24T22:34:41
diversify,TSB-U-OOD_014_SEG_130400_248_SVDB_id_12_Medical_tr_184,U,OOD,cosine_centroid,per_sample_selftrain,per_sample_auroc,0.3738,0.4469,0.9425,174,,42,2026-08-24T22:34:41
diversify,TSB-U-OOD_015_SEG_43066_816_Exathlon_id_7_Facility_tr_,U,OOD,energy,per_sample_selftrain,per_sample_auroc,0.3683,0.4622,1.0,118,,42,2026-08-24T22:34:47
diversify,TSB-U-OOD_015_SEG_43066_816_Exathlon_id_7_Facility_tr_,U,OOD,cosine_centroid,per_sample_selftrain,per_sample_auroc,0.5105,0.5098,1.0,118,,42,2026-08-24T22:34:47
diversify,TSB-U-OOD_018_SEG_29931_500_UCR_id_198_Facility_tr_748,U,OOD,energy,per_sample_selftrain,per_sample_auroc,0.75,0.6356,0.5556,36,,42,2026-08-24T22:34:56
diversify,TSB-U-OOD_018_SEG_29931_500_UCR_id_198_Facility_tr_748,U,OOD,cosine_centroid,per_sample_selftrain,per_sample_auroc,0.7346,0.7952,0.8889,36,,42,2026-08-24T22:34:56
diversify,TSB-U-OOD_020_SEG_419919_550_SWaT_id_1_Sensor_tr_43700,U,OOD,energy,per_sample_selftrain,per_sample_auroc,0.2176,0.4367,0.8981,412,,42,2026-08-24T22:35:14
diversify,TSB-U-OOD_020_SEG_419919_550_SWaT_id_1_Sensor_tr_43700,U,OOD,cosine_centroid,per_sample_selftrain,per_sample_auroc,0.7931,0.8079,0.8204,412,,42,2026-08-24T22:35:14
diversify,TSB-U-OOD_022_SEG_4031_008_NAB_id_8_Synthetic_tr_1007_,U,OOD,energy,per_sample_selftrain,per_sample_auroc,0.5266,0.5316,0.7692,26,,42,2026-08-24T22:35:15
diversify,TSB-U-OOD_022_SEG_4031_008_NAB_id_8_Synthetic_tr_1007_,U,OOD,cosine_centroid,per_sample_selftrain,per_sample_auroc,0.3669,0.4511,1.0,26,,42,2026-08-24T22:35:16
diversify,TSB-U-OOD_028_SEG_80000_226_MGAB_id_2_Synthetic_tr_200,U,OOD,energy,per_sample_selftrain,per_sample_auroc,0.5266,0.5654,1.0,26,,42,2026-08-24T22:35:34
diversify,TSB-U-OOD_028_SEG_80000_226_MGAB_id_2_Synthetic_tr_200,U,OOD,cosine_centroid,per_sample_selftrain,per_sample_auroc,0.503,0.6004,1.0,26,,42,2026-08-24T22:35:34
diversify,TSB-U-OOD_029_SEG_30000_382_UCR_id_80_Medical_tr_7500_,U,OOD,energy,per_sample_selftrain,per_sample_auroc,0.1157,0.3518,0.9091,22,,42,2026-08-24T22:35:39
diversify,TSB-U-OOD_029_SEG_30000_382_UCR_id_80_Medical_tr_7500_,U,OOD,cosine_centroid,per_sample_selftrain,per_sample_auroc,0.8264,0.7611,0.8182,22,,42,2026-08-24T22:35:39
diversify,TSB-U-OOD_030_SEG_18220_108_WSD_id_80_WebService_tr_23,U,OOD,energy,per_sample_selftrain,per_sample_auroc,0.1875,0.3727,1.0,24,,42,2026-08-24T22:35:42
diversify,TSB-U-OOD_030_SEG_18220_108_WSD_id_80_WebService_tr_23,U,OOD,cosine_centroid,per_sample_selftrain,per_sample_auroc,0.4861,0.5223,1.0,24,,42,2026-08-24T22:35:42
diversify,TSB-U-OOD_031_SEG_18236_098_WSD_id_70_WebService_tr_35,U,OOD,energy,per_sample_selftrain,per_sample_auroc,0.0,0.3655,1.0,8,,42,2026-08-24T22:35:44
diversify,TSB-U-OOD_031_SEG_18236_098_WSD_id_70_WebService_tr_35,U,OOD,cosine_centroid,per_sample_selftrain,per_sample_auroc,0.0625,0.378,1.0,8,,42,2026-08-24T22:35:44
diversify,TSB-U-OOD_033_SEG_13227_102_WSD_id_74_WebService_tr_33,U,OOD,energy,per_sample_selftrain,per_sample_auroc,0.7509,0.7688,0.8824,34,,42,2026-08-24T22:35:47
diversify,TSB-U-OOD_033_SEG_13227_102_WSD_id_74_WebService_tr_33,U,OOD,cosine_centroid,per_sample_selftrain,per_sample_auroc,0.7474,0.7649,0.7647,34,,42,2026-08-24T22:35:47
diversify,TSB-U-OOD_034_SEG_30000_412_UCR_id_110_Medical_tr_7500,U,OOD,energy,per_sample_selftrain,per_sample_auroc,0.5278,0.5335,0.8333,12,,42,2026-08-24T22:35:54
diversify,TSB-U-OOD_034_SEG_30000_412_UCR_id_110_Medical_tr_7500,U,OOD,cosine_centroid,per_sample_selftrain,per_sample_auroc,0.4167,0.4704,0.8333,12,,42,2026-08-24T22:35:54
diversify,TSB-U-OOD_040_SEG_200000_440_UCR_id_138_Medical_tr_167,U,OOD,energy,per_sample_selftrain,per_sample_auroc,0.0035,0.3215,1.0,34,,42,2026-08-24T22:36:02
diversify,TSB-U-OOD_040_SEG_200000_440_UCR_id_138_Medical_tr_167,U,OOD,cosine_centroid,per_sample_selftrain,per_sample_auroc,1.0,1.0,0.0,34,,42,2026-08-24T22:36:02
diversify,TSB-U-OOD_045_SEG_18236_074_WSD_id_46_WebService_tr_99,U,OOD,energy,per_sample_selftrain,per_sample_auroc,0.08,0.371,1.0,10,,42,2026-08-24T22:36:03
diversify,TSB-U-OOD_045_SEG_18236_074_WSD_id_46_WebService_tr_99,U,OOD,cosine_centroid,per_sample_selftrain,per_sample_auroc,0.36,0.5079,1.0,10,,42,2026-08-24T22:36:03
diversify,TSB-U-OOD_049_SEG_15403_085_WSD_id_57_WebService_tr_78,U,OOD,energy,per_sample_selftrain,per_sample_auroc,0.0625,0.378,1.0,8,,42,2026-08-24T22:36:05
diversify,TSB-U-OOD_049_SEG_15403_085_WSD_id_57_WebService_tr_78,U,OOD,cosine_centroid,per_sample_selftrain,per_sample_auroc,0.0,0.3655,1.0,8,,42,2026-08-24T22:36:05
diversify,TSB-U-OOD_050_SEG_130400_248_SVDB_id_12_Medical_tr_184,U,OOD,energy,per_sample_selftrain,per_sample_auroc,0.5416,0.5729,0.977,174,,42,2026-08-24T22:36:14
diversify,TSB-U-OOD_050_SEG_130400_248_SVDB_id_12_Medical_tr_184,U,OOD,cosine_centroid,per_sample_selftrain,per_sample_auroc,0.3998,0.4669,0.9195,174,,42,2026-08-24T22:36:14
diversify,TSB-U-OOD_053_SEG_12000_309_UCR_id_7_Medical_tr_3000_1,U,OOD,energy,per_sample_selftrain,per_sample_auroc,0.0833,0.3637,1.0,12,,42,2026-08-24T22:36:17
diversify,TSB-U-OOD_053_SEG_12000_309_UCR_id_7_Medical_tr_3000_1,U,OOD,cosine_centroid,per_sample_selftrain,per_sample_auroc,0.8611,0.8179,0.1667,12,,42,2026-08-24T22:36:17
diversify,TSB-U-OOD_055_SEG_55000_420_UCR_id_118_Facility_tr_137,U,OOD,energy,per_sample_selftrain,per_sample_auroc,1.0,1.0,0.0,22,,42,2026-08-24T22:36:36
diversify,TSB-U-OOD_055_SEG_55000_420_UCR_id_118_Facility_tr_137,U,OOD,cosine_centroid,per_sample_selftrain,per_sample_auroc,1.0,1.0,0.0,22,,42,2026-08-24T22:36:36
diversify,TSB-U-OOD_060_SEG_5000_295_TODS_id_9_Synthetic_tr_1250,U,OOD,energy,per_sample_selftrain,per_sample_auroc,0.36,0.4475,1.0,20,,42,2026-08-24T22:36:38
diversify,TSB-U-OOD_060_SEG_5000_295_TODS_id_9_Synthetic_tr_1250,U,OOD,cosine_centroid,per_sample_selftrain,per_sample_auroc,0.59,0.6734,0.7,20,,42,2026-08-24T22:36:38
diversify,TSB-U-OOD_061_SEG_15285_076_WSD_id_48_WebService_tr_38,U,OOD,energy,per_sample_selftrain,per_sample_auroc,0.0,0.4167,1.0,4,,42,2026-08-24T22:36:41
diversify,TSB-U-OOD_061_SEG_15285_076_WSD_id_48_WebService_tr_38,U,OOD,cosine_centroid,per_sample_selftrain,per_sample_auroc,0.5,0.5833,0.5,4,,42,2026-08-24T22:36:41
diversify,TSB-U-OOD_062_SEG_650000_176_MITDB_id_7_Medical_tr_623,U,OOD,energy,per_sample_selftrain,per_sample_auroc,0.4722,0.478,1.0,60,,42,2026-08-24T22:36:45
diversify,TSB-U-OOD_062_SEG_650000_176_MITDB_id_7_Medical_tr_623,U,OOD,cosine_centroid,per_sample_selftrain,per_sample_auroc,0.7433,0.7762,0.7,60,,42,2026-08-24T22:36:45
diversify,TSB-U-OOD_063_SEG_149123_263_IOPS_id_4_WebService_tr_3,U,OOD,energy,per_sample_selftrain,per_sample_auroc,0.2595,0.3835,0.9412,34,,42,2026-08-24T22:36:47
diversify,TSB-U-OOD_063_SEG_149123_263_IOPS_id_4_WebService_tr_3,U,OOD,cosine_centroid,per_sample_selftrain,per_sample_auroc,0.301,0.4034,1.0,34,,42,2026-08-24T22:36:48
diversify,TSB-U-OOD_065_SEG_1427_594_YAHOO_id_44_WebService_tr_5,U,OOD,energy,per_sample_selftrain,per_sample_auroc,0.1111,0.4111,1.0,6,,42,2026-08-24T22:36:49
diversify,TSB-U-OOD_065_SEG_1427_594_YAHOO_id_44_WebService_tr_5,U,OOD,cosine_centroid,per_sample_selftrain,per_sample_auroc,1.0,1.0,0.0,6,,42,2026-08-24T22:36:49
diversify,TSB-U-OOD_066_SEG_30000_441_UCR_id_139_Facility_tr_750,U,OOD,energy,per_sample_selftrain,per_sample_auroc,0.3704,0.4468,1.0,18,,42,2026-08-24T22:36:54
diversify,TSB-U-OOD_066_SEG_30000_441_UCR_id_139_Facility_tr_750,U,OOD,cosine_centroid,per_sample_selftrain,per_sample_auroc,0.2593,0.5016,1.0,18,,42,2026-08-24T22:36:54
diversify,TSB-U-OOD_068_SEG_100000_232_MGAB_id_8_Synthetic_tr_25,U,OOD,energy,per_sample_selftrain,per_sample_auroc,0.5847,0.6417,1.0,44,,42,2026-08-24T22:37:08
diversify,TSB-U-OOD_068_SEG_100000_232_MGAB_id_8_Synthetic_tr_25,U,OOD,cosine_centroid,per_sample_selftrain,per_sample_auroc,0.7273,0.7451,0.8636,44,,42,2026-08-24T22:37:08
diversify,TSB-U-OOD_069_SEG_38269_367_UCR_id_65_Medical_tr_9567_,U,OOD,energy,per_sample_selftrain,per_sample_auroc,0.8125,0.8042,0.25,8,,42,2026-08-24T22:37:15
diversify,TSB-U-OOD_069_SEG_38269_367_UCR_id_65_Medical_tr_9567_,U,OOD,cosine_centroid,per_sample_selftrain,per_sample_auroc,0.25,0.4405,1.0,8,,42,2026-08-24T22:37:15
diversify,TSB-U-OOD_074_SEG_128001_472_UCR_id_170_Facility_tr_32,U,OOD,energy,per_sample_selftrain,per_sample_auroc,0.8889,0.9167,0.3333,6,,42,2026-08-24T22:37:42
diversify,TSB-U-OOD_074_SEG_128001_472_UCR_id_170_Facility_tr_32,U,OOD,cosine_centroid,per_sample_selftrain,per_sample_auroc,0.0,0.3833,1.0,6,,42,2026-08-24T22:37:42
diversify,TSB-U-OOD_077_SEG_100000_222_LTDB_id_7_Medical_tr_3618,U,OOD,energy,per_sample_selftrain,per_sample_auroc,0.4877,0.5199,0.7222,36,,42,2026-08-24T22:37:44
diversify,TSB-U-OOD_077_SEG_100000_222_LTDB_id_7_Medical_tr_3618,U,OOD,cosine_centroid,per_sample_selftrain,per_sample_auroc,0.5123,0.533,1.0,36,,42,2026-08-24T22:37:44
diversify,TSB-U-OOD_079_SEG_100000_224_LTDB_id_9_Medical_tr_4456,U,OOD,energy,per_sample_selftrain,per_sample_auroc,0.1983,0.3599,1.0,44,,42,2026-08-24T22:37:47
diversify,TSB-U-OOD_079_SEG_100000_224_LTDB_id_9_Medical_tr_4456,U,OOD,cosine_centroid,per_sample_selftrain,per_sample_auroc,0.4483,0.465,0.7727,44,,42,2026-08-24T22:37:47
diversify,TSB-U-OOD_081_SEG_29950_464_UCR_id_162_Medical_tr_7487,U,OOD,energy,per_sample_selftrain,per_sample_auroc,0.0,0.3655,1.0,8,,42,2026-08-24T22:37:54
diversify,TSB-U-OOD_081_SEG_29950_464_UCR_id_162_Medical_tr_7487,U,OOD,cosine_centroid,per_sample_selftrain,per_sample_auroc,0.3125,0.4583,1.0,8,,42,2026-08-24T22:37:54
diversify,TSB-U-OOD_082_SEG_1421_582_YAHOO_id_32_Synthetic_tr_50,U,OOD,energy,per_sample_selftrain,per_sample_auroc,0.3333,0.5,1.0,6,,42,2026-08-24T22:37:55
diversify,TSB-U-OOD_082_SEG_1421_582_YAHOO_id_32_Synthetic_tr_50,U,OOD,cosine_centroid,per_sample_selftrain,per_sample_auroc,0.7778,0.8667,0.6667,6,,42,2026-08-24T22:37:55
diversify,TSB-U-OOD_085_SEG_2430_147_MSL_id_8_Sensor_tr_590_1st_,U,OOD,energy,per_sample_selftrain,per_sample_auroc,0.3333,0.6333,1.0,6,,42,2026-08-24T22:37:57
diversify,TSB-U-OOD_085_SEG_2430_147_MSL_id_8_Sensor_tr_590_1st_,U,OOD,cosine_centroid,per_sample_selftrain,per_sample_auroc,0.2222,0.4667,1.0,6,,42,2026-08-24T22:37:57
diversify,TSB-U-OOD_086_SEG_6138_267_IOPS_id_8_WebService_tr_153,U,OOD,energy,per_sample_selftrain,per_sample_auroc,0.2188,0.399,1.0,16,,42,2026-08-24T22:37:58
diversify,TSB-U-OOD_086_SEG_6138_267_IOPS_id_8_WebService_tr_153,U,OOD,cosine_centroid,per_sample_selftrain,per_sample_auroc,0.6406,0.7444,0.75,16,,42,2026-08-24T22:37:58
diversify,TSB-U-OOD_088_SEG_9998_514_UCR_id_212_Medical_tr_2499_,U,OOD,energy,per_sample_selftrain,per_sample_auroc,0.4375,0.6488,1.0,8,,42,2026-08-24T22:38:02
diversify,TSB-U-OOD_088_SEG_9998_514_UCR_id_212_Medical_tr_2499_,U,OOD,cosine_centroid,per_sample_selftrain,per_sample_auroc,0.0625,0.378,1.0,8,,42,2026-08-24T22:38:02
diversify,TSB-U-OOD_089_SEG_41790_470_UCR_id_168_Medical_tr_1044,U,OOD,energy,per_sample_selftrain,per_sample_auroc,0.76,0.6862,0.4,10,,42,2026-08-24T22:38:07
diversify,TSB-U-OOD_089_SEG_41790_470_UCR_id_168_Medical_tr_1044,U,OOD,cosine_centroid,per_sample_selftrain,per_sample_auroc,0.48,0.5193,0.6,10,,42,2026-08-24T22:38:07
diversify,TSB-U-OOD_090_SEG_211502_416_UCR_id_114_Medical_tr_500,U,OOD,energy,per_sample_selftrain,per_sample_auroc,0.9644,0.9768,0.5333,30,,42,2026-08-24T22:38:46
diversify,TSB-U-OOD_090_SEG_211502_416_UCR_id_114_Medical_tr_500,U,OOD,cosine_centroid,per_sample_selftrain,per_sample_auroc,0.9333,0.9667,1.0,30,,42,2026-08-24T22:38:46
diversify,TSB-U-OOD_091_SEG_100000_232_MGAB_id_8_Synthetic_tr_25,U,OOD,energy,per_sample_selftrain,per_sample_auroc,0.5503,0.5979,1.0,96,,42,2026-08-24T22:38:59
diversify,TSB-U-OOD_091_SEG_100000_232_MGAB_id_8_Synthetic_tr_25,U,OOD,cosine_centroid,per_sample_selftrain,per_sample_auroc,0.7691,0.7904,0.7292,96,,42,2026-08-24T22:38:59
diversify,TSB-U-OOD_092_SEG_2430_145_MSL_id_6_Sensor_tr_530_1st_,U,OOD,energy,per_sample_selftrain,per_sample_auroc,0.0,0.3833,1.0,6,,42,2026-08-24T22:39:00
diversify,TSB-U-OOD_092_SEG_2430_145_MSL_id_6_Sensor_tr_530_1st_,U,OOD,cosine_centroid,per_sample_selftrain,per_sample_auroc,1.0,1.0,0.0,6,,42,2026-08-24T22:39:00
diversify,TSB-U-OOD_094_SEG_10744_096_WSD_id_68_WebService_tr_13,U,OOD,energy,per_sample_selftrain,per_sample_auroc,0.449,0.5975,1.0,14,,42,2026-08-24T22:39:02
diversify,TSB-U-OOD_094_SEG_10744_096_WSD_id_68_WebService_tr_13,U,OOD,cosine_centroid,per_sample_selftrain,per_sample_auroc,0.5102,0.5768,1.0,14,,42,2026-08-24T22:39:02
diversify,TSB-U-OOD_095_SEG_17189_049_WSD_id_21_WebService_tr_42,U,OOD,energy,per_sample_selftrain,per_sample_auroc,0.0,0.3371,1.0,16,,42,2026-08-24T22:39:06
diversify,TSB-U-OOD_095_SEG_17189_049_WSD_id_21_WebService_tr_42,U,OOD,cosine_centroid,per_sample_selftrain,per_sample_auroc,0.0,0.3371,1.0,16,,42,2026-08-24T22:39:06
diversify,TSB-U-OOD_099_SEG_8184_504_UCR_id_202_Environment_tr_2,U,OOD,energy,per_sample_selftrain,per_sample_auroc,0.2222,0.4667,1.0,6,,42,2026-08-24T22:39:09
diversify,TSB-U-OOD_099_SEG_8184_504_UCR_id_202_Environment_tr_2,U,OOD,cosine_centroid,per_sample_selftrain,per_sample_auroc,1.0,1.0,0.0,6,,42,2026-08-24T22:39:09
diversify,TSB-U-OOD_100_SEG_18236_067_WSD_id_39_WebService_tr_45,U,OOD,energy,per_sample_selftrain,per_sample_auroc,0.4,0.4867,1.0,10,,42,2026-08-24T22:39:15
diversify,TSB-U-OOD_100_SEG_18236_067_WSD_id_39_WebService_tr_45,U,OOD,cosine_centroid,per_sample_selftrain,per_sample_auroc,1.0,1.0,0.0,10,,42,2026-08-24T22:39:15
diversify,TSB-U-STABLE_002_SEG_18236_048_WSD_id_20_WebService_tr,U,STABLE,energy,per_sample_selftrain,per_sample_auroc,0.2222,0.4444,1.0,6,,42,2026-08-24T22:39:21
diversify,TSB-U-STABLE_002_SEG_18236_048_WSD_id_20_WebService_tr,U,STABLE,cosine_centroid,per_sample_selftrain,per_sample_auroc,0.4444,0.5556,1.0,6,,42,2026-08-24T22:39:21
diversify,TSB-U-STABLE_003_SEG_1680_580_YAHOO_id_30_WebService_t,U,STABLE,energy,per_sample_selftrain,per_sample_auroc,1.0,1.0,0.0,2,,42,2026-08-24T22:39:23
diversify,TSB-U-STABLE_003_SEG_1680_580_YAHOO_id_30_WebService_t,U,STABLE,cosine_centroid,per_sample_selftrain,per_sample_auroc,1.0,1.0,0.0,2,,42,2026-08-24T22:39:23
diversify,TSB-U-STABLE_004_SEG_1680_561_YAHOO_id_11_WebService_t,U,STABLE,energy,per_sample_selftrain,per_sample_auroc,0.0,0.4167,1.0,4,,42,2026-08-24T22:39:24
diversify,TSB-U-STABLE_004_SEG_1680_561_YAHOO_id_11_WebService_t,U,STABLE,cosine_centroid,per_sample_selftrain,per_sample_auroc,0.75,0.8333,0.5,4,,42,2026-08-24T22:39:24
diversify,TSB-U-STABLE_009_SEG_1680_686_YAHOO_id_136_WebService_,U,STABLE,energy,per_sample_selftrain,per_sample_auroc,0.0,0.3655,1.0,8,,42,2026-08-24T22:39:25
diversify,TSB-U-STABLE_009_SEG_1680_686_YAHOO_id_136_WebService_,U,STABLE,cosine_centroid,per_sample_selftrain,per_sample_auroc,0.5625,0.6845,0.75,8,,42,2026-08-24T22:39:25
diversify,TSB-U-STABLE_010_SEG_18391_054_WSD_id_26_WebService_tr,U,STABLE,energy,per_sample_selftrain,per_sample_auroc,0.4375,0.5145,1.0,24,,42,2026-08-24T22:39:27
diversify,TSB-U-STABLE_010_SEG_18391_054_WSD_id_26_WebService_tr,U,STABLE,cosine_centroid,per_sample_selftrain,per_sample_auroc,0.6042,0.6586,1.0,24,,42,2026-08-24T22:39:27
diversify,TSB-U-STABLE_014_SEG_1680_555_YAHOO_id_5_WebService_tr,U,STABLE,energy,per_sample_selftrain,per_sample_auroc,0.0,0.3655,1.0,8,,42,2026-08-24T22:39:28
diversify,TSB-U-STABLE_014_SEG_1680_555_YAHOO_id_5_WebService_tr,U,STABLE,cosine_centroid,per_sample_selftrain,per_sample_auroc,0.8125,0.8542,0.5,8,,42,2026-08-24T22:39:28
diversify,TSB-U-STABLE_018_SEG_59000_490_UCR_id_188_Medical_tr_1,U,STABLE,energy,per_sample_selftrain,per_sample_auroc,0.4062,0.5029,1.0,16,,42,2026-08-24T22:39:46
diversify,TSB-U-STABLE_018_SEG_59000_490_UCR_id_188_Medical_tr_1,U,STABLE,cosine_centroid,per_sample_selftrain,per_sample_auroc,0.4062,0.4957,1.0,16,,42,2026-08-24T22:39:46
diversify,TSB-U-STABLE_021_SEG_10686_032_WSD_id_4_WebService_tr_,U,STABLE,energy,per_sample_selftrain,per_sample_auroc,0.7812,0.8661,0.875,16,,42,2026-08-24T22:39:48
diversify,TSB-U-STABLE_021_SEG_10686_032_WSD_id_4_WebService_tr_,U,STABLE,cosine_centroid,per_sample_selftrain,per_sample_auroc,0.4531,0.4944,1.0,16,,42,2026-08-24T22:39:48
diversify,TSB-U-STABLE_022_SEG_7415_371_UCR_id_69_Medical_tr_185,U,STABLE,energy,per_sample_selftrain,per_sample_auroc,0.3889,0.5608,0.8333,12,,42,2026-08-24T22:39:52
diversify,TSB-U-STABLE_022_SEG_7415_371_UCR_id_69_Medical_tr_185,U,STABLE,cosine_centroid,per_sample_selftrain,per_sample_auroc,0.6944,0.6458,0.5,12,,42,2026-08-24T22:39:52
diversify,TSB-U-STABLE_024_SEG_1461_622_YAHOO_id_72_WebService_t,U,STABLE,energy,per_sample_selftrain,per_sample_auroc,0.0,0.4167,1.0,4,,42,2026-08-24T22:39:53
diversify,TSB-U-STABLE_024_SEG_1461_622_YAHOO_id_72_WebService_t,U,STABLE,cosine_centroid,per_sample_selftrain,per_sample_auroc,1.0,1.0,0.0,4,,42,2026-08-24T22:39:53
diversify,TSB-U-STABLE_025_SEG_1421_584_YAHOO_id_34_Synthetic_tr,U,STABLE,energy,per_sample_selftrain,per_sample_auroc,0.4444,0.5333,0.6667,6,,42,2026-08-24T22:39:54
diversify,TSB-U-STABLE_025_SEG_1421_584_YAHOO_id_34_Synthetic_tr,U,STABLE,cosine_centroid,per_sample_selftrain,per_sample_auroc,1.0,1.0,0.0,6,,42,2026-08-24T22:39:54
diversify,TSB-U-STABLE_026_SEG_10028_366_UCR_id_64_Medical_tr_25,U,STABLE,energy,per_sample_selftrain,per_sample_auroc,1.0,1.0,0.0,12,,42,2026-08-24T22:39:58
diversify,TSB-U-STABLE_026_SEG_10028_366_UCR_id_64_Medical_tr_25,U,STABLE,cosine_centroid,per_sample_selftrain,per_sample_auroc,1.0,1.0,0.0,12,,42,2026-08-24T22:39:58
diversify,TSB-U-STABLE_031_SEG_1421_650_YAHOO_id_100_Synthetic_t,U,STABLE,energy,per_sample_selftrain,per_sample_auroc,0.8889,0.9167,0.3333,6,,42,2026-08-24T22:39:59
diversify,TSB-U-STABLE_031_SEG_1421_650_YAHOO_id_100_Synthetic_t,U,STABLE,cosine_centroid,per_sample_selftrain,per_sample_auroc,0.3333,0.5,1.0,6,,42,2026-08-24T22:39:59
diversify,TSB-U-STABLE_032_SEG_23703_212_SMD_id_35_Facility_tr_5,U,STABLE,energy,per_sample_selftrain,per_sample_auroc,0.6939,0.7357,1.0,14,,42,2026-08-24T22:40:06
diversify,TSB-U-STABLE_032_SEG_23703_212_SMD_id_35_Facility_tr_5,U,STABLE,cosine_centroid,per_sample_selftrain,per_sample_auroc,0.3061,0.4445,1.0,14,,42,2026-08-24T22:40:06
diversify,TSB-U-STABLE_033_SEG_1421_635_YAHOO_id_85_Synthetic_tr,U,STABLE,energy,per_sample_selftrain,per_sample_auroc,0.7778,0.8056,0.3333,6,,42,2026-08-24T22:40:07
diversify,TSB-U-STABLE_033_SEG_1421_635_YAHOO_id_85_Synthetic_tr,U,STABLE,cosine_centroid,per_sample_selftrain,per_sample_auroc,0.3333,0.6333,1.0,6,,42,2026-08-24T22:40:07
diversify,TSB-U-STABLE_036_SEG_18236_064_WSD_id_36_WebService_tr,U,STABLE,energy,per_sample_selftrain,per_sample_auroc,0.4375,0.625,1.0,8,,42,2026-08-24T22:40:12
diversify,TSB-U-STABLE_036_SEG_18236_064_WSD_id_36_WebService_tr,U,STABLE,cosine_centroid,per_sample_selftrain,per_sample_auroc,0.75,0.875,1.0,8,,42,2026-08-24T22:40:12
diversify,TSB-U-STABLE_038_SEG_60000_327_UCR_id_25_Medical_tr_15,U,STABLE,energy,per_sample_selftrain,per_sample_auroc,0.716,0.628,0.5556,18,,42,2026-08-24T22:40:32
diversify,TSB-U-STABLE_038_SEG_60000_327_UCR_id_25_Medical_tr_15,U,STABLE,cosine_centroid,per_sample_selftrain,per_sample_auroc,0.2593,0.4028,1.0,18,,42,2026-08-24T22:40:32
diversify,TSB-U-STABLE_039_SEG_1680_649_YAHOO_id_99_WebService_t,U,STABLE,energy,per_sample_selftrain,per_sample_auroc,0.0816,0.356,1.0,14,,42,2026-08-24T22:40:34
diversify,TSB-U-STABLE_039_SEG_1680_649_YAHOO_id_99_WebService_t,U,STABLE,cosine_centroid,per_sample_selftrain,per_sample_auroc,0.9184,0.9094,0.1429,14,,42,2026-08-24T22:40:34
diversify,TSB-U-STABLE_042_SEG_1680_637_YAHOO_id_87_WebService_t,U,STABLE,energy,per_sample_selftrain,per_sample_auroc,0.75,0.8333,0.5,4,,42,2026-08-24T22:40:35
diversify,TSB-U-STABLE_042_SEG_1680_637_YAHOO_id_87_WebService_t,U,STABLE,cosine_centroid,per_sample_selftrain,per_sample_auroc,0.75,0.8333,0.5,4,,42,2026-08-24T22:40:35
diversify,TSB-U-STABLE_044_SEG_18179_093_WSD_id_65_WebService_tr,U,STABLE,energy,per_sample_selftrain,per_sample_auroc,0.5,0.6076,0.8333,12,,42,2026-08-24T22:40:37
diversify,TSB-U-STABLE_044_SEG_18179_093_WSD_id_65_WebService_tr,U,STABLE,cosine_centroid,per_sample_selftrain,per_sample_auroc,0.6667,0.6802,0.6667,12,,42,2026-08-24T22:40:37
diversify,TSB-U-STABLE_045_SEG_18302_066_WSD_id_38_WebService_tr,U,STABLE,energy,per_sample_selftrain,per_sample_auroc,0.5586,0.679,1.0,32,,42,2026-08-24T22:40:40
diversify,TSB-U-STABLE_045_SEG_18302_066_WSD_id_38_WebService_tr,U,STABLE,cosine_centroid,per_sample_selftrain,per_sample_auroc,0.4492,0.5576,1.0,32,,42,2026-08-24T22:40:40
diversify,TSB-U-STABLE_046_SEG_1421_552_YAHOO_id_2_Synthetic_tr_,U,STABLE,energy,per_sample_selftrain,per_sample_auroc,0.1875,0.4125,1.0,8,,42,2026-08-24T22:40:41
diversify,TSB-U-STABLE_046_SEG_1421_552_YAHOO_id_2_Synthetic_tr_,U,STABLE,cosine_centroid,per_sample_selftrain,per_sample_auroc,0.3125,0.5821,1.0,8,,42,2026-08-24T22:40:41
diversify,TSB-U-STABLE_048_SEG_15736_111_WSD_id_83_WebService_tr,U,STABLE,energy,per_sample_selftrain,per_sample_auroc,0.1719,0.3766,1.0,16,,42,2026-08-24T22:40:45
diversify,TSB-U-STABLE_048_SEG_15736_111_WSD_id_83_WebService_tr,U,STABLE,cosine_centroid,per_sample_selftrain,per_sample_auroc,0.3438,0.4551,1.0,16,,42,2026-08-24T22:40:45
diversify,TSB-U-STABLE_049_SEG_1680_555_YAHOO_id_5_WebService_tr,U,STABLE,energy,per_sample_selftrain,per_sample_auroc,0.5625,0.6042,1.0,8,,42,2026-08-24T22:40:47
diversify,TSB-U-STABLE_049_SEG_1680_555_YAHOO_id_5_WebService_tr,U,STABLE,cosine_centroid,per_sample_selftrain,per_sample_auroc,0.75,0.7708,0.5,8,,42,2026-08-24T22:40:47
diversify,TSB-U-STABLE_050_SEG_89155_266_IOPS_id_7_WebService_tr,U,STABLE,energy,per_sample_selftrain,per_sample_auroc,0.45,0.5443,1.0,40,,42,2026-08-24T22:40:49
diversify,TSB-U-STABLE_050_SEG_89155_266_IOPS_id_7_WebService_tr,U,STABLE,cosine_centroid,per_sample_selftrain,per_sample_auroc,0.565,0.6243,0.9,40,,42,2026-08-24T22:40:49
diversify,TSB-U-STABLE_053_SEG_1680_716_YAHOO_id_166_WebService_,U,STABLE,energy,per_sample_selftrain,per_sample_auroc,0.3333,0.5,1.0,6,,42,2026-08-24T22:40:50
diversify,TSB-U-STABLE_053_SEG_1680_716_YAHOO_id_166_WebService_,U,STABLE,cosine_centroid,per_sample_selftrain,per_sample_auroc,1.0,1.0,0.0,6,,42,2026-08-24T22:40:50
diversify,TSB-U-STABLE_054_SEG_1421_639_YAHOO_id_89_Synthetic_tr,U,STABLE,energy,per_sample_selftrain,per_sample_auroc,0.0,0.4167,1.0,4,,42,2026-08-24T22:40:52
diversify,TSB-U-STABLE_054_SEG_1421_639_YAHOO_id_89_Synthetic_tr,U,STABLE,cosine_centroid,per_sample_selftrain,per_sample_auroc,1.0,1.0,0.0,4,,42,2026-08-24T22:40:52
diversify,TSB-U-STABLE_055_SEG_10001_374_UCR_id_72_Medical_tr_25,U,STABLE,energy,per_sample_selftrain,per_sample_auroc,0.75,0.875,1.0,8,,42,2026-08-24T22:40:55
diversify,TSB-U-STABLE_055_SEG_10001_374_UCR_id_72_Medical_tr_25,U,STABLE,cosine_centroid,per_sample_selftrain,per_sample_auroc,1.0,1.0,0.0,8,,42,2026-08-24T22:40:55
diversify,TSB-U-STABLE_058_SEG_298340_455_UCR_id_153_Facility_tr,U,STABLE,energy,per_sample_selftrain,per_sample_auroc,0.5992,0.6638,0.913,46,,42,2026-08-24T22:42:02
diversify,TSB-U-STABLE_058_SEG_298340_455_UCR_id_153_Facility_tr,U,STABLE,cosine_centroid,per_sample_selftrain,per_sample_auroc,0.5784,0.6086,1.0,46,,42,2026-08-24T22:42:02
diversify,TSB-U-STABLE_059_SEG_1421_576_YAHOO_id_26_Synthetic_tr,U,STABLE,energy,per_sample_selftrain,per_sample_auroc,0.1111,0.4111,1.0,6,,42,2026-08-24T22:42:04
diversify,TSB-U-STABLE_059_SEG_1421_576_YAHOO_id_26_Synthetic_tr,U,STABLE,cosine_centroid,per_sample_selftrain,per_sample_auroc,1.0,1.0,0.0,6,,42,2026-08-24T22:42:04
diversify,TSB-U-STABLE_061_SEG_7500_383_UCR_id_81_Medical_tr_187,U,STABLE,energy,per_sample_selftrain,per_sample_auroc,0.6111,0.5653,0.5,12,,42,2026-08-24T22:42:07
diversify,TSB-U-STABLE_061_SEG_7500_383_UCR_id_81_Medical_tr_187,U,STABLE,cosine_centroid,per_sample_selftrain,per_sample_auroc,0.5278,0.6045,0.6667,12,,42,2026-08-24T22:42:07
diversify,TSB-U-STABLE_063_SEG_190001_375_UCR_id_73_Medical_tr_4,U,STABLE,energy,per_sample_selftrain,per_sample_auroc,0.2449,0.4078,1.0,14,,42,2026-08-24T22:42:55
diversify,TSB-U-STABLE_063_SEG_190001_375_UCR_id_73_Medical_tr_4,U,STABLE,cosine_centroid,per_sample_selftrain,per_sample_auroc,0.6735,0.6901,0.7143,14,,42,2026-08-24T22:42:55
diversify,TSB-U-STABLE_066_SEG_1421_578_YAHOO_id_28_Synthetic_tr,U,STABLE,energy,per_sample_selftrain,per_sample_auroc,0.4444,0.5333,0.6667,6,,42,2026-08-24T22:42:57
diversify,TSB-U-STABLE_066_SEG_1421_578_YAHOO_id_28_Synthetic_tr,U,STABLE,cosine_centroid,per_sample_selftrain,per_sample_auroc,1.0,1.0,0.0,6,,42,2026-08-24T22:42:57
diversify,TSB-U-STABLE_067_SEG_199753_487_UCR_id_185_Medical_tr_,U,STABLE,energy,per_sample_selftrain,per_sample_auroc,0.4959,0.6102,0.9091,22,,42,2026-08-24T22:44:13
diversify,TSB-U-STABLE_067_SEG_199753_487_UCR_id_185_Medical_tr_,U,STABLE,cosine_centroid,per_sample_selftrain,per_sample_auroc,0.5785,0.6702,0.9091,22,,42,2026-08-24T22:44:13
diversify,TSB-U-STABLE_068_SEG_1421_611_YAHOO_id_61_Synthetic_tr,U,STABLE,energy,per_sample_selftrain,per_sample_auroc,0.4444,0.5333,0.6667,6,,42,2026-08-24T22:44:14
diversify,TSB-U-STABLE_068_SEG_1421_611_YAHOO_id_61_Synthetic_tr,U,STABLE,cosine_centroid,per_sample_selftrain,per_sample_auroc,0.4444,0.5556,1.0,6,,42,2026-08-24T22:44:14
diversify,TSB-U-STABLE_069_SEG_15285_076_WSD_id_48_WebService_tr,U,STABLE,energy,per_sample_selftrain,per_sample_auroc,0.3333,0.4114,0.9167,24,,42,2026-08-24T22:44:18
diversify,TSB-U-STABLE_069_SEG_15285_076_WSD_id_48_WebService_tr,U,STABLE,cosine_centroid,per_sample_selftrain,per_sample_auroc,0.4583,0.4609,0.6667,24,,42,2026-08-24T22:44:18
diversify,TSB-U-STABLE_071_SEG_18391_054_WSD_id_26_WebService_tr,U,STABLE,energy,per_sample_selftrain,per_sample_auroc,0.4028,0.4843,1.0,24,,42,2026-08-24T22:44:20
diversify,TSB-U-STABLE_071_SEG_18391_054_WSD_id_26_WebService_tr,U,STABLE,cosine_centroid,per_sample_selftrain,per_sample_auroc,0.6667,0.6451,1.0,24,,42,2026-08-24T22:44:20
diversify,TSB-U-STABLE_073_SEG_1461_667_YAHOO_id_117_WebService_,U,STABLE,energy,per_sample_selftrain,per_sample_auroc,0.0,0.4167,1.0,4,,42,2026-08-24T22:44:21
diversify,TSB-U-STABLE_073_SEG_1461_667_YAHOO_id_117_WebService_,U,STABLE,cosine_centroid,per_sample_selftrain,per_sample_auroc,0.0,0.4167,1.0,4,,42,2026-08-24T22:44:21
diversify,TSB-U-STABLE_074_SEG_1680_577_YAHOO_id_27_WebService_t,U,STABLE,energy,per_sample_selftrain,per_sample_auroc,0.5556,0.5889,0.6667,6,,42,2026-08-24T22:44:22
diversify,TSB-U-STABLE_074_SEG_1680_577_YAHOO_id_27_WebService_t,U,STABLE,cosine_centroid,per_sample_selftrain,per_sample_auroc,0.5556,0.7222,1.0,6,,42,2026-08-24T22:44:22
diversify,TSB-U-STABLE_076_SEG_29950_460_UCR_id_158_Medical_tr_7,U,STABLE,energy,per_sample_selftrain,per_sample_auroc,0.2479,0.3871,0.9091,22,,42,2026-08-24T22:44:33
diversify,TSB-U-STABLE_076_SEG_29950_460_UCR_id_158_Medical_tr_7,U,STABLE,cosine_centroid,per_sample_selftrain,per_sample_auroc,0.2727,0.3964,0.7273,22,,42,2026-08-24T22:44:33
diversify,TSB-U-STABLE_077_SEG_1421_605_YAHOO_id_55_Synthetic_tr,U,STABLE,energy,per_sample_selftrain,per_sample_auroc,0.25,0.5,1.0,4,,42,2026-08-24T22:44:34
diversify,TSB-U-STABLE_077_SEG_1421_605_YAHOO_id_55_Synthetic_tr,U,STABLE,cosine_centroid,per_sample_selftrain,per_sample_auroc,0.75,0.8333,0.5,4,,42,2026-08-24T22:44:34
diversify,TSB-U-STABLE_079_SEG_9057_847_OPPORTUNITY_id_6_HumanAc,U,STABLE,energy,per_sample_selftrain,per_sample_auroc,0.48,0.5254,0.8,10,,42,2026-08-24T22:44:36
diversify,TSB-U-STABLE_079_SEG_9057_847_OPPORTUNITY_id_6_HumanAc,U,STABLE,cosine_centroid,per_sample_selftrain,per_sample_auroc,0.52,0.6254,0.8,10,,42,2026-08-24T22:44:36
diversify,TSB-U-STABLE_081_SEG_1420_723_YAHOO_id_173_WebService_,U,STABLE,energy,per_sample_selftrain,per_sample_auroc,0.4167,0.475,0.8333,12,,42,2026-08-24T22:44:37
diversify,TSB-U-STABLE_081_SEG_1420_723_YAHOO_id_173_WebService_,U,STABLE,cosine_centroid,per_sample_selftrain,per_sample_auroc,0.6111,0.7121,0.8333,12,,42,2026-08-24T22:44:37
diversify,TSB-U-STABLE_082_SEG_29859_351_UCR_id_49_Medical_tr_74,U,STABLE,energy,per_sample_selftrain,per_sample_auroc,0.5781,0.6779,0.875,16,,42,2026-08-24T22:44:44
diversify,TSB-U-STABLE_082_SEG_29859_351_UCR_id_49_Medical_tr_74,U,STABLE,cosine_centroid,per_sample_selftrain,per_sample_auroc,0.2656,0.4971,1.0,16,,42,2026-08-24T22:44:44
diversify,TSB-U-STABLE_083_SEG_1680_574_YAHOO_id_24_WebService_t,U,STABLE,energy,per_sample_selftrain,per_sample_auroc,,,,7,,42,2026-08-24T22:44:45
diversify,TSB-U-STABLE_083_SEG_1680_574_YAHOO_id_24_WebService_t,U,STABLE,cosine_centroid,per_sample_selftrain,per_sample_auroc,,,,7,,42,2026-08-24T22:44:45
diversify,TSB-U-STABLE_085_SEG_1680_561_YAHOO_id_11_WebService_t,U,STABLE,energy,per_sample_selftrain,per_sample_auroc,0.0,0.4167,1.0,4,,42,2026-08-24T22:44:47
diversify,TSB-U-STABLE_085_SEG_1680_561_YAHOO_id_11_WebService_t,U,STABLE,cosine_centroid,per_sample_selftrain,per_sample_auroc,1.0,1.0,0.0,4,,42,2026-08-24T22:44:47
diversify,TSB-U-STABLE_086_SEG_1680_574_YAHOO_id_24_WebService_t,U,STABLE,energy,per_sample_selftrain,per_sample_auroc,,,,2,,42,2026-08-24T22:44:48
diversify,TSB-U-STABLE_086_SEG_1680_574_YAHOO_id_24_WebService_t,U,STABLE,cosine_centroid,per_sample_selftrain,per_sample_auroc,,,,2,,42,2026-08-24T22:44:48
diversify,TSB-U-STABLE_090_SEG_7501_486_UCR_id_184_Medical_tr_18,U,STABLE,energy,per_sample_selftrain,per_sample_auroc,0.125,0.3946,1.0,8,,42,2026-08-24T22:44:50
diversify,TSB-U-STABLE_090_SEG_7501_486_UCR_id_184_Medical_tr_18,U,STABLE,cosine_centroid,per_sample_selftrain,per_sample_auroc,0.6875,0.6458,0.5,8,,42,2026-08-24T22:44:50
diversify,TSB-U-STABLE_094_SEG_18236_067_WSD_id_39_WebService_tr,U,STABLE,energy,per_sample_selftrain,per_sample_auroc,0.3778,0.4831,0.9333,30,,42,2026-08-24T22:44:55
diversify,TSB-U-STABLE_094_SEG_18236_067_WSD_id_39_WebService_tr,U,STABLE,cosine_centroid,per_sample_selftrain,per_sample_auroc,0.6178,0.6353,1.0,30,,42,2026-08-24T22:44:55
diversify,TSB-U-STABLE_095_SEG_80001_308_UCR_id_6_Facility_tr_20,U,STABLE,energy,per_sample_selftrain,per_sample_auroc,0.6982,0.8114,1.0,26,,42,2026-08-24T22:45:15
diversify,TSB-U-STABLE_095_SEG_80001_308_UCR_id_6_Facility_tr_20,U,STABLE,cosine_centroid,per_sample_selftrain,per_sample_auroc,0.1834,0.3659,1.0,26,,42,2026-08-24T22:45:15
diversify,TSB-U-STABLE_096_SEG_30000_363_UCR_id_61_Medical_tr_75,U,STABLE,energy,per_sample_selftrain,per_sample_auroc,0.6667,0.7272,0.5,12,,42,2026-08-24T22:45:21
diversify,TSB-U-STABLE_096_SEG_30000_363_UCR_id_61_Medical_tr_75,U,STABLE,cosine_centroid,per_sample_selftrain,per_sample_auroc,0.6667,0.594,0.3333,12,,42,2026-08-24T22:45:21
diversify,TSB-U-STABLE_097_SEG_7415_371_UCR_id_69_Medical_tr_185,U,STABLE,energy,per_sample_selftrain,per_sample_auroc,0.6875,0.7518,1.0,16,,42,2026-08-24T22:45:24
diversify,TSB-U-STABLE_097_SEG_7415_371_UCR_id_69_Medical_tr_185,U,STABLE,cosine_centroid,per_sample_selftrain,per_sample_auroc,0.5,0.4984,0.875,16,,42,2026-08-24T22:45:24
diversify,TSB-U-STABLE_098_SEG_1680_686_YAHOO_id_136_WebService_,U,STABLE,energy,per_sample_selftrain,per_sample_auroc,0.0625,0.378,1.0,8,,42,2026-08-24T22:45:25
diversify,TSB-U-STABLE_098_SEG_1680_686_YAHOO_id_136_WebService_,U,STABLE,cosine_centroid,per_sample_selftrain,per_sample_auroc,0.6875,0.7333,0.5,8,,42,2026-08-24T22:45:25
diversify,TSB-M-DRIFT_001_SEG_450000_031_MITDB_id_13_Medical_tr_,M,DRIFT,energy,per_sample_selftrain,per_sample_auroc,0.5793,0.4911,0.5376,372,,42,2026-08-26T08:43:34
diversify,TSB-M-DRIFT_001_SEG_450000_031_MITDB_id_13_Medical_tr_,M,DRIFT,cosine_centroid,per_sample_selftrain,per_sample_auroc,0.1144,0.3266,0.9892,372,,42,2026-08-26T08:43:34
diversify,TSB-M-DRIFT_006_SEG_200000_024_MITDB_id_6_Medical_tr_5,M,DRIFT,energy,per_sample_selftrain,per_sample_auroc,0.101,0.3215,1.0,274,,42,2026-08-26T08:43:43
diversify,TSB-M-DRIFT_006_SEG_200000_024_MITDB_id_6_Medical_tr_5,M,DRIFT,cosine_centroid,per_sample_selftrain,per_sample_auroc,0.315,0.3788,0.8248,274,,42,2026-08-26T08:43:44
diversify,TSB-M-DRIFT_007_SEG_300000_022_MITDB_id_4_Medical_tr_5,M,DRIFT,energy,per_sample_selftrain,per_sample_auroc,0.967,0.972,0.3307,254,,42,2026-08-26T08:43:55
diversify,TSB-M-DRIFT_007_SEG_300000_022_MITDB_id_4_Medical_tr_5,M,DRIFT,cosine_centroid,per_sample_selftrain,per_sample_auroc,0.0349,0.3119,1.0,254,,42,2026-08-26T08:43:55
diversify,TSB-M-DRIFT_008_SEG_500000_021_MITDB_id_3_Medical_tr_5,M,DRIFT,energy,per_sample_selftrain,per_sample_auroc,0.2553,0.3652,0.8519,270,,42,2026-08-26T08:44:05
diversify,TSB-M-DRIFT_008_SEG_500000_021_MITDB_id_3_Medical_tr_5,M,DRIFT,cosine_centroid,per_sample_selftrain,per_sample_auroc,0.5854,0.5133,0.7778,270,,42,2026-08-26T08:44:05
diversify,TSB-M-DRIFT_011_SEG_100000_079_LTDB_id_1_Medical_tr_36,M,DRIFT,energy,per_sample_selftrain,per_sample_auroc,0.679,0.7463,0.7778,18,,42,2026-08-26T08:44:07
diversify,TSB-M-DRIFT_011_SEG_100000_079_LTDB_id_1_Medical_tr_36,M,DRIFT,cosine_centroid,per_sample_selftrain,per_sample_auroc,0.8148,0.7232,0.3333,18,,42,2026-08-26T08:44:07
diversify,TSB-M-DRIFT_012_SEG_100000_083_LTDB_id_5_Medical_tr_15,M,DRIFT,energy,per_sample_selftrain,per_sample_auroc,0.7166,0.7895,0.9189,74,,42,2026-08-26T08:44:11
diversify,TSB-M-DRIFT_012_SEG_100000_083_LTDB_id_5_Medical_tr_15,M,DRIFT,cosine_centroid,per_sample_selftrain,per_sample_auroc,0.691,0.6682,0.7027,74,,42,2026-08-26T08:44:11
diversify,TSB-M-DRIFT_013_SEG_620000_030_MITDB_id_12_Medical_tr_,M,DRIFT,energy,per_sample_selftrain,per_sample_auroc,0.6407,0.5348,0.7136,398,,42,2026-08-26T08:44:23
diversify,TSB-M-DRIFT_013_SEG_620000_030_MITDB_id_12_Medical_tr_,M,DRIFT,cosine_centroid,per_sample_selftrain,per_sample_auroc,0.3912,0.4336,0.9799,398,,42,2026-08-26T08:44:23
diversify,TSB-M-DRIFT_015_SEG_620000_030_MITDB_id_12_Medical_tr_,M,DRIFT,energy,per_sample_selftrain,per_sample_auroc,0.4998,0.4628,0.9397,398,,42,2026-08-26T08:44:40
diversify,TSB-M-DRIFT_015_SEG_620000_030_MITDB_id_12_Medical_tr_,M,DRIFT,cosine_centroid,per_sample_selftrain,per_sample_auroc,0.2319,0.3597,0.995,398,,42,2026-08-26T08:44:40
diversify,TSB-M-DRIFT_017_SEG_150000_019_MITDB_id_1_Medical_tr_3,M,DRIFT,energy,per_sample_selftrain,per_sample_auroc,0.2291,0.3537,0.9008,484,,42,2026-08-26T08:44:57
diversify,TSB-M-DRIFT_017_SEG_150000_019_MITDB_id_1_Medical_tr_3,M,DRIFT,cosine_centroid,per_sample_selftrain,per_sample_auroc,0.4867,0.4693,0.9835,484,,42,2026-08-26T08:44:57
diversify,TSB-M-DRIFT_018_SEG_150000_019_MITDB_id_1_Medical_tr_3,M,DRIFT,energy,per_sample_selftrain,per_sample_auroc,0.3495,0.39,0.8347,484,,42,2026-08-26T08:45:15
diversify,TSB-M-DRIFT_018_SEG_150000_019_MITDB_id_1_Medical_tr_3,M,DRIFT,cosine_centroid,per_sample_selftrain,per_sample_auroc,0.2794,0.3667,0.9256,484,,42,2026-08-26T08:45:15
diversify,TSB-M-DRIFT_019_SEG_650000_020_MITDB_id_2_Medical_tr_5,M,DRIFT,energy,per_sample_selftrain,per_sample_auroc,0.6509,0.5394,0.4959,246,,42,2026-08-26T08:45:24
diversify,TSB-M-DRIFT_019_SEG_650000_020_MITDB_id_2_Medical_tr_5,M,DRIFT,cosine_centroid,per_sample_selftrain,per_sample_auroc,0.4912,0.4476,0.7805,246,,42,2026-08-26T08:45:24
diversify,TSB-M-DRIFT_020_SEG_300000_022_MITDB_id_4_Medical_tr_5,M,DRIFT,energy,per_sample_selftrain,per_sample_auroc,0.7611,0.7131,0.4724,254,,42,2026-08-26T08:45:34
diversify,TSB-M-DRIFT_020_SEG_300000_022_MITDB_id_4_Medical_tr_5,M,DRIFT,cosine_centroid,per_sample_selftrain,per_sample_auroc,0.344,0.3928,0.9606,254,,42,2026-08-26T08:45:34
diversify,TSB-M-DRIFT_022_SEG_600000_029_MITDB_id_11_Medical_tr_,M,DRIFT,energy,per_sample_selftrain,per_sample_auroc,0.6078,0.5616,0.7464,276,,42,2026-08-26T08:46:45
diversify,TSB-M-DRIFT_022_SEG_600000_029_MITDB_id_11_Medical_tr_,M,DRIFT,cosine_centroid,per_sample_selftrain,per_sample_auroc,0.433,0.487,0.913,276,,42,2026-08-26T08:46:45
diversify,TSB-M-DRIFT_023_SEG_620000_030_MITDB_id_12_Medical_tr_,M,DRIFT,energy,per_sample_selftrain,per_sample_auroc,0.4487,0.4519,0.9447,398,,42,2026-08-26T08:46:57
diversify,TSB-M-DRIFT_023_SEG_620000_030_MITDB_id_12_Medical_tr_,M,DRIFT,cosine_centroid,per_sample_selftrain,per_sample_auroc,0.3584,0.4146,0.9899,398,,42,2026-08-26T08:46:57
diversify,TSB-M-DRIFT_025_SEG_620000_030_MITDB_id_12_Medical_tr_,M,DRIFT,energy,per_sample_selftrain,per_sample_auroc,0.5039,0.4775,0.8794,398,,42,2026-08-26T08:47:09
diversify,TSB-M-DRIFT_025_SEG_620000_030_MITDB_id_12_Medical_tr_,M,DRIFT,cosine_centroid,per_sample_selftrain,per_sample_auroc,0.3447,0.4125,0.995,398,,42,2026-08-26T08:47:09
diversify,TSB-M-DRIFT_028_SEG_450000_031_MITDB_id_13_Medical_tr_,M,DRIFT,energy,per_sample_selftrain,per_sample_auroc,0.5459,0.4991,0.9577,284,,42,2026-08-26T08:47:20
diversify,TSB-M-DRIFT_028_SEG_450000_031_MITDB_id_13_Medical_tr_,M,DRIFT,cosine_centroid,per_sample_selftrain,per_sample_auroc,0.282,0.3761,0.9859,284,,42,2026-08-26T08:47:20
diversify,TSB-M-DRIFT_030_SEG_100000_083_LTDB_id_5_Medical_tr_15,M,DRIFT,energy,per_sample_selftrain,per_sample_auroc,0.5047,0.5611,1.0,74,,42,2026-08-26T08:47:23
diversify,TSB-M-DRIFT_030_SEG_100000_083_LTDB_id_5_Medical_tr_15,M,DRIFT,cosine_centroid,per_sample_selftrain,per_sample_auroc,0.8473,0.898,0.7838,74,,42,2026-08-26T08:47:23
diversify,TSB-M-DRIFT_031_SEG_400000_026_MITDB_id_8_Medical_tr_3,M,DRIFT,energy,per_sample_selftrain,per_sample_auroc,0.6671,0.5834,0.6667,144,,42,2026-08-26T08:47:31
diversify,TSB-M-DRIFT_031_SEG_400000_026_MITDB_id_8_Medical_tr_3,M,DRIFT,cosine_centroid,per_sample_selftrain,per_sample_auroc,0.1046,0.3371,1.0,144,,42,2026-08-26T08:47:31
diversify,TSB-M-DRIFT_032_SEG_300000_022_MITDB_id_4_Medical_tr_5,M,DRIFT,energy,per_sample_selftrain,per_sample_auroc,0.9134,0.8547,0.378,254,,42,2026-08-26T08:47:40
diversify,TSB-M-DRIFT_032_SEG_300000_022_MITDB_id_4_Medical_tr_5,M,DRIFT,cosine_centroid,per_sample_selftrain,per_sample_auroc,0.1714,0.3419,0.9921,254,,42,2026-08-26T08:47:40
diversify,TSB-M-DRIFT_033_SEG_100000_027_MITDB_id_9_Medical_tr_2,M,DRIFT,energy,per_sample_selftrain,per_sample_auroc,0.6358,0.5382,0.3889,36,,42,2026-08-26T08:47:47
diversify,TSB-M-DRIFT_033_SEG_100000_027_MITDB_id_9_Medical_tr_2,M,DRIFT,cosine_centroid,per_sample_selftrain,per_sample_auroc,0.3426,0.406,1.0,36,,42,2026-08-26T08:47:48
diversify,TSB-M-DRIFT_035_SEG_200000_024_MITDB_id_6_Medical_tr_5,M,DRIFT,energy,per_sample_selftrain,per_sample_auroc,0.115,0.3574,1.0,116,,42,2026-08-26T08:47:58
diversify,TSB-M-DRIFT_035_SEG_200000_024_MITDB_id_6_Medical_tr_5,M,DRIFT,cosine_centroid,per_sample_selftrain,per_sample_auroc,0.4533,0.4451,0.7759,116,,42,2026-08-26T08:47:58
diversify,TSB-M-DRIFT_038_SEG_500000_021_MITDB_id_3_Medical_tr_5,M,DRIFT,energy,per_sample_selftrain,per_sample_auroc,0.2495,0.3637,0.8444,270,,42,2026-08-26T08:48:06
diversify,TSB-M-DRIFT_038_SEG_500000_021_MITDB_id_3_Medical_tr_5,M,DRIFT,cosine_centroid,per_sample_selftrain,per_sample_auroc,0.6059,0.5177,0.6889,270,,42,2026-08-26T08:48:07
diversify,TSB-M-DRIFT_039_SEG_100000_079_LTDB_id_1_Medical_tr_36,M,DRIFT,energy,per_sample_selftrain,per_sample_auroc,0.8889,0.9108,0.4444,18,,42,2026-08-26T08:48:08
diversify,TSB-M-DRIFT_039_SEG_100000_079_LTDB_id_1_Medical_tr_36,M,DRIFT,cosine_centroid,per_sample_selftrain,per_sample_auroc,0.9012,0.9051,0.2222,18,,42,2026-08-26T08:48:08
diversify,TSB-M-DRIFT_040_SEG_100000_083_LTDB_id_5_Medical_tr_15,M,DRIFT,energy,per_sample_selftrain,per_sample_auroc,0.4229,0.5276,0.973,74,,42,2026-08-26T08:48:11
diversify,TSB-M-DRIFT_040_SEG_100000_083_LTDB_id_5_Medical_tr_15,M,DRIFT,cosine_centroid,per_sample_selftrain,per_sample_auroc,0.9949,0.9949,0.027,74,,42,2026-08-26T08:48:11
diversify,TSB-M-DRIFT_041_SEG_150000_025_MITDB_id_7_Medical_tr_3,M,DRIFT,energy,per_sample_selftrain,per_sample_auroc,0.4754,0.4385,0.555,418,,42,2026-08-26T08:48:23
diversify,TSB-M-DRIFT_041_SEG_150000_025_MITDB_id_7_Medical_tr_3,M,DRIFT,cosine_centroid,per_sample_selftrain,per_sample_auroc,0.0465,0.3168,1.0,418,,42,2026-08-26T08:48:23
diversify,TSB-M-DRIFT_043_SEG_500000_021_MITDB_id_3_Medical_tr_5,M,DRIFT,energy,per_sample_selftrain,per_sample_auroc,0.2469,0.3621,0.8444,270,,42,2026-08-26T08:48:32
diversify,TSB-M-DRIFT_043_SEG_500000_021_MITDB_id_3_Medical_tr_5,M,DRIFT,cosine_centroid,per_sample_selftrain,per_sample_auroc,0.6109,0.543,0.7778,270,,42,2026-08-26T08:48:32
diversify,TSB-M-DRIFT_053_SEG_200000_024_MITDB_id_6_Medical_tr_5,M,DRIFT,energy,per_sample_selftrain,per_sample_auroc,0.0049,0.3089,1.0,274,,42,2026-08-26T08:48:40
diversify,TSB-M-DRIFT_053_SEG_200000_024_MITDB_id_6_Medical_tr_5,M,DRIFT,cosine_centroid,per_sample_selftrain,per_sample_auroc,0.2144,0.3533,0.8613,274,,42,2026-08-26T08:48:40
diversify,TSB-M-DRIFT_054_SEG_150000_019_MITDB_id_1_Medical_tr_3,M,DRIFT,energy,per_sample_selftrain,per_sample_auroc,0.3919,0.418,0.9149,376,,42,2026-08-26T08:48:55
diversify,TSB-M-DRIFT_054_SEG_150000_019_MITDB_id_1_Medical_tr_3,M,DRIFT,cosine_centroid,per_sample_selftrain,per_sample_auroc,0.3941,0.4286,0.984,376,,42,2026-08-26T08:48:55
diversify,TSB-M-DRIFT_057_SEG_500000_021_MITDB_id_3_Medical_tr_5,M,DRIFT,energy,per_sample_selftrain,per_sample_auroc,0.2616,0.3654,0.8222,270,,42,2026-08-26T08:49:03
diversify,TSB-M-DRIFT_057_SEG_500000_021_MITDB_id_3_Medical_tr_5,M,DRIFT,cosine_centroid,per_sample_selftrain,per_sample_auroc,0.5968,0.5393,0.8222,270,,42,2026-08-26T08:49:03
diversify,TSB-M-DRIFT_058_SEG_400000_026_MITDB_id_8_Medical_tr_3,M,DRIFT,energy,per_sample_selftrain,per_sample_auroc,0.6636,0.5542,0.6528,144,,42,2026-08-26T08:49:08
diversify,TSB-M-DRIFT_058_SEG_400000_026_MITDB_id_8_Medical_tr_3,M,DRIFT,cosine_centroid,per_sample_selftrain,per_sample_auroc,0.022,0.3125,1.0,144,,42,2026-08-26T08:49:08
diversify,TSB-M-DRIFT_060_SEG_620000_030_MITDB_id_12_Medical_tr_,M,DRIFT,energy,per_sample_selftrain,per_sample_auroc,0.4933,0.4786,0.8794,398,,42,2026-08-26T08:49:21
diversify,TSB-M-DRIFT_060_SEG_620000_030_MITDB_id_12_Medical_tr_,M,DRIFT,cosine_centroid,per_sample_selftrain,per_sample_auroc,0.3542,0.4193,0.9799,398,,42,2026-08-26T08:49:21
diversify,TSB-M-DRIFT_061_SEG_200000_024_MITDB_id_6_Medical_tr_5,M,DRIFT,energy,per_sample_selftrain,per_sample_auroc,0.0328,0.3106,1.0,274,,42,2026-08-26T08:49:30
diversify,TSB-M-DRIFT_061_SEG_200000_024_MITDB_id_6_Medical_tr_5,M,DRIFT,cosine_centroid,per_sample_selftrain,per_sample_auroc,0.1964,0.3482,0.8832,274,,42,2026-08-26T08:49:30
diversify,TSB-M-DRIFT_062_SEG_450000_031_MITDB_id_13_Medical_tr_,M,DRIFT,energy,per_sample_selftrain,per_sample_auroc,0.5941,0.5027,0.5161,372,,42,2026-08-26T08:49:45
diversify,TSB-M-DRIFT_062_SEG_450000_031_MITDB_id_13_Medical_tr_,M,DRIFT,cosine_centroid,per_sample_selftrain,per_sample_auroc,0.1279,0.3295,0.9892,372,,42,2026-08-26T08:49:45
diversify,TSB-M-DRIFT_065_SEG_620000_030_MITDB_id_12_Medical_tr_,M,DRIFT,energy,per_sample_selftrain,per_sample_auroc,0.6119,0.5088,0.5829,398,,42,2026-08-26T08:50:03
diversify,TSB-M-DRIFT_065_SEG_620000_030_MITDB_id_12_Medical_tr_,M,DRIFT,cosine_centroid,per_sample_selftrain,per_sample_auroc,0.1839,0.3428,0.995,398,,42,2026-08-26T08:50:03
diversify,TSB-M-DRIFT_066_SEG_300000_022_MITDB_id_4_Medical_tr_5,M,DRIFT,energy,per_sample_selftrain,per_sample_auroc,0.8977,0.8127,0.3701,254,,42,2026-08-26T08:50:14
diversify,TSB-M-DRIFT_066_SEG_300000_022_MITDB_id_4_Medical_tr_5,M,DRIFT,cosine_centroid,per_sample_selftrain,per_sample_auroc,0.263,0.3677,0.8583,254,,42,2026-08-26T08:50:14
diversify,TSB-M-DRIFT_067_SEG_650000_020_MITDB_id_2_Medical_tr_5,M,DRIFT,energy,per_sample_selftrain,per_sample_auroc,0.4247,0.4225,0.7724,246,,42,2026-08-26T08:50:22
diversify,TSB-M-DRIFT_067_SEG_650000_020_MITDB_id_2_Medical_tr_5,M,DRIFT,cosine_centroid,per_sample_selftrain,per_sample_auroc,0.155,0.3376,0.9512,246,,42,2026-08-26T08:50:22
diversify,TSB-M-DRIFT_069_SEG_450000_031_MITDB_id_13_Medical_tr_,M,DRIFT,energy,per_sample_selftrain,per_sample_auroc,0.5249,0.4819,0.5914,372,,42,2026-08-26T08:50:35
diversify,TSB-M-DRIFT_069_SEG_450000_031_MITDB_id_13_Medical_tr_,M,DRIFT,cosine_centroid,per_sample_selftrain,per_sample_auroc,0.15,0.3328,0.9892,372,,42,2026-08-26T08:50:35
diversify,TSB-M-DRIFT_070_SEG_300000_022_MITDB_id_4_Medical_tr_5,M,DRIFT,energy,per_sample_selftrain,per_sample_auroc,0.7659,0.7052,0.5512,254,,42,2026-08-26T08:50:45
diversify,TSB-M-DRIFT_070_SEG_300000_022_MITDB_id_4_Medical_tr_5,M,DRIFT,cosine_centroid,per_sample_selftrain,per_sample_auroc,0.2285,0.357,0.9921,254,,42,2026-08-26T08:50:45
diversify,TSB-M-DRIFT_071_SEG_200000_024_MITDB_id_6_Medical_tr_5,M,DRIFT,energy,per_sample_selftrain,per_sample_auroc,0.13,0.4278,1.0,20,,42,2026-08-26T08:50:53
diversify,TSB-M-DRIFT_071_SEG_200000_024_MITDB_id_6_Medical_tr_5,M,DRIFT,cosine_centroid,per_sample_selftrain,per_sample_auroc,0.33,0.415,0.9,20,,42,2026-08-26T08:50:53
diversify,TSB-M-DRIFT_072_SEG_100000_083_LTDB_id_5_Medical_tr_15,M,DRIFT,energy,per_sample_selftrain,per_sample_auroc,0.851,0.8607,0.8378,74,,42,2026-08-26T08:50:56
diversify,TSB-M-DRIFT_072_SEG_100000_083_LTDB_id_5_Medical_tr_15,M,DRIFT,cosine_centroid,per_sample_selftrain,per_sample_auroc,0.9766,0.9768,0.1351,74,,42,2026-08-26T08:50:56
diversify,TSB-M-DRIFT_074_SEG_650000_020_MITDB_id_2_Medical_tr_5,M,DRIFT,energy,per_sample_selftrain,per_sample_auroc,0.6309,0.5266,0.5041,242,,42,2026-08-26T08:51:03
diversify,TSB-M-DRIFT_074_SEG_650000_020_MITDB_id_2_Medical_tr_5,M,DRIFT,cosine_centroid,per_sample_selftrain,per_sample_auroc,0.4968,0.4486,0.7851,242,,42,2026-08-26T08:51:04
diversify,TSB-M-DRIFT_077_SEG_100000_027_MITDB_id_9_Medical_tr_2,M,DRIFT,energy,per_sample_selftrain,per_sample_auroc,0.6764,0.5487,0.4146,246,,42,2026-08-26T08:51:12
diversify,TSB-M-DRIFT_077_SEG_100000_027_MITDB_id_9_Medical_tr_2,M,DRIFT,cosine_centroid,per_sample_selftrain,per_sample_auroc,0.3935,0.4091,0.6992,246,,42,2026-08-26T08:51:12
diversify,TSB-M-DRIFT_078_SEG_450000_031_MITDB_id_13_Medical_tr_,M,DRIFT,energy,per_sample_selftrain,per_sample_auroc,0.6137,0.5417,0.5269,372,,42,2026-08-26T08:51:23
diversify,TSB-M-DRIFT_078_SEG_450000_031_MITDB_id_13_Medical_tr_,M,DRIFT,cosine_centroid,per_sample_selftrain,per_sample_auroc,0.1523,0.3336,0.9892,372,,42,2026-08-26T08:51:23
diversify,TSB-M-DRIFT_079_SEG_400000_026_MITDB_id_8_Medical_tr_3,M,DRIFT,energy,per_sample_selftrain,per_sample_auroc,0.6572,0.5579,0.6528,144,,42,2026-08-26T08:51:28
diversify,TSB-M-DRIFT_079_SEG_400000_026_MITDB_id_8_Medical_tr_3,M,DRIFT,cosine_centroid,per_sample_selftrain,per_sample_auroc,0.0808,0.3215,1.0,144,,42,2026-08-26T08:51:28
diversify,TSB-M-DRIFT_081_SEG_400000_026_MITDB_id_8_Medical_tr_3,M,DRIFT,energy,per_sample_selftrain,per_sample_auroc,0.6306,0.6279,0.7361,144,,42,2026-08-26T08:51:33
diversify,TSB-M-DRIFT_081_SEG_400000_026_MITDB_id_8_Medical_tr_3,M,DRIFT,cosine_centroid,per_sample_selftrain,per_sample_auroc,0.3904,0.5465,1.0,144,,42,2026-08-26T08:51:33
diversify,TSB-M-DRIFT_083_SEG_300000_022_MITDB_id_4_Medical_tr_5,M,DRIFT,energy,per_sample_selftrain,per_sample_auroc,0.7744,0.7067,0.4488,254,,42,2026-08-26T08:51:41
diversify,TSB-M-DRIFT_083_SEG_300000_022_MITDB_id_4_Medical_tr_5,M,DRIFT,cosine_centroid,per_sample_selftrain,per_sample_auroc,0.3541,0.3922,0.7717,254,,42,2026-08-26T08:51:41
diversify,TSB-M-DRIFT_084_SEG_200000_024_MITDB_id_6_Medical_tr_5,M,DRIFT,energy,per_sample_selftrain,per_sample_auroc,0.0173,0.3231,1.0,34,,42,2026-08-26T08:51:49
diversify,TSB-M-DRIFT_084_SEG_200000_024_MITDB_id_6_Medical_tr_5,M,DRIFT,cosine_centroid,per_sample_selftrain,per_sample_auroc,0.1903,0.3634,0.8235,34,,42,2026-08-26T08:51:49
diversify,TSB-M-DRIFT_088_SEG_100000_079_LTDB_id_1_Medical_tr_36,M,DRIFT,energy,per_sample_selftrain,per_sample_auroc,0.9753,0.9765,0.1111,18,,42,2026-08-26T08:51:50
diversify,TSB-M-DRIFT_088_SEG_100000_079_LTDB_id_1_Medical_tr_36,M,DRIFT,cosine_centroid,per_sample_selftrain,per_sample_auroc,0.9259,0.9192,0.2222,18,,42,2026-08-26T08:51:50
diversify,TSB-M-DRIFT_089_SEG_500000_021_MITDB_id_3_Medical_tr_5,M,DRIFT,energy,per_sample_selftrain,per_sample_auroc,0.1429,0.3339,0.9926,270,,42,2026-08-26T08:51:58
diversify,TSB-M-DRIFT_089_SEG_500000_021_MITDB_id_3_Medical_tr_5,M,DRIFT,cosine_centroid,per_sample_selftrain,per_sample_auroc,0.8211,0.752,0.5556,270,,42,2026-08-26T08:51:58
diversify,TSB-M-DRIFT_091_SEG_100000_083_LTDB_id_5_Medical_tr_15,M,DRIFT,energy,per_sample_selftrain,per_sample_auroc,0.4741,0.5065,0.973,74,,42,2026-08-26T08:52:01
diversify,TSB-M-DRIFT_091_SEG_100000_083_LTDB_id_5_Medical_tr_15,M,DRIFT,cosine_centroid,per_sample_selftrain,per_sample_auroc,0.7195,0.7237,0.7027,74,,42,2026-08-26T08:52:01
diversify,TSB-M-DRIFT_094_SEG_100000_079_LTDB_id_1_Medical_tr_36,M,DRIFT,energy,per_sample_selftrain,per_sample_auroc,0.8395,0.8689,0.5556,18,,42,2026-08-26T08:52:01
diversify,TSB-M-DRIFT_094_SEG_100000_079_LTDB_id_1_Medical_tr_36,M,DRIFT,cosine_centroid,per_sample_selftrain,per_sample_auroc,0.7037,0.7218,1.0,18,,42,2026-08-26T08:52:01
diversify,TSB-M-DRIFT_095_SEG_200000_024_MITDB_id_6_Medical_tr_5,M,DRIFT,energy,per_sample_selftrain,per_sample_auroc,0.3558,0.4189,1.0,214,,42,2026-08-26T08:52:10
diversify,TSB-M-DRIFT_095_SEG_200000_024_MITDB_id_6_Medical_tr_5,M,DRIFT,cosine_centroid,per_sample_selftrain,per_sample_auroc,0.5748,0.5014,0.8037,214,,42,2026-08-26T08:52:10
diversify,TSB-M-DRIFT_096_SEG_100000_083_LTDB_id_5_Medical_tr_15,M,DRIFT,energy,per_sample_selftrain,per_sample_auroc,0.2133,0.4724,1.0,30,,42,2026-08-26T08:52:12
diversify,TSB-M-DRIFT_096_SEG_100000_083_LTDB_id_5_Medical_tr_15,M,DRIFT,cosine_centroid,per_sample_selftrain,per_sample_auroc,0.8933,0.9115,0.5333,30,,42,2026-08-26T08:52:12
diversify,TSB-M-DRIFT_097_SEG_620000_030_MITDB_id_12_Medical_tr_,M,DRIFT,energy,per_sample_selftrain,per_sample_auroc,0.635,0.5291,0.7437,398,,42,2026-08-26T08:52:24
diversify,TSB-M-DRIFT_097_SEG_620000_030_MITDB_id_12_Medical_tr_,M,DRIFT,cosine_centroid,per_sample_selftrain,per_sample_auroc,0.2561,0.3636,0.9799,398,,42,2026-08-26T08:52:24
diversify,TSB-M-DRIFT_099_SEG_150000_025_MITDB_id_7_Medical_tr_3,M,DRIFT,energy,per_sample_selftrain,per_sample_auroc,0.4954,0.4567,0.555,418,,42,2026-08-26T08:52:37
diversify,TSB-M-DRIFT_099_SEG_150000_025_MITDB_id_7_Medical_tr_3,M,DRIFT,cosine_centroid,per_sample_selftrain,per_sample_auroc,0.1113,0.324,0.9904,418,,42,2026-08-26T08:52:37
diversify,TSB-M-DRIFT_100_SEG_150000_019_MITDB_id_1_Medical_tr_3,M,DRIFT,energy,per_sample_selftrain,per_sample_auroc,0.2793,0.3662,0.9008,484,,42,2026-08-26T08:52:51
diversify,TSB-M-DRIFT_100_SEG_150000_019_MITDB_id_1_Medical_tr_3,M,DRIFT,cosine_centroid,per_sample_selftrain,per_sample_auroc,0.449,0.4524,0.9669,484,,42,2026-08-26T08:52:51
diversify,TSB-M-OOD_002_SEG_16220_001_Genesis_id_1_Sensor_tr_405,M,OOD,energy,per_sample_selftrain,per_sample_auroc,0.5172,0.4867,1.0,58,,42,2026-08-26T08:52:54
diversify,TSB-M-OOD_002_SEG_16220_001_Genesis_id_1_Sensor_tr_405,M,OOD,cosine_centroid,per_sample_selftrain,per_sample_auroc,0.2652,0.3741,1.0,58,,42,2026-08-26T08:52:54
diversify,TSB-M-OOD_003_SEG_200001_048_GHL_id_17_Sensor_tr_50000,M,OOD,energy,per_sample_selftrain,per_sample_auroc,0.8056,0.7445,0.5689,334,,42,2026-08-26T08:53:16
diversify,TSB-M-OOD_003_SEG_200001_048_GHL_id_17_Sensor_tr_50000,M,OOD,cosine_centroid,per_sample_selftrain,per_sample_auroc,0.3117,0.3806,0.7784,334,,42,2026-08-26T08:53:16
diversify,TSB-M-OOD_005_SEG_200001_045_GHL_id_14_Sensor_tr_50000,M,OOD,energy,per_sample_selftrain,per_sample_auroc,0.8193,0.8205,0.5232,302,,42,2026-08-26T08:53:30
diversify,TSB-M-OOD_005_SEG_200001_045_GHL_id_14_Sensor_tr_50000,M,OOD,cosine_centroid,per_sample_selftrain,per_sample_auroc,0.8047,0.6753,0.3113,302,,42,2026-08-26T08:53:30
diversify,TSB-M-OOD_006_SEG_200001_038_GHL_id_7_Sensor_tr_50000_,M,OOD,energy,per_sample_selftrain,per_sample_auroc,0.9841,0.9878,0.0733,300,,42,2026-08-26T08:53:46
diversify,TSB-M-OOD_006_SEG_200001_038_GHL_id_7_Sensor_tr_50000_,M,OOD,cosine_centroid,per_sample_selftrain,per_sample_auroc,0.407,0.4294,0.94,300,,42,2026-08-26T08:53:46
diversify,TSB-M-OOD_011_SEG_16220_001_Genesis_id_1_Sensor_tr_405,M,OOD,energy,per_sample_selftrain,per_sample_auroc,0.5172,0.4867,1.0,58,,42,2026-08-26T08:53:48
diversify,TSB-M-OOD_011_SEG_16220_001_Genesis_id_1_Sensor_tr_405,M,OOD,cosine_centroid,per_sample_selftrain,per_sample_auroc,0.2652,0.3741,1.0,58,,42,2026-08-26T08:53:49
diversify,TSB-M-OOD_012_SEG_200001_032_GHL_id_1_Sensor_tr_50000_,M,OOD,energy,per_sample_selftrain,per_sample_auroc,0.9979,0.998,0.0132,302,,42,2026-08-26T08:53:59
diversify,TSB-M-OOD_012_SEG_200001_032_GHL_id_1_Sensor_tr_50000_,M,OOD,cosine_centroid,per_sample_selftrain,per_sample_auroc,0.9798,0.9704,0.0199,302,,42,2026-08-26T08:53:59
diversify,TSB-M-OOD_015_SEG_200001_046_GHL_id_15_Sensor_tr_50000,M,OOD,energy,per_sample_selftrain,per_sample_auroc,0.7885,0.6725,0.4178,292,,42,2026-08-26T08:54:21
diversify,TSB-M-OOD_015_SEG_200001_046_GHL_id_15_Sensor_tr_50000,M,OOD,cosine_centroid,per_sample_selftrain,per_sample_auroc,0.1338,0.3331,0.9863,292,,42,2026-08-26T08:54:22
diversify,TSB-M-OOD_017_SEG_217624_115_PSM_id_1_Facility_tr_5000,M,OOD,energy,per_sample_selftrain,per_sample_auroc,0.4231,0.4535,0.9718,496,,42,2026-08-26T08:54:43
diversify,TSB-M-OOD_017_SEG_217624_115_PSM_id_1_Facility_tr_5000,M,OOD,cosine_centroid,per_sample_selftrain,per_sample_auroc,0.484,0.5398,0.9758,496,,42,2026-08-26T08:54:43
diversify,TSB-M-OOD_018_SEG_200001_048_GHL_id_17_Sensor_tr_50000,M,OOD,energy,per_sample_selftrain,per_sample_auroc,0.8056,0.7445,0.5689,334,,42,2026-08-26T08:55:06
diversify,TSB-M-OOD_018_SEG_200001_048_GHL_id_17_Sensor_tr_50000,M,OOD,cosine_centroid,per_sample_selftrain,per_sample_auroc,0.3117,0.3806,0.7784,334,,42,2026-08-26T08:55:06
diversify,TSB-M-OOD_019_SEG_200001_036_GHL_id_5_Sensor_tr_50000_,M,OOD,energy,per_sample_selftrain,per_sample_auroc,0.9995,0.9995,0.0,308,,42,2026-08-26T08:55:16
diversify,TSB-M-OOD_019_SEG_200001_036_GHL_id_5_Sensor_tr_50000_,M,OOD,cosine_centroid,per_sample_selftrain,per_sample_auroc,0.9886,0.9849,0.026,308,,42,2026-08-26T08:55:16
diversify,TSB-M-OOD_021_SEG_200001_052_GHL_id_21_Sensor_tr_50000,M,OOD,energy,per_sample_selftrain,per_sample_auroc,0.8381,0.8559,0.5455,286,,42,2026-08-26T08:55:30
diversify,TSB-M-OOD_021_SEG_200001_052_GHL_id_21_Sensor_tr_50000,M,OOD,cosine_centroid,per_sample_selftrain,per_sample_auroc,0.8389,0.8447,0.7483,286,,42,2026-08-26T08:55:30
diversify,TSB-M-OOD_022_SEG_200001_054_GHL_id_23_Sensor_tr_50000,M,OOD,energy,per_sample_selftrain,per_sample_auroc,0.8013,0.6669,0.3832,334,,42,2026-08-26T08:55:51
diversify,TSB-M-OOD_022_SEG_200001_054_GHL_id_23_Sensor_tr_50000,M,OOD,cosine_centroid,per_sample_selftrain,per_sample_auroc,0.4346,0.5263,0.9401,334,,42,2026-08-26T08:55:51
diversify,TSB-M-OOD_025_SEG_217624_115_PSM_id_1_Facility_tr_5000,M,OOD,energy,per_sample_selftrain,per_sample_auroc,0.4254,0.4596,0.9795,488,,42,2026-08-26T08:56:11
diversify,TSB-M-OOD_025_SEG_217624_115_PSM_id_1_Facility_tr_5000,M,OOD,cosine_centroid,per_sample_selftrain,per_sample_auroc,0.4421,0.4722,0.9836,488,,42,2026-08-26T08:56:11
diversify,TSB-M-OOD_026_SEG_217624_115_PSM_id_1_Facility_tr_5000,M,OOD,energy,per_sample_selftrain,per_sample_auroc,0.4199,0.4572,0.9795,488,,42,2026-08-26T08:56:31
diversify,TSB-M-OOD_026_SEG_217624_115_PSM_id_1_Facility_tr_5000,M,OOD,cosine_centroid,per_sample_selftrain,per_sample_auroc,0.4493,0.495,0.9836,488,,42,2026-08-26T08:56:31
diversify,TSB-M-OOD_027_SEG_175001_050_GHL_id_19_Sensor_tr_43750,M,OOD,energy,per_sample_selftrain,per_sample_auroc,0.8061,0.8075,0.8062,258,,42,2026-08-26T08:56:41
diversify,TSB-M-OOD_027_SEG_175001_050_GHL_id_19_Sensor_tr_43750,M,OOD,cosine_centroid,per_sample_selftrain,per_sample_auroc,0.8987,0.867,0.3953,258,,42,2026-08-26T08:56:41
diversify,TSB-M-OOD_033_SEG_200001_034_GHL_id_3_Sensor_tr_50000_,M,OOD,energy,per_sample_selftrain,per_sample_auroc,0.9925,0.9923,0.0263,304,,42,2026-08-26T08:57:01
diversify,TSB-M-OOD_033_SEG_200001_034_GHL_id_3_Sensor_tr_50000_,M,OOD,cosine_centroid,per_sample_selftrain,per_sample_auroc,0.6606,0.5432,0.5921,304,,42,2026-08-26T08:57:01
diversify,TSB-M-OOD_035_SEG_200001_044_GHL_id_13_Sensor_tr_50000,M,OOD,energy,per_sample_selftrain,per_sample_auroc,0.7898,0.6728,0.3576,302,,42,2026-08-26T08:57:22
diversify,TSB-M-OOD_035_SEG_200001_044_GHL_id_13_Sensor_tr_50000,M,OOD,cosine_centroid,per_sample_selftrain,per_sample_auroc,0.4923,0.4761,0.9868,302,,42,2026-08-26T08:57:22
diversify,TSB-M-OOD_036_SEG_200001_041_GHL_id_10_Sensor_tr_50000,M,OOD,energy,per_sample_selftrain,per_sample_auroc,0.9826,0.9715,0.0597,268,,42,2026-08-26T08:57:31
diversify,TSB-M-OOD_036_SEG_200001_041_GHL_id_10_Sensor_tr_50000,M,OOD,cosine_centroid,per_sample_selftrain,per_sample_auroc,0.9865,0.9899,0.0373,268,,42,2026-08-26T08:57:31
diversify,TSB-M-OOD_038_SEG_200001_034_GHL_id_3_Sensor_tr_50000_,M,OOD,energy,per_sample_selftrain,per_sample_auroc,0.9925,0.9923,0.0263,304,,42,2026-08-26T08:57:49
diversify,TSB-M-OOD_038_SEG_200001_034_GHL_id_3_Sensor_tr_50000_,M,OOD,cosine_centroid,per_sample_selftrain,per_sample_auroc,0.6606,0.5432,0.5921,304,,42,2026-08-26T08:57:49
diversify,TSB-M-OOD_042_SEG_200001_033_GHL_id_2_Sensor_tr_50000_,M,OOD,energy,per_sample_selftrain,per_sample_auroc,0.4437,0.4302,0.8417,240,,42,2026-08-26T08:57:58
diversify,TSB-M-OOD_042_SEG_200001_033_GHL_id_2_Sensor_tr_50000_,M,OOD,cosine_centroid,per_sample_selftrain,per_sample_auroc,0.0404,0.3134,1.0,240,,42,2026-08-26T08:57:58
diversify,TSB-M-OOD_043_SEG_217624_115_PSM_id_1_Facility_tr_5000,M,OOD,energy,per_sample_selftrain,per_sample_auroc,0.4243,0.4595,0.9795,488,,42,2026-08-26T08:58:20
diversify,TSB-M-OOD_043_SEG_217624_115_PSM_id_1_Facility_tr_5000,M,OOD,cosine_centroid,per_sample_selftrain,per_sample_auroc,0.4431,0.4808,0.9836,488,,42,2026-08-26T08:58:20
diversify,TSB-M-OOD_044_SEG_200001_042_GHL_id_11_Sensor_tr_50000,M,OOD,energy,per_sample_selftrain,per_sample_auroc,0.9918,0.9923,0.0604,298,,42,2026-08-26T08:58:43
diversify,TSB-M-OOD_044_SEG_200001_042_GHL_id_11_Sensor_tr_50000,M,OOD,cosine_centroid,per_sample_selftrain,per_sample_auroc,0.5854,0.6626,0.9933,298,,42,2026-08-26T08:58:43
diversify,TSB-M-OOD_045_SEG_200001_032_GHL_id_1_Sensor_tr_50000_,M,OOD,energy,per_sample_selftrain,per_sample_auroc,0.9979,0.998,0.0132,302,,42,2026-08-26T08:58:54
diversify,TSB-M-OOD_045_SEG_200001_032_GHL_id_1_Sensor_tr_50000_,M,OOD,cosine_centroid,per_sample_selftrain,per_sample_auroc,0.9798,0.9704,0.0199,302,,42,2026-08-26T08:58:54
diversify,TSB-M-OOD_046_SEG_200001_042_GHL_id_11_Sensor_tr_50000,M,OOD,energy,per_sample_selftrain,per_sample_auroc,0.9918,0.9923,0.0604,298,,42,2026-08-26T08:59:16
diversify,TSB-M-OOD_046_SEG_200001_042_GHL_id_11_Sensor_tr_50000,M,OOD,cosine_centroid,per_sample_selftrain,per_sample_auroc,0.5854,0.6626,0.9933,298,,42,2026-08-26T08:59:16
diversify,TSB-M-OOD_048_SEG_217624_115_PSM_id_1_Facility_tr_5000,M,OOD,energy,per_sample_selftrain,per_sample_auroc,0.423,0.4537,0.9714,490,,42,2026-08-26T08:59:36
diversify,TSB-M-OOD_048_SEG_217624_115_PSM_id_1_Facility_tr_5000,M,OOD,cosine_centroid,per_sample_selftrain,per_sample_auroc,0.4586,0.487,0.9878,490,,42,2026-08-26T08:59:36
diversify,TSB-M-OOD_050_SEG_16220_001_Genesis_id_1_Sensor_tr_405,M,OOD,energy,per_sample_selftrain,per_sample_auroc,0.5172,0.4867,1.0,58,,42,2026-08-26T08:59:39
diversify,TSB-M-OOD_050_SEG_16220_001_Genesis_id_1_Sensor_tr_405,M,OOD,cosine_centroid,per_sample_selftrain,per_sample_auroc,0.2652,0.3741,1.0,58,,42,2026-08-26T08:59:39
diversify,TSB-M-OOD_051_SEG_200001_045_GHL_id_14_Sensor_tr_50000,M,OOD,energy,per_sample_selftrain,per_sample_auroc,0.8193,0.8205,0.5232,302,,42,2026-08-26T08:59:52
diversify,TSB-M-OOD_051_SEG_200001_045_GHL_id_14_Sensor_tr_50000,M,OOD,cosine_centroid,per_sample_selftrain,per_sample_auroc,0.8047,0.6753,0.3113,302,,42,2026-08-26T08:59:52
diversify,TSB-M-OOD_054_SEG_200001_055_GHL_id_24_Sensor_tr_50000,M,OOD,energy,per_sample_selftrain,per_sample_auroc,0.8097,0.7096,0.3958,288,,42,2026-08-26T09:00:15
diversify,TSB-M-OOD_054_SEG_200001_055_GHL_id_24_Sensor_tr_50000,M,OOD,cosine_centroid,per_sample_selftrain,per_sample_auroc,0.5556,0.4963,0.5,288,,42,2026-08-26T09:00:15
diversify,TSB-M-OOD_055_SEG_200001_032_GHL_id_1_Sensor_tr_50000_,M,OOD,energy,per_sample_selftrain,per_sample_auroc,0.9979,0.998,0.0132,302,,42,2026-08-26T09:00:26
diversify,TSB-M-OOD_055_SEG_200001_032_GHL_id_1_Sensor_tr_50000_,M,OOD,cosine_centroid,per_sample_selftrain,per_sample_auroc,0.9798,0.9704,0.0199,302,,42,2026-08-26T09:00:26
diversify,TSB-M-OOD_056_SEG_217624_115_PSM_id_1_Facility_tr_5000,M,OOD,energy,per_sample_selftrain,per_sample_auroc,0.4296,0.4575,0.9715,492,,42,2026-08-26T09:00:47
diversify,TSB-M-OOD_056_SEG_217624_115_PSM_id_1_Facility_tr_5000,M,OOD,cosine_centroid,per_sample_selftrain,per_sample_auroc,0.48,0.5229,0.9797,492,,42,2026-08-26T09:00:47
diversify,TSB-M-OOD_059_SEG_200001_042_GHL_id_11_Sensor_tr_50000,M,OOD,energy,per_sample_selftrain,per_sample_auroc,0.9918,0.9923,0.0604,298,,42,2026-08-26T09:01:10
diversify,TSB-M-OOD_059_SEG_200001_042_GHL_id_11_Sensor_tr_50000,M,OOD,cosine_centroid,per_sample_selftrain,per_sample_auroc,0.5854,0.6626,0.9933,298,,42,2026-08-26T09:01:10
diversify,TSB-M-OOD_060_SEG_175001_050_GHL_id_19_Sensor_tr_43750,M,OOD,energy,per_sample_selftrain,per_sample_auroc,0.8061,0.8075,0.8062,258,,42,2026-08-26T09:01:19
diversify,TSB-M-OOD_060_SEG_175001_050_GHL_id_19_Sensor_tr_43750,M,OOD,cosine_centroid,per_sample_selftrain,per_sample_auroc,0.8987,0.867,0.3953,258,,42,2026-08-26T09:01:19
diversify,TSB-M-OOD_062_SEG_217624_115_PSM_id_1_Facility_tr_5000,M,OOD,energy,per_sample_selftrain,per_sample_auroc,0.4314,0.4587,0.9757,494,,42,2026-08-26T09:01:39
diversify,TSB-M-OOD_062_SEG_217624_115_PSM_id_1_Facility_tr_5000,M,OOD,cosine_centroid,per_sample_selftrain,per_sample_auroc,0.481,0.5276,0.9838,494,,42,2026-08-26T09:01:39
diversify,TSB-M-OOD_065_SEG_200001_051_GHL_id_20_Sensor_tr_50000,M,OOD,energy,per_sample_selftrain,per_sample_auroc,0.9991,0.9991,0.0069,290,,42,2026-08-26T09:01:51
diversify,TSB-M-OOD_065_SEG_200001_051_GHL_id_20_Sensor_tr_50000,M,OOD,cosine_centroid,per_sample_selftrain,per_sample_auroc,0.5248,0.4882,0.5034,290,,42,2026-08-26T09:01:52
diversify,TSB-M-OOD_068_SEG_200001_054_GHL_id_23_Sensor_tr_50000,M,OOD,energy,per_sample_selftrain,per_sample_auroc,0.8013,0.6669,0.3832,334,,42,2026-08-26T09:02:13
diversify,TSB-M-OOD_068_SEG_200001_054_GHL_id_23_Sensor_tr_50000,M,OOD,cosine_centroid,per_sample_selftrain,per_sample_auroc,0.4346,0.5263,0.9401,334,,42,2026-08-26T09:02:13
diversify,TSB-M-OOD_069_SEG_217624_115_PSM_id_1_Facility_tr_5000,M,OOD,energy,per_sample_selftrain,per_sample_auroc,0.4232,0.4586,0.9795,488,,42,2026-08-26T09:02:33
diversify,TSB-M-OOD_069_SEG_217624_115_PSM_id_1_Facility_tr_5000,M,OOD,cosine_centroid,per_sample_selftrain,per_sample_auroc,0.4452,0.4865,0.9836,488,,42,2026-08-26T09:02:33
diversify,TSB-M-OOD_070_SEG_200001_056_GHL_id_25_Sensor_tr_50000,M,OOD,energy,per_sample_selftrain,per_sample_auroc,0.8976,0.9102,0.537,324,,42,2026-08-26T09:02:51
diversify,TSB-M-OOD_070_SEG_200001_056_GHL_id_25_Sensor_tr_50000,M,OOD,cosine_centroid,per_sample_selftrain,per_sample_auroc,0.9127,0.9394,0.6296,324,,42,2026-08-26T09:02:51
diversify,TSB-M-OOD_071_SEG_200001_053_GHL_id_22_Sensor_tr_50000,M,OOD,energy,per_sample_selftrain,per_sample_auroc,0.5455,0.4765,0.7,380,,42,2026-08-26T09:03:11
diversify,TSB-M-OOD_071_SEG_200001_053_GHL_id_22_Sensor_tr_50000,M,OOD,cosine_centroid,per_sample_selftrain,per_sample_auroc,0.1007,0.3249,0.9421,380,,42,2026-08-26T09:03:11
diversify,TSB-M-OOD_074_SEG_200001_042_GHL_id_11_Sensor_tr_50000,M,OOD,energy,per_sample_selftrain,per_sample_auroc,0.9918,0.9923,0.0604,298,,42,2026-08-26T09:03:32
diversify,TSB-M-OOD_074_SEG_200001_042_GHL_id_11_Sensor_tr_50000,M,OOD,cosine_centroid,per_sample_selftrain,per_sample_auroc,0.5854,0.6626,0.9933,298,,42,2026-08-26T09:03:32
diversify,TSB-M-OOD_075_SEG_217624_115_PSM_id_1_Facility_tr_5000,M,OOD,energy,per_sample_selftrain,per_sample_auroc,0.4211,0.4576,0.9795,488,,42,2026-08-26T09:03:56
diversify,TSB-M-OOD_075_SEG_217624_115_PSM_id_1_Facility_tr_5000,M,OOD,cosine_centroid,per_sample_selftrain,per_sample_auroc,0.4462,0.4907,0.9836,488,,42,2026-08-26T09:03:56
diversify,TSB-M-OOD_076_SEG_200001_055_GHL_id_24_Sensor_tr_50000,M,OOD,energy,per_sample_selftrain,per_sample_auroc,0.8097,0.7096,0.3958,288,,42,2026-08-26T09:04:16
diversify,TSB-M-OOD_076_SEG_200001_055_GHL_id_24_Sensor_tr_50000,M,OOD,cosine_centroid,per_sample_selftrain,per_sample_auroc,0.5556,0.4963,0.5,288,,42,2026-08-26T09:04:16
diversify,TSB-M-OOD_077_SEG_200001_041_GHL_id_10_Sensor_tr_50000,M,OOD,energy,per_sample_selftrain,per_sample_auroc,0.9826,0.9715,0.0597,268,,42,2026-08-26T09:04:26
diversify,TSB-M-OOD_077_SEG_200001_041_GHL_id_10_Sensor_tr_50000,M,OOD,cosine_centroid,per_sample_selftrain,per_sample_auroc,0.9865,0.9899,0.0373,268,,42,2026-08-26T09:04:26
diversify,TSB-M-OOD_078_SEG_200001_034_GHL_id_3_Sensor_tr_50000_,M,OOD,energy,per_sample_selftrain,per_sample_auroc,0.9925,0.9923,0.0263,304,,42,2026-08-26T09:04:47
diversify,TSB-M-OOD_078_SEG_200001_034_GHL_id_3_Sensor_tr_50000_,M,OOD,cosine_centroid,per_sample_selftrain,per_sample_auroc,0.6606,0.5432,0.5921,304,,42,2026-08-26T09:04:47
diversify,TSB-M-OOD_080_SEG_200001_055_GHL_id_24_Sensor_tr_50000,M,OOD,energy,per_sample_selftrain,per_sample_auroc,0.8097,0.7096,0.3958,288,,42,2026-08-26T09:05:06
diversify,TSB-M-OOD_080_SEG_200001_055_GHL_id_24_Sensor_tr_50000,M,OOD,cosine_centroid,per_sample_selftrain,per_sample_auroc,0.5556,0.4963,0.5,288,,42,2026-08-26T09:05:06
diversify,TSB-M-OOD_081_SEG_200001_041_GHL_id_10_Sensor_tr_50000,M,OOD,energy,per_sample_selftrain,per_sample_auroc,0.9826,0.9715,0.0597,268,,42,2026-08-26T09:05:16
diversify,TSB-M-OOD_081_SEG_200001_041_GHL_id_10_Sensor_tr_50000,M,OOD,cosine_centroid,per_sample_selftrain,per_sample_auroc,0.9865,0.9899,0.0373,268,,42,2026-08-26T09:05:16
diversify,TSB-M-OOD_082_SEG_16220_001_Genesis_id_1_Sensor_tr_405,M,OOD,energy,per_sample_selftrain,per_sample_auroc,0.5172,0.4867,1.0,58,,42,2026-08-26T09:05:18
diversify,TSB-M-OOD_082_SEG_16220_001_Genesis_id_1_Sensor_tr_405,M,OOD,cosine_centroid,per_sample_selftrain,per_sample_auroc,0.2652,0.3741,1.0,58,,42,2026-08-26T09:05:18
diversify,TSB-M-OOD_085_SEG_217624_115_PSM_id_1_Facility_tr_5000,M,OOD,energy,per_sample_selftrain,per_sample_auroc,0.4309,0.4578,0.9756,492,,42,2026-08-26T09:05:38
diversify,TSB-M-OOD_085_SEG_217624_115_PSM_id_1_Facility_tr_5000,M,OOD,cosine_centroid,per_sample_selftrain,per_sample_auroc,0.4803,0.5168,0.9797,492,,42,2026-08-26T09:05:39
diversify,TSB-M-OOD_086_SEG_200001_038_GHL_id_7_Sensor_tr_50000_,M,OOD,energy,per_sample_selftrain,per_sample_auroc,0.9841,0.9878,0.0733,300,,42,2026-08-26T09:05:54
diversify,TSB-M-OOD_086_SEG_200001_038_GHL_id_7_Sensor_tr_50000_,M,OOD,cosine_centroid,per_sample_selftrain,per_sample_auroc,0.407,0.4294,0.94,300,,42,2026-08-26T09:05:54
diversify,TSB-M-OOD_087_SEG_200001_047_GHL_id_16_Sensor_tr_50000,M,OOD,energy,per_sample_selftrain,per_sample_auroc,0.9217,0.9026,0.195,318,,42,2026-08-26T09:06:06
diversify,TSB-M-OOD_087_SEG_200001_047_GHL_id_16_Sensor_tr_50000,M,OOD,cosine_centroid,per_sample_selftrain,per_sample_auroc,0.5556,0.6089,0.7107,318,,42,2026-08-26T09:06:06
diversify,TSB-M-OOD_088_SEG_200001_052_GHL_id_21_Sensor_tr_50000,M,OOD,energy,per_sample_selftrain,per_sample_auroc,0.8381,0.8559,0.5455,286,,42,2026-08-26T09:06:21
diversify,TSB-M-OOD_088_SEG_200001_052_GHL_id_21_Sensor_tr_50000,M,OOD,cosine_centroid,per_sample_selftrain,per_sample_auroc,0.8389,0.8447,0.7483,286,,42,2026-08-26T09:06:21
diversify,TSB-M-OOD_089_SEG_200001_043_GHL_id_12_Sensor_tr_39938,M,OOD,energy,per_sample_selftrain,per_sample_auroc,1.0,1.0,0.0,188,,42,2026-08-26T09:06:28
diversify,TSB-M-OOD_089_SEG_200001_043_GHL_id_12_Sensor_tr_39938,M,OOD,cosine_centroid,per_sample_selftrain,per_sample_auroc,0.7156,0.6846,0.6489,188,,42,2026-08-26T09:06:28
diversify,TSB-M-OOD_090_SEG_200001_052_GHL_id_21_Sensor_tr_50000,M,OOD,energy,per_sample_selftrain,per_sample_auroc,0.8381,0.8559,0.5455,286,,42,2026-08-26T09:06:42
diversify,TSB-M-OOD_090_SEG_200001_052_GHL_id_21_Sensor_tr_50000,M,OOD,cosine_centroid,per_sample_selftrain,per_sample_auroc,0.8389,0.8447,0.7483,286,,42,2026-08-26T09:06:42
diversify,TSB-M-OOD_092_SEG_200001_045_GHL_id_14_Sensor_tr_50000,M,OOD,energy,per_sample_selftrain,per_sample_auroc,0.8193,0.8205,0.5232,302,,42,2026-08-26T09:06:54
diversify,TSB-M-OOD_092_SEG_200001_045_GHL_id_14_Sensor_tr_50000,M,OOD,cosine_centroid,per_sample_selftrain,per_sample_auroc,0.8047,0.6753,0.3113,302,,42,2026-08-26T09:06:54
diversify,TSB-M-OOD_093_SEG_217624_115_PSM_id_1_Facility_tr_5000,M,OOD,energy,per_sample_selftrain,per_sample_auroc,0.4344,0.458,0.9719,498,,42,2026-08-26T09:07:16
diversify,TSB-M-OOD_093_SEG_217624_115_PSM_id_1_Facility_tr_5000,M,OOD,cosine_centroid,per_sample_selftrain,per_sample_auroc,0.4845,0.5299,0.9799,498,,42,2026-08-26T09:07:16
diversify,TSB-M-OOD_095_SEG_200001_033_GHL_id_2_Sensor_tr_50000_,M,OOD,energy,per_sample_selftrain,per_sample_auroc,0.4437,0.4302,0.8417,240,,42,2026-08-26T09:07:24
diversify,TSB-M-OOD_095_SEG_200001_033_GHL_id_2_Sensor_tr_50000_,M,OOD,cosine_centroid,per_sample_selftrain,per_sample_auroc,0.0404,0.3134,1.0,240,,42,2026-08-26T09:07:24
diversify,TSB-M-OOD_096_SEG_217624_115_PSM_id_1_Facility_tr_5000,M,OOD,energy,per_sample_selftrain,per_sample_auroc,0.426,0.4602,0.9795,488,,42,2026-08-26T09:07:47
diversify,TSB-M-OOD_096_SEG_217624_115_PSM_id_1_Facility_tr_5000,M,OOD,cosine_centroid,per_sample_selftrain,per_sample_auroc,0.4457,0.4796,0.9836,488,,42,2026-08-26T09:07:47
diversify,TSB-M-OOD_098_SEG_200001_045_GHL_id_14_Sensor_tr_50000,M,OOD,energy,per_sample_selftrain,per_sample_auroc,0.8193,0.8205,0.5232,302,,42,2026-08-26T09:08:13
diversify,TSB-M-OOD_098_SEG_200001_045_GHL_id_14_Sensor_tr_50000,M,OOD,cosine_centroid,per_sample_selftrain,per_sample_auroc,0.8047,0.6753,0.3113,302,,42,2026-08-26T09:08:13
diversify,TSB-M-OOD_100_SEG_200001_044_GHL_id_13_Sensor_tr_50000,M,OOD,energy,per_sample_selftrain,per_sample_auroc,0.7898,0.6728,0.3576,302,,42,2026-08-26T09:08:47
diversify,TSB-M-OOD_100_SEG_200001_044_GHL_id_13_Sensor_tr_50000,M,OOD,cosine_centroid,per_sample_selftrain,per_sample_auroc,0.4923,0.4761,0.9868,302,,42,2026-08-26T09:08:47
diversify,TSB-M-STABLE_001_SEG_7029_159_SMAP_id_16_Sensor_tr_175,M,STABLE,energy,per_sample_selftrain,per_sample_auroc,0.4167,0.471,1.0,12,,42,2026-08-26T09:08:48
diversify,TSB-M-STABLE_001_SEG_7029_159_SMAP_id_16_Sensor_tr_175,M,STABLE,cosine_centroid,per_sample_selftrain,per_sample_auroc,0.5833,0.6786,1.0,12,,42,2026-08-26T09:08:48
diversify,TSB-M-STABLE_003_SEG_3922_007_MSL_id_6_Sensor_tr_980_1,M,STABLE,energy,per_sample_selftrain,per_sample_auroc,0.32,0.5639,1.0,10,,42,2026-08-26T09:08:50
diversify,TSB-M-STABLE_003_SEG_3922_007_MSL_id_6_Sensor_tr_980_1,M,STABLE,cosine_centroid,per_sample_selftrain,per_sample_auroc,0.44,0.6,1.0,10,,42,2026-08-26T09:08:50
diversify,TSB-M-STABLE_004_SEG_28743_070_SMD_id_14_Facility_tr_1,M,STABLE,energy,per_sample_selftrain,per_sample_auroc,1.0,1.0,0.0,6,,42,2026-08-26T09:08:51
diversify,TSB-M-STABLE_004_SEG_28743_070_SMD_id_14_Facility_tr_1,M,STABLE,cosine_centroid,per_sample_selftrain,per_sample_auroc,0.8889,0.9167,0.3333,6,,42,2026-08-26T09:08:51
diversify,TSB-M-STABLE_005_SEG_21203_064_SMD_id_8_Facility_tr_22,M,STABLE,energy,per_sample_selftrain,per_sample_auroc,0.4444,0.5742,0.8333,12,,42,2026-08-26T09:08:53
diversify,TSB-M-STABLE_005_SEG_21203_064_SMD_id_8_Facility_tr_22,M,STABLE,cosine_centroid,per_sample_selftrain,per_sample_auroc,0.8889,0.8972,0.3333,12,,42,2026-08-26T09:08:53
diversify,TSB-M-STABLE_009_SEG_46655_181_Exathlon_id_8_Facility_,M,STABLE,energy,per_sample_selftrain,per_sample_auroc,0.1504,0.3405,1.0,64,,42,2026-08-26T09:08:57
diversify,TSB-M-STABLE_009_SEG_46655_181_Exathlon_id_8_Facility_,M,STABLE,cosine_centroid,per_sample_selftrain,per_sample_auroc,0.5586,0.5304,0.8438,64,,42,2026-08-26T09:08:57
diversify,TSB-M-STABLE_010_SEG_8514_146_SMAP_id_3_Sensor_tr_2128,M,STABLE,energy,per_sample_selftrain,per_sample_auroc,0.4531,0.524,1.0,16,,42,2026-08-26T09:08:59
diversify,TSB-M-STABLE_010_SEG_8514_146_SMAP_id_3_Sensor_tr_2128,M,STABLE,cosine_centroid,per_sample_selftrain,per_sample_auroc,0.7031,0.8215,0.875,16,,42,2026-08-26T09:08:59
diversify,TSB-M-STABLE_011_SEG_200001_033_GHL_id_2_Sensor_tr_500,M,STABLE,energy,per_sample_selftrain,per_sample_auroc,0.6823,0.5609,0.3333,66,,42,2026-08-26T09:09:10
diversify,TSB-M-STABLE_011_SEG_200001_033_GHL_id_2_Sensor_tr_500,M,STABLE,cosine_centroid,per_sample_selftrain,per_sample_auroc,0.7282,0.6504,0.9394,66,,42,2026-08-26T09:09:10
diversify,TSB-M-STABLE_014_SEG_2856_009_MSL_id_8_Sensor_tr_714_1,M,STABLE,energy,per_sample_selftrain,per_sample_auroc,0.4444,0.6667,1.0,6,,42,2026-08-26T09:09:11
diversify,TSB-M-STABLE_014_SEG_2856_009_MSL_id_8_Sensor_tr_714_1,M,STABLE,cosine_centroid,per_sample_selftrain,per_sample_auroc,0.5556,0.5889,0.6667,6,,42,2026-08-26T09:09:11
diversify,TSB-M-STABLE_016_SEG_200001_034_GHL_id_3_Sensor_tr_500,M,STABLE,energy,per_sample_selftrain,per_sample_auroc,0.9637,0.9013,0.0882,68,,42,2026-08-26T09:09:49
diversify,TSB-M-STABLE_016_SEG_200001_034_GHL_id_3_Sensor_tr_500,M,STABLE,cosine_centroid,per_sample_selftrain,per_sample_auroc,0.5969,0.5154,0.9412,68,,42,2026-08-26T09:09:49
diversify,TSB-M-STABLE_017_SEG_23689_059_SMD_id_3_Facility_tr_75,M,STABLE,energy,per_sample_selftrain,per_sample_auroc,0.25,0.5,1.0,4,,42,2026-08-26T09:09:51
diversify,TSB-M-STABLE_017_SEG_23689_059_SMD_id_3_Facility_tr_75,M,STABLE,cosine_centroid,per_sample_selftrain,per_sample_auroc,1.0,1.0,0.0,4,,42,2026-08-26T09:09:51
diversify,TSB-M-STABLE_018_SEG_28704_061_SMD_id_5_Facility_tr_71,M,STABLE,energy,per_sample_selftrain,per_sample_auroc,0.2538,0.4357,1.0,56,,42,2026-08-26T09:10:01
diversify,TSB-M-STABLE_018_SEG_28704_061_SMD_id_5_Facility_tr_71,M,STABLE,cosine_centroid,per_sample_selftrain,per_sample_auroc,0.4579,0.5348,1.0,56,,42,2026-08-26T09:10:01
diversify,TSB-M-STABLE_022_SEG_8044_148_SMAP_id_5_Sensor_tr_2011,M,STABLE,energy,per_sample_selftrain,per_sample_auroc,0.0,0.3833,1.0,6,,42,2026-08-26T09:10:02
diversify,TSB-M-STABLE_022_SEG_8044_148_SMAP_id_5_Sensor_tr_2011,M,STABLE,cosine_centroid,per_sample_selftrain,per_sample_auroc,1.0,1.0,0.0,6,,42,2026-08-26T09:10:02
diversify,TSB-M-STABLE_023_SEG_23694_057_SMD_id_1_Facility_tr_45,M,STABLE,energy,per_sample_selftrain,per_sample_auroc,0.4711,0.4852,1.0,22,,42,2026-08-26T09:10:03
diversify,TSB-M-STABLE_023_SEG_23694_057_SMD_id_1_Facility_tr_45,M,STABLE,cosine_centroid,per_sample_selftrain,per_sample_auroc,0.6198,0.5915,0.9091,22,,42,2026-08-26T09:10:03
diversify,TSB-M-STABLE_024_SEG_7632_162_SMAP_id_19_Sensor_tr_190,M,STABLE,energy,per_sample_selftrain,per_sample_auroc,0.0,0.3833,1.0,6,,42,2026-08-26T09:10:05
diversify,TSB-M-STABLE_024_SEG_7632_162_SMAP_id_19_Sensor_tr_190,M,STABLE,cosine_centroid,per_sample_selftrain,per_sample_auroc,1.0,1.0,0.0,6,,42,2026-08-26T09:10:05
diversify,TSB-M-STABLE_027_SEG_230400_102_SVDB_id_19_Medical_tr_,M,STABLE,energy,per_sample_selftrain,per_sample_auroc,0.4892,0.4573,0.7868,394,,42,2026-08-26T09:10:20
diversify,TSB-M-STABLE_027_SEG_230400_102_SVDB_id_19_Medical_tr_,M,STABLE,cosine_centroid,per_sample_selftrain,per_sample_auroc,0.284,0.372,0.9797,394,,42,2026-08-26T09:10:20
diversify,TSB-M-STABLE_028_SEG_8294_152_SMAP_id_9_Sensor_tr_2073,M,STABLE,energy,per_sample_selftrain,per_sample_auroc,0.76,0.6862,0.4,10,,42,2026-08-26T09:10:21
diversify,TSB-M-STABLE_028_SEG_8294_152_SMAP_id_9_Sensor_tr_2073,M,STABLE,cosine_centroid,per_sample_selftrain,per_sample_auroc,1.0,1.0,0.0,10,,42,2026-08-26T09:10:21
diversify,TSB-M-STABLE_029_SEG_28700_071_SMD_id_15_Facility_tr_1,M,STABLE,energy,per_sample_selftrain,per_sample_auroc,0.3333,0.4778,0.6667,6,,42,2026-08-26T09:10:23
diversify,TSB-M-STABLE_029_SEG_28700_071_SMD_id_15_Facility_tr_1,M,STABLE,cosine_centroid,per_sample_selftrain,per_sample_auroc,0.0,0.3833,1.0,6,,42,2026-08-26T09:10:23
diversify,TSB-M-STABLE_031_SEG_200001_043_GHL_id_12_Sensor_tr_39,M,STABLE,energy,per_sample_selftrain,per_sample_auroc,1.0,1.0,0.0,40,,42,2026-08-26T09:10:31
diversify,TSB-M-STABLE_031_SEG_200001_043_GHL_id_12_Sensor_tr_39,M,STABLE,cosine_centroid,per_sample_selftrain,per_sample_auroc,1.0,1.0,0.0,40,,42,2026-08-26T09:10:31
diversify,TSB-M-STABLE_034_SEG_200001_042_GHL_id_11_Sensor_tr_50,M,STABLE,energy,per_sample_selftrain,per_sample_auroc,0.1394,0.3589,0.9149,94,,42,2026-08-26T09:10:56
diversify,TSB-M-STABLE_034_SEG_200001_042_GHL_id_11_Sensor_tr_50,M,STABLE,cosine_centroid,per_sample_selftrain,per_sample_auroc,0.9239,0.9272,0.2553,94,,42,2026-08-26T09:10:56
diversify,TSB-M-STABLE_036_SEG_230400_087_SVDB_id_4_Medical_tr_5,M,STABLE,energy,per_sample_selftrain,per_sample_auroc,0.9586,0.9663,0.3846,26,,42,2026-08-26T09:10:57
diversify,TSB-M-STABLE_036_SEG_230400_087_SVDB_id_4_Medical_tr_5,M,STABLE,cosine_centroid,per_sample_selftrain,per_sample_auroc,1.0,1.0,0.0,26,,42,2026-08-26T09:10:57
diversify,TSB-M-STABLE_038_SEG_230400_092_SVDB_id_9_Medical_tr_2,M,STABLE,energy,per_sample_selftrain,per_sample_auroc,1.0,1.0,0.0,14,,42,2026-08-26T09:10:58
diversify,TSB-M-STABLE_038_SEG_230400_092_SVDB_id_9_Medical_tr_2,M,STABLE,cosine_centroid,per_sample_selftrain,per_sample_auroc,1.0,1.0,0.0,14,,42,2026-08-26T09:10:58
diversify,TSB-M-STABLE_039_SEG_200001_034_GHL_id_3_Sensor_tr_500,M,STABLE,energy,per_sample_selftrain,per_sample_auroc,0.8108,0.6687,0.2424,66,,42,2026-08-26T09:11:18
diversify,TSB-M-STABLE_039_SEG_200001_034_GHL_id_3_Sensor_tr_500,M,STABLE,cosine_centroid,per_sample_selftrain,per_sample_auroc,0.4509,0.4408,0.6061,66,,42,2026-08-26T09:11:18
diversify,TSB-M-STABLE_042_SEG_8469_154_SMAP_id_11_Sensor_tr_211,M,STABLE,energy,per_sample_selftrain,per_sample_auroc,0.0625,0.378,1.0,8,,42,2026-08-26T09:11:20
diversify,TSB-M-STABLE_042_SEG_8469_154_SMAP_id_11_Sensor_tr_211,M,STABLE,cosine_centroid,per_sample_selftrain,per_sample_auroc,0.3125,0.4583,1.0,8,,42,2026-08-26T09:11:20
diversify,TSB-M-STABLE_045_SEG_230400_104_SVDB_id_21_Medical_tr_,M,STABLE,energy,per_sample_selftrain,per_sample_auroc,0.0343,0.326,1.0,150,,42,2026-08-26T09:11:36
diversify,TSB-M-STABLE_045_SEG_230400_104_SVDB_id_21_Medical_tr_,M,STABLE,cosine_centroid,per_sample_selftrain,per_sample_auroc,0.7774,0.6862,0.48,150,,42,2026-08-26T09:11:36
diversify,TSB-M-STABLE_046_SEG_8532_145_SMAP_id_2_Sensor_tr_2133,M,STABLE,energy,per_sample_selftrain,per_sample_auroc,0.7812,0.6844,0.25,16,,42,2026-08-26T09:11:38
diversify,TSB-M-STABLE_046_SEG_8532_145_SMAP_id_2_Sensor_tr_2133,M,STABLE,cosine_centroid,per_sample_selftrain,per_sample_auroc,1.0,1.0,0.0,16,,42,2026-08-26T09:11:38
diversify,TSB-M-STABLE_047_SEG_200001_037_GHL_id_6_Sensor_tr_500,M,STABLE,energy,per_sample_selftrain,per_sample_auroc,0.4523,0.4577,0.7551,98,,42,2026-08-26T09:11:53
diversify,TSB-M-STABLE_047_SEG_200001_037_GHL_id_6_Sensor_tr_500,M,STABLE,cosine_centroid,per_sample_selftrain,per_sample_auroc,0.1458,0.3406,0.9184,98,,42,2026-08-26T09:11:53
diversify,TSB-M-STABLE_048_SEG_230400_092_SVDB_id_9_Medical_tr_2,M,STABLE,energy,per_sample_selftrain,per_sample_auroc,1.0,1.0,0.0,14,,42,2026-08-26T09:11:54
diversify,TSB-M-STABLE_048_SEG_230400_092_SVDB_id_9_Medical_tr_2,M,STABLE,cosine_centroid,per_sample_selftrain,per_sample_auroc,1.0,1.0,0.0,14,,42,2026-08-26T09:11:55
diversify,TSB-M-STABLE_051_SEG_230400_084_SVDB_id_1_Medical_tr_1,M,STABLE,energy,per_sample_selftrain,per_sample_auroc,0.7211,0.7574,0.9677,62,,42,2026-08-26T09:11:57
diversify,TSB-M-STABLE_051_SEG_230400_084_SVDB_id_1_Medical_tr_1,M,STABLE,cosine_centroid,per_sample_selftrain,per_sample_auroc,0.6139,0.5896,0.7742,62,,42,2026-08-26T09:11:57
diversify,TSB-M-STABLE_053_SEG_4693_156_SMAP_id_13_Sensor_tr_117,M,STABLE,energy,per_sample_selftrain,per_sample_auroc,0.0,0.3655,1.0,8,,42,2026-08-26T09:11:58
diversify,TSB-M-STABLE_053_SEG_4693_156_SMAP_id_13_Sensor_tr_117,M,STABLE,cosine_centroid,per_sample_selftrain,per_sample_auroc,0.75,0.875,1.0,8,,42,2026-08-26T09:11:58
diversify,TSB-M-STABLE_055_SEG_8310_150_SMAP_id_7_Sensor_tr_2077,M,STABLE,energy,per_sample_selftrain,per_sample_auroc,0.5556,0.5327,0.5,12,,42,2026-08-26T09:12:00
diversify,TSB-M-STABLE_055_SEG_8310_150_SMAP_id_7_Sensor_tr_2077,M,STABLE,cosine_centroid,per_sample_selftrain,per_sample_auroc,1.0,1.0,0.0,12,,42,2026-08-26T09:12:00
diversify,TSB-M-STABLE_056_SEG_200001_053_GHL_id_22_Sensor_tr_50,M,STABLE,energy,per_sample_selftrain,per_sample_auroc,0.3431,0.3957,0.9545,176,,42,2026-08-26T09:12:22
diversify,TSB-M-STABLE_056_SEG_200001_053_GHL_id_22_Sensor_tr_50,M,STABLE,cosine_centroid,per_sample_selftrain,per_sample_auroc,0.708,0.6155,0.5114,176,,42,2026-08-26T09:12:22
diversify,TSB-M-STABLE_057_SEG_100000_027_MITDB_id_9_Medical_tr_,M,STABLE,energy,per_sample_selftrain,per_sample_auroc,0.471,0.4774,0.9725,218,,42,2026-08-26T09:12:29
diversify,TSB-M-STABLE_057_SEG_100000_027_MITDB_id_9_Medical_tr_,M,STABLE,cosine_centroid,per_sample_selftrain,per_sample_auroc,0.4245,0.4467,1.0,218,,42,2026-08-26T09:12:29
diversify,TSB-M-STABLE_058_SEG_150000_019_MITDB_id_1_Medical_tr_,M,STABLE,energy,per_sample_selftrain,per_sample_auroc,0.5867,0.5284,0.7934,484,,42,2026-08-26T09:12:38
diversify,TSB-M-STABLE_058_SEG_150000_019_MITDB_id_1_Medical_tr_,M,STABLE,cosine_centroid,per_sample_selftrain,per_sample_auroc,0.3844,0.4118,0.9545,484,,42,2026-08-26T09:12:38
diversify,TSB-M-STABLE_059_SEG_8579_168_SMAP_id_25_Sensor_tr_199,M,STABLE,energy,per_sample_selftrain,per_sample_auroc,0.0,0.3544,1.0,10,,42,2026-08-26T09:12:38
diversify,TSB-M-STABLE_059_SEG_8579_168_SMAP_id_25_Sensor_tr_199,M,STABLE,cosine_centroid,per_sample_selftrain,per_sample_auroc,1.0,1.0,0.0,10,,42,2026-08-26T09:12:38
diversify,TSB-M-STABLE_061_SEG_230400_084_SVDB_id_1_Medical_tr_1,M,STABLE,energy,per_sample_selftrain,per_sample_auroc,0.8137,0.8222,0.6452,62,,42,2026-08-26T09:12:40
diversify,TSB-M-STABLE_061_SEG_230400_084_SVDB_id_1_Medical_tr_1,M,STABLE,cosine_centroid,per_sample_selftrain,per_sample_auroc,0.3392,0.3969,0.9355,62,,42,2026-08-26T09:12:40
diversify,TSB-M-STABLE_062_SEG_200001_032_GHL_id_1_Sensor_tr_500,M,STABLE,energy,per_sample_selftrain,per_sample_auroc,0.9312,0.9449,0.16,50,,42,2026-08-26T09:12:47
diversify,TSB-M-STABLE_062_SEG_200001_032_GHL_id_1_Sensor_tr_500,M,STABLE,cosine_centroid,per_sample_selftrain,per_sample_auroc,0.936,0.9452,0.32,50,,42,2026-08-26T09:12:47
diversify,TSB-M-STABLE_063_SEG_200001_034_GHL_id_3_Sensor_tr_500,M,STABLE,energy,per_sample_selftrain,per_sample_auroc,0.9459,0.911,0.1224,98,,42,2026-08-26T09:13:00
diversify,TSB-M-STABLE_063_SEG_200001_034_GHL_id_3_Sensor_tr_500,M,STABLE,cosine_centroid,per_sample_selftrain,per_sample_auroc,0.7951,0.6685,0.2245,98,,42,2026-08-26T09:13:00
diversify,TSB-M-STABLE_069_SEG_230400_089_SVDB_id_6_Medical_tr_5,M,STABLE,energy,per_sample_selftrain,per_sample_auroc,0.5773,0.4867,0.5333,390,,42,2026-08-26T09:13:13
diversify,TSB-M-STABLE_069_SEG_230400_089_SVDB_id_6_Medical_tr_5,M,STABLE,cosine_centroid,per_sample_selftrain,per_sample_auroc,0.5528,0.4827,0.8615,390,,42,2026-08-26T09:13:13
diversify,TSB-M-STABLE_071_SEG_46660_177_Exathlon_id_4_Facility_,M,STABLE,energy,per_sample_selftrain,per_sample_auroc,0.0703,0.3226,1.0,64,,42,2026-08-26T09:13:16
diversify,TSB-M-STABLE_071_SEG_46660_177_Exathlon_id_4_Facility_,M,STABLE,cosine_centroid,per_sample_selftrain,per_sample_auroc,0.1582,0.3925,1.0,64,,42,2026-08-26T09:13:16
diversify,TSB-M-STABLE_073_SEG_46660_185_Exathlon_id_12_Facility,M,STABLE,energy,per_sample_selftrain,per_sample_auroc,0.0703,0.3226,1.0,64,,42,2026-08-26T09:13:19
diversify,TSB-M-STABLE_073_SEG_46660_185_Exathlon_id_12_Facility,M,STABLE,cosine_centroid,per_sample_selftrain,per_sample_auroc,0.1582,0.3925,1.0,64,,42,2026-08-26T09:13:19
diversify,TSB-M-STABLE_078_SEG_200001_045_GHL_id_14_Sensor_tr_50,M,STABLE,energy,per_sample_selftrain,per_sample_auroc,0.2527,0.3673,0.9028,144,,42,2026-08-26T09:13:35
diversify,TSB-M-STABLE_078_SEG_200001_045_GHL_id_14_Sensor_tr_50,M,STABLE,cosine_centroid,per_sample_selftrain,per_sample_auroc,0.1975,0.3511,1.0,144,,42,2026-08-26T09:13:35
diversify,TSB-M-STABLE_080_SEG_200001_044_GHL_id_13_Sensor_tr_50,M,STABLE,energy,per_sample_selftrain,per_sample_auroc,0.75,0.6832,0.75,56,,42,2026-08-26T09:13:57
diversify,TSB-M-STABLE_080_SEG_200001_044_GHL_id_13_Sensor_tr_50,M,STABLE,cosine_centroid,per_sample_selftrain,per_sample_auroc,0.861,0.9057,0.9643,56,,42,2026-08-26T09:13:57
diversify,TSB-M-STABLE_084_SEG_7029_159_SMAP_id_16_Sensor_tr_175,M,STABLE,energy,per_sample_selftrain,per_sample_auroc,0.125,0.3646,1.0,12,,42,2026-08-26T09:13:58
diversify,TSB-M-STABLE_084_SEG_7029_159_SMAP_id_16_Sensor_tr_175,M,STABLE,cosine_centroid,per_sample_selftrain,per_sample_auroc,0.875,0.9167,1.0,12,,42,2026-08-26T09:13:58
diversify,TSB-M-STABLE_085_SEG_46660_191_Exathlon_id_18_Facility,M,STABLE,energy,per_sample_selftrain,per_sample_auroc,0.0703,0.3226,1.0,64,,42,2026-08-26T09:14:01
diversify,TSB-M-STABLE_085_SEG_46660_191_Exathlon_id_18_Facility,M,STABLE,cosine_centroid,per_sample_selftrain,per_sample_auroc,0.1582,0.3925,1.0,64,,42,2026-08-26T09:14:01
diversify,TSB-M-STABLE_086_SEG_8640_147_SMAP_id_4_Sensor_tr_2160,M,STABLE,energy,per_sample_selftrain,per_sample_auroc,0.2656,0.4059,0.75,16,,42,2026-08-26T09:14:02
diversify,TSB-M-STABLE_086_SEG_8640_147_SMAP_id_4_Sensor_tr_2160,M,STABLE,cosine_centroid,per_sample_selftrain,per_sample_auroc,1.0,1.0,0.0,16,,42,2026-08-26T09:14:02
diversify,TSB-M-STABLE_088_SEG_43066_186_Exathlon_id_13_Facility,M,STABLE,energy,per_sample_selftrain,per_sample_auroc,0.39,0.4831,1.0,60,,42,2026-08-26T09:14:06
diversify,TSB-M-STABLE_088_SEG_43066_186_Exathlon_id_13_Facility,M,STABLE,cosine_centroid,per_sample_selftrain,per_sample_auroc,0.4911,0.5468,1.0,60,,42,2026-08-26T09:14:06
diversify,TSB-M-STABLE_089_SEG_230400_086_SVDB_id_3_Medical_tr_5,M,STABLE,energy,per_sample_selftrain,per_sample_auroc,0.0,0.4167,1.0,4,,42,2026-08-26T09:14:07
diversify,TSB-M-STABLE_089_SEG_230400_086_SVDB_id_3_Medical_tr_5,M,STABLE,cosine_centroid,per_sample_selftrain,per_sample_auroc,0.75,0.8333,0.5,4,,42,2026-08-26T09:14:07
diversify,TSB-M-STABLE_092_SEG_230400_086_SVDB_id_3_Medical_tr_5,M,STABLE,energy,per_sample_selftrain,per_sample_auroc,0.0,0.4167,1.0,4,,42,2026-08-26T09:14:08
diversify,TSB-M-STABLE_092_SEG_230400_086_SVDB_id_3_Medical_tr_5,M,STABLE,cosine_centroid,per_sample_selftrain,per_sample_auroc,0.75,0.8333,0.5,4,,42,2026-08-26T09:14:08
diversify,TSB-M-STABLE_093_SEG_230400_095_SVDB_id_12_Medical_tr_,M,STABLE,energy,per_sample_selftrain,per_sample_auroc,0.5822,0.7064,1.0,30,,42,2026-08-26T09:14:09
diversify,TSB-M-STABLE_093_SEG_230400_095_SVDB_id_12_Medical_tr_,M,STABLE,cosine_centroid,per_sample_selftrain,per_sample_auroc,0.5867,0.7112,1.0,30,,42,2026-08-26T09:14:09
diversify,TSB-M-STABLE_094_SEG_28713_068_SMD_id_12_Facility_tr_1,M,STABLE,energy,per_sample_selftrain,per_sample_auroc,0.7778,0.8056,0.3333,6,,42,2026-08-26T09:14:11
diversify,TSB-M-STABLE_094_SEG_28713_068_SMD_id_12_Facility_tr_1,M,STABLE,cosine_centroid,per_sample_selftrain,per_sample_auroc,0.5556,0.7222,1.0,6,,42,2026-08-26T09:14:11
diversify,TSB-M-STABLE_095_SEG_150000_025_MITDB_id_7_Medical_tr_,M,STABLE,energy,per_sample_selftrain,per_sample_auroc,0.6176,0.6709,0.5899,278,,42,2026-08-26T09:14:23
diversify,TSB-M-STABLE_095_SEG_150000_025_MITDB_id_7_Medical_tr_,M,STABLE,cosine_centroid,per_sample_selftrain,per_sample_auroc,0.4667,0.6385,0.9856,278,,42,2026-08-26T09:14:23
diversify,TSB-M-STABLE_096_SEG_28726_058_SMD_id_2_Facility_tr_10,M,STABLE,energy,per_sample_selftrain,per_sample_auroc,0.4444,0.5556,1.0,6,,42,2026-08-26T09:14:25
diversify,TSB-M-STABLE_096_SEG_28726_058_SMD_id_2_Facility_tr_10,M,STABLE,cosine_centroid,per_sample_selftrain,per_sample_auroc,0.5556,0.7222,1.0,6,,42,2026-08-26T09:14:25
diversify,TSB-M-STABLE_097_SEG_8044_148_SMAP_id_5_Sensor_tr_2011,M,STABLE,energy,per_sample_selftrain,per_sample_auroc,0.8333,0.8333,1.0,6,,42,2026-08-26T09:14:26
diversify,TSB-M-STABLE_097_SEG_8044_148_SMAP_id_5_Sensor_tr_2011,M,STABLE,cosine_centroid,per_sample_selftrain,per_sample_auroc,0.8333,0.8333,1.0,6,,42,2026-08-26T09:14:26
diversify,TSB-M-STABLE_099_SEG_28726_058_SMD_id_2_Facility_tr_10,M,STABLE,energy,per_sample_selftrain,per_sample_auroc,0.4444,0.6667,1.0,6,,42,2026-08-26T09:14:28
diversify,TSB-M-STABLE_099_SEG_28726_058_SMD_id_2_Facility_tr_10,M,STABLE,cosine_centroid,per_sample_selftrain,per_sample_auroc,0.4444,0.6667,1.0,6,,42,2026-08-26T09:14:28
diversify,TSB-M-STABLE_100_SEG_8516_165_SMAP_id_22_Sensor_tr_212,M,STABLE,energy,per_sample_selftrain,per_sample_auroc,0.4531,0.5072,1.0,16,,42,2026-08-26T09:14:29
diversify,TSB-M-STABLE_100_SEG_8516_165_SMAP_id_22_Sensor_tr_212,M,STABLE,cosine_centroid,per_sample_selftrain,per_sample_auroc,0.7656,0.8471,0.75,16,,42,2026-08-26T09:14:29
