method,dataset,split,category,arm,eval_mode,metric,auroc,aupr,fpr95,n_eval,drift_delay,seed,timestamp
driftlens,TSB-U-DRIFT_002_SEG_4031_019_NAB_id_19_Facility_tr_100,U,DRIFT,none,batch_level,batch_auroc,0.0,,,4,,42,2026-08-24T09:51:45
ae_adwin_lstm,TSB-U-DRIFT_002_SEG_4031_019_NAB_id_19_Facility_tr_100,U,DRIFT,none,ordered_per_window,per_sample_auroc,0.0395,0.4811,1.0,34,0.0,42,2026-08-24T09:51:45
tdivdm,TSB-U-DRIFT_002_SEG_4031_019_NAB_id_19_Facility_tr_100,U,DRIFT,none,ordered_per_window,per_sample_auroc,0.6285,0.8319,1.0,34,,42,2026-08-24T09:51:45
driftlens,TSB-U-DRIFT_004_SEG_18380_105_WSD_id_77_WebService_tr_,U,DRIFT,none,batch_level,batch_auroc,0.25,,,4,,42,2026-08-24T09:51:52
ae_adwin_lstm,TSB-U-DRIFT_004_SEG_18380_105_WSD_id_77_WebService_tr_,U,DRIFT,none,ordered_per_window,per_sample_auroc,0.4599,0.5602,0.9565,49,4.0,42,2026-08-24T09:51:52
tdivdm,TSB-U-DRIFT_004_SEG_18380_105_WSD_id_77_WebService_tr_,U,DRIFT,none,ordered_per_window,per_sample_auroc,0.6187,0.6657,0.6522,49,,42,2026-08-24T09:51:53
driftlens,TSB-U-DRIFT_006_SEG_18236_067_WSD_id_39_WebService_tr_,U,DRIFT,none,batch_level,batch_auroc,0.2,,,6,,42,2026-08-24T09:52:27
ae_adwin_lstm,TSB-U-DRIFT_006_SEG_18236_067_WSD_id_39_WebService_tr_,U,DRIFT,none,ordered_per_window,per_sample_auroc,0.6095,0.1581,0.8931,144,2.0,42,2026-08-24T09:52:27
tdivdm,TSB-U-DRIFT_006_SEG_18236_067_WSD_id_39_WebService_tr_,U,DRIFT,none,ordered_per_window,per_sample_auroc,0.8033,0.268,0.6947,144,,42,2026-08-24T09:52:29
driftlens,TSB-U-DRIFT_007_SEG_18391_054_WSD_id_26_WebService_tr_,U,DRIFT,none,batch_level,batch_auroc,0.6667,,,4,,42,2026-08-24T09:52:34
ae_adwin_lstm,TSB-U-DRIFT_007_SEG_18391_054_WSD_id_26_WebService_tr_,U,DRIFT,none,ordered_per_window,per_sample_auroc,0.5506,0.5042,0.7917,38,1.0,42,2026-08-24T09:52:34
tdivdm,TSB-U-DRIFT_007_SEG_18391_054_WSD_id_26_WebService_tr_,U,DRIFT,none,ordered_per_window,per_sample_auroc,0.625,0.5287,0.7083,38,,42,2026-08-24T09:52:35
driftlens,TSB-U-DRIFT_009_SEG_18236_047_WSD_id_19_WebService_tr_,U,DRIFT,none,batch_level,batch_auroc,,,,4,,42,2026-08-24T09:53:21
ae_adwin_lstm,TSB-U-DRIFT_009_SEG_18236_047_WSD_id_19_WebService_tr_,U,DRIFT,none,ordered_per_window,per_sample_auroc,0.6993,0.1436,0.5163,159,,42,2026-08-24T09:53:21
tdivdm,TSB-U-DRIFT_009_SEG_18236_047_WSD_id_19_WebService_tr_,U,DRIFT,none,ordered_per_window,per_sample_auroc,0.7179,0.3547,0.8235,159,,42,2026-08-24T09:53:24
driftlens,TSB-U-DRIFT_010_SEG_12000_521_UCR_id_219_Facility_tr_3,U,DRIFT,none,batch_level,batch_auroc,1.0,,,7,,42,2026-08-24T09:53:41
ae_adwin_lstm,TSB-U-DRIFT_010_SEG_12000_521_UCR_id_219_Facility_tr_3,U,DRIFT,none,ordered_per_window,per_sample_auroc,0.7434,0.8929,0.8361,241,6.0,42,2026-08-24T09:53:41
tdivdm,TSB-U-DRIFT_010_SEG_12000_521_UCR_id_219_Facility_tr_3,U,DRIFT,none,ordered_per_window,per_sample_auroc,0.9825,0.9948,0.0492,241,,42,2026-08-24T09:53:43
driftlens,TSB-U-DRIFT_012_SEG_18049_023_NAB_id_23_Facility_tr_45,U,DRIFT,none,batch_level,batch_auroc,0.5,,,9,,42,2026-08-24T09:54:29
ae_adwin_lstm,TSB-U-DRIFT_012_SEG_18049_023_NAB_id_23_Facility_tr_45,U,DRIFT,none,ordered_per_window,per_sample_auroc,0.8959,0.9209,0.671,302,2.0,42,2026-08-24T09:54:30
tdivdm,TSB-U-DRIFT_012_SEG_18049_023_NAB_id_23_Facility_tr_45,U,DRIFT,none,ordered_per_window,per_sample_auroc,0.9051,0.9307,0.7161,302,,42,2026-08-24T09:54:33
driftlens,TSB-U-DRIFT_013_SEG_4031_022_NAB_id_22_Facility_tr_100,U,DRIFT,none,batch_level,batch_auroc,1.0,,,6,,42,2026-08-24T09:54:42
ae_adwin_lstm,TSB-U-DRIFT_013_SEG_4031_022_NAB_id_22_Facility_tr_100,U,DRIFT,none,ordered_per_window,per_sample_auroc,0.3446,0.7965,1.0,222,7.0,42,2026-08-24T09:54:42
tdivdm,TSB-U-DRIFT_013_SEG_4031_022_NAB_id_22_Facility_tr_100,U,DRIFT,none,ordered_per_window,per_sample_auroc,0.3969,0.8328,0.9286,222,,42,2026-08-24T09:54:43
driftlens,TSB-U-DRIFT_014_SEG_18236_050_WSD_id_22_WebService_tr_,U,DRIFT,none,batch_level,batch_auroc,0.1429,,,8,,42,2026-08-24T09:55:17
ae_adwin_lstm,TSB-U-DRIFT_014_SEG_18236_050_WSD_id_22_WebService_tr_,U,DRIFT,none,ordered_per_window,per_sample_auroc,0.7406,0.3815,0.7333,128,1.0,42,2026-08-24T09:55:18
tdivdm,TSB-U-DRIFT_014_SEG_18236_050_WSD_id_22_WebService_tr_,U,DRIFT,none,ordered_per_window,per_sample_auroc,0.8042,0.5172,0.8417,128,,42,2026-08-24T09:55:20
driftlens,TSB-U-DRIFT_015_SEG_18236_095_WSD_id_67_WebService_tr_,U,DRIFT,none,batch_level,batch_auroc,1.0,,,4,,42,2026-08-24T09:55:33
ae_adwin_lstm,TSB-U-DRIFT_015_SEG_18236_095_WSD_id_67_WebService_tr_,U,DRIFT,none,ordered_per_window,per_sample_auroc,0.2063,0.3617,0.9524,42,2.0,42,2026-08-24T09:55:33
tdivdm,TSB-U-DRIFT_015_SEG_18236_095_WSD_id_67_WebService_tr_,U,DRIFT,none,ordered_per_window,per_sample_auroc,0.3129,0.4116,0.9048,42,,42,2026-08-24T09:55:34
driftlens,TSB-U-DRIFT_016_SEG_18236_100_WSD_id_72_WebService_tr_,U,DRIFT,none,batch_level,batch_auroc,1.0,,,4,,42,2026-08-24T09:56:21
ae_adwin_lstm,TSB-U-DRIFT_016_SEG_18236_100_WSD_id_72_WebService_tr_,U,DRIFT,none,ordered_per_window,per_sample_auroc,0.4407,0.2047,0.9792,125,11.0,42,2026-08-24T09:56:21
tdivdm,TSB-U-DRIFT_016_SEG_18236_100_WSD_id_72_WebService_tr_,U,DRIFT,none,ordered_per_window,per_sample_auroc,0.4023,0.1953,0.9896,125,,42,2026-08-24T09:56:22
driftlens,TSB-U-DRIFT_017_SEG_8784_275_IOPS_id_16_WebService_tr_,U,DRIFT,none,batch_level,batch_auroc,0.5,,,4,,42,2026-08-24T09:56:31
ae_adwin_lstm,TSB-U-DRIFT_017_SEG_8784_275_IOPS_id_16_WebService_tr_,U,DRIFT,none,ordered_per_window,per_sample_auroc,0.6095,0.7686,1.0,29,2.0,42,2026-08-24T09:56:31
tdivdm,TSB-U-DRIFT_017_SEG_8784_275_IOPS_id_16_WebService_tr_,U,DRIFT,none,ordered_per_window,per_sample_auroc,0.6238,0.6909,0.9333,29,,42,2026-08-24T09:56:31
driftlens,TSB-U-DRIFT_020_SEG_18193_088_WSD_id_60_WebService_tr_,U,DRIFT,none,batch_level,batch_auroc,1.0,,,4,,42,2026-08-24T09:56:42
ae_adwin_lstm,TSB-U-DRIFT_020_SEG_18193_088_WSD_id_60_WebService_tr_,U,DRIFT,none,ordered_per_window,per_sample_auroc,0.3575,0.3404,0.9808,86,1.0,42,2026-08-24T09:56:42
tdivdm,TSB-U-DRIFT_020_SEG_18193_088_WSD_id_60_WebService_tr_,U,DRIFT,none,ordered_per_window,per_sample_auroc,0.6629,0.6057,0.9615,86,,42,2026-08-24T09:56:43
driftlens,TSB-U-DRIFT_023_SEG_10744_096_WSD_id_68_WebService_tr_,U,DRIFT,none,batch_level,batch_auroc,0.5,,,4,,42,2026-08-24T09:56:47
ae_adwin_lstm,TSB-U-DRIFT_023_SEG_10744_096_WSD_id_68_WebService_tr_,U,DRIFT,none,ordered_per_window,per_sample_auroc,0.4881,0.608,0.9286,26,5.0,42,2026-08-24T09:56:48
tdivdm,TSB-U-DRIFT_023_SEG_10744_096_WSD_id_68_WebService_tr_,U,DRIFT,none,ordered_per_window,per_sample_auroc,0.5952,0.674,0.8571,26,,42,2026-08-24T09:56:48
driftlens,TSB-U-DRIFT_024_SEG_130400_241_SVDB_id_5_Medical_tr_11,U,DRIFT,none,batch_level,batch_auroc,0.9333,,,13,,42,2026-08-24T09:58:12
ae_adwin_lstm,TSB-U-DRIFT_024_SEG_130400_241_SVDB_id_5_Medical_tr_11,U,DRIFT,none,ordered_per_window,per_sample_auroc,0.332,0.6618,1.0,444,2.0,42,2026-08-24T09:58:13
tdivdm,TSB-U-DRIFT_024_SEG_130400_241_SVDB_id_5_Medical_tr_11,U,DRIFT,none,ordered_per_window,per_sample_auroc,0.5712,0.7664,0.8182,444,,42,2026-08-24T09:58:19
driftlens,TSB-U-DRIFT_031_SEG_15736_116_WSD_id_88_WebService_tr_,U,DRIFT,none,batch_level,batch_auroc,0.6667,,,4,,42,2026-08-24T10:00:08
ae_adwin_lstm,TSB-U-DRIFT_031_SEG_15736_116_WSD_id_88_WebService_tr_,U,DRIFT,none,ordered_per_window,per_sample_auroc,0.2748,0.1445,1.0,152,4.0,42,2026-08-24T10:00:09
tdivdm,TSB-U-DRIFT_031_SEG_15736_116_WSD_id_88_WebService_tr_,U,DRIFT,none,ordered_per_window,per_sample_auroc,0.342,0.108,0.9615,152,,42,2026-08-24T10:00:16
driftlens,TSB-U-DRIFT_032_SEG_15000_073_WSD_id_45_WebService_tr_,U,DRIFT,none,batch_level,batch_auroc,0.6667,,,4,,42,2026-08-24T10:00:44
ae_adwin_lstm,TSB-U-DRIFT_032_SEG_15000_073_WSD_id_45_WebService_tr_,U,DRIFT,none,ordered_per_window,per_sample_auroc,0.4478,0.3422,0.9697,51,5.0,42,2026-08-24T10:00:45
tdivdm,TSB-U-DRIFT_032_SEG_15000_073_WSD_id_45_WebService_tr_,U,DRIFT,none,ordered_per_window,per_sample_auroc,0.5623,0.4001,0.7576,51,,42,2026-08-24T10:00:46
driftlens,TSB-U-DRIFT_033_SEG_13237_094_WSD_id_66_WebService_tr_,U,DRIFT,none,batch_level,batch_auroc,1.0,,,4,,42,2026-08-24T10:01:20
ae_adwin_lstm,TSB-U-DRIFT_033_SEG_13237_094_WSD_id_66_WebService_tr_,U,DRIFT,none,ordered_per_window,per_sample_auroc,0.4234,0.3345,0.9459,55,5.0,42,2026-08-24T10:01:20
tdivdm,TSB-U-DRIFT_033_SEG_13237_094_WSD_id_66_WebService_tr_,U,DRIFT,none,ordered_per_window,per_sample_auroc,0.6757,0.5958,0.8919,55,,42,2026-08-24T10:01:22
driftlens,TSB-U-DRIFT_035_SEG_18391_054_WSD_id_26_WebService_tr_,U,DRIFT,none,batch_level,batch_auroc,0.5,,,4,,42,2026-08-24T10:01:39
ae_adwin_lstm,TSB-U-DRIFT_035_SEG_18391_054_WSD_id_26_WebService_tr_,U,DRIFT,none,ordered_per_window,per_sample_auroc,0.4633,0.5299,0.7917,49,1.0,42,2026-08-24T10:01:39
tdivdm,TSB-U-DRIFT_035_SEG_18391_054_WSD_id_26_WebService_tr_,U,DRIFT,none,ordered_per_window,per_sample_auroc,0.655,0.6465,0.7083,49,,42,2026-08-24T10:01:41
driftlens,TSB-U-DRIFT_036_SEG_17189_049_WSD_id_21_WebService_tr_,U,DRIFT,none,batch_level,batch_auroc,0.0,,,4,,42,2026-08-24T10:02:28
ae_adwin_lstm,TSB-U-DRIFT_036_SEG_17189_049_WSD_id_21_WebService_tr_,U,DRIFT,none,ordered_per_window,per_sample_auroc,0.6616,0.4235,0.8182,78,1.0,42,2026-08-24T10:02:28
tdivdm,TSB-U-DRIFT_036_SEG_17189_049_WSD_id_21_WebService_tr_,U,DRIFT,none,ordered_per_window,per_sample_auroc,0.5354,0.228,0.9545,78,,42,2026-08-24T10:02:36
driftlens,TSB-U-DRIFT_037_SEG_22700_191_SMD_id_14_Facility_tr_45,U,DRIFT,none,batch_level,batch_auroc,1.0,,,4,,42,2026-08-24T10:03:24
ae_adwin_lstm,TSB-U-DRIFT_037_SEG_22700_191_SMD_id_14_Facility_tr_45,U,DRIFT,none,ordered_per_window,per_sample_auroc,0.4822,0.7117,0.8864,150,0.0,42,2026-08-24T10:03:24
tdivdm,TSB-U-DRIFT_037_SEG_22700_191_SMD_id_14_Facility_tr_45,U,DRIFT,none,ordered_per_window,per_sample_auroc,0.8345,0.9193,0.5909,150,,42,2026-08-24T10:03:27
driftlens,TSB-U-DRIFT_041_SEG_15736_111_WSD_id_83_WebService_tr_,U,DRIFT,none,batch_level,batch_auroc,,,,2,,42,2026-08-24T10:04:25
ae_adwin_lstm,TSB-U-DRIFT_041_SEG_15736_111_WSD_id_83_WebService_tr_,U,DRIFT,none,ordered_per_window,per_sample_auroc,0.7239,0.4833,0.6901,76,0.0,42,2026-08-24T10:04:25
tdivdm,TSB-U-DRIFT_041_SEG_15736_111_WSD_id_83_WebService_tr_,U,DRIFT,none,ordered_per_window,per_sample_auroc,0.6563,0.3648,0.7746,76,,42,2026-08-24T10:04:29
driftlens,TSB-U-DRIFT_042_SEG_18236_029_WSD_id_1_WebService_tr_4,U,DRIFT,none,batch_level,batch_auroc,1.0,,,4,,42,2026-08-24T10:05:39
ae_adwin_lstm,TSB-U-DRIFT_042_SEG_18236_029_WSD_id_1_WebService_tr_4,U,DRIFT,none,ordered_per_window,per_sample_auroc,0.2721,0.1058,0.9792,113,5.0,42,2026-08-24T10:05:39
tdivdm,TSB-U-DRIFT_042_SEG_18236_029_WSD_id_1_WebService_tr_4,U,DRIFT,none,ordered_per_window,per_sample_auroc,0.3701,0.1255,0.9479,113,,42,2026-08-24T10:05:44
driftlens,TSB-U-DRIFT_045_SEG_18236_062_WSD_id_34_WebService_tr_,U,DRIFT,none,batch_level,batch_auroc,0.6,,,6,,42,2026-08-24T10:06:11
ae_adwin_lstm,TSB-U-DRIFT_045_SEG_18236_062_WSD_id_34_WebService_tr_,U,DRIFT,none,ordered_per_window,per_sample_auroc,0.4317,0.8268,0.9697,212,2.0,42,2026-08-24T10:06:12
tdivdm,TSB-U-DRIFT_045_SEG_18236_062_WSD_id_34_WebService_tr_,U,DRIFT,none,ordered_per_window,per_sample_auroc,0.6486,0.9154,0.9394,212,,42,2026-08-24T10:06:14
driftlens,TSB-U-DRIFT_048_SEG_65000_314_UCR_id_12_HumanActivity_,U,DRIFT,none,batch_level,batch_auroc,0.7273,,,12,,42,2026-08-24T10:10:43
ae_adwin_lstm,TSB-U-DRIFT_048_SEG_65000_314_UCR_id_12_HumanActivity_,U,DRIFT,none,ordered_per_window,per_sample_auroc,0.7682,0.3315,0.6898,407,5.0,42,2026-08-24T10:10:44
tdivdm,TSB-U-DRIFT_048_SEG_65000_314_UCR_id_12_HumanActivity_,U,DRIFT,none,ordered_per_window,per_sample_auroc,0.8103,0.5235,0.662,407,,42,2026-08-24T10:10:59
driftlens,TSB-U-DRIFT_049_SEG_18236_122_WSD_id_94_WebService_tr_,U,DRIFT,none,batch_level,batch_auroc,0.5833,,,7,,42,2026-08-24T10:11:49
ae_adwin_lstm,TSB-U-DRIFT_049_SEG_18236_122_WSD_id_94_WebService_tr_,U,DRIFT,none,ordered_per_window,per_sample_auroc,0.5687,0.7415,0.963,236,0.0,42,2026-08-24T10:11:49
tdivdm,TSB-U-DRIFT_049_SEG_18236_122_WSD_id_94_WebService_tr_,U,DRIFT,none,ordered_per_window,per_sample_auroc,0.7259,0.8579,0.9136,236,,42,2026-08-24T10:11:52
driftlens,TSB-U-DRIFT_050_SEG_650000_177_MITDB_id_8_Medical_tr_1,U,DRIFT,none,batch_level,batch_auroc,0.48,,,35,,42,2026-08-24T10:13:57
ae_adwin_lstm,TSB-U-DRIFT_050_SEG_650000_177_MITDB_id_8_Medical_tr_1,U,DRIFT,none,ordered_per_window,per_sample_auroc,0.4853,0.8448,0.9701,1137,0.0,42,2026-08-24T10:13:59
tdivdm,TSB-U-DRIFT_050_SEG_650000_177_MITDB_id_8_Medical_tr_1,U,DRIFT,none,ordered_per_window,per_sample_auroc,0.4705,0.8474,0.9521,1137,,42,2026-08-24T10:14:14
driftlens,TSB-U-DRIFT_054_SEG_18084_030_WSD_id_2_WebService_tr_4,U,DRIFT,none,batch_level,batch_auroc,0.0,,,2,,42,2026-08-24T10:14:45
ae_adwin_lstm,TSB-U-DRIFT_054_SEG_18084_030_WSD_id_2_WebService_tr_4,U,DRIFT,none,ordered_per_window,per_sample_auroc,0.5998,0.6418,0.9302,72,5.0,42,2026-08-24T10:14:45
tdivdm,TSB-U-DRIFT_054_SEG_18084_030_WSD_id_2_WebService_tr_4,U,DRIFT,none,ordered_per_window,per_sample_auroc,0.7346,0.7449,0.8605,72,,42,2026-08-24T10:14:47
driftlens,TSB-U-DRIFT_055_SEG_18236_099_WSD_id_71_WebService_tr_,U,DRIFT,none,batch_level,batch_auroc,0.75,,,13,,42,2026-08-24T10:16:05
ae_adwin_lstm,TSB-U-DRIFT_055_SEG_18236_099_WSD_id_71_WebService_tr_,U,DRIFT,none,ordered_per_window,per_sample_auroc,0.65,0.3158,0.7037,143,5.0,42,2026-08-24T10:16:06
tdivdm,TSB-U-DRIFT_055_SEG_18236_099_WSD_id_71_WebService_tr_,U,DRIFT,none,ordered_per_window,per_sample_auroc,0.7176,0.3224,0.5185,143,,42,2026-08-24T10:16:13
driftlens,TSB-U-DRIFT_056_SEG_17438_120_WSD_id_92_WebService_tr_,U,DRIFT,none,batch_level,batch_auroc,1.0,,,2,,42,2026-08-24T10:16:34
ae_adwin_lstm,TSB-U-DRIFT_056_SEG_17438_120_WSD_id_92_WebService_tr_,U,DRIFT,none,ordered_per_window,per_sample_auroc,0.2448,0.523,0.9565,69,16.0,42,2026-08-24T10:16:34
tdivdm,TSB-U-DRIFT_056_SEG_17438_120_WSD_id_92_WebService_tr_,U,DRIFT,none,ordered_per_window,per_sample_auroc,0.7363,0.8515,0.7826,69,,42,2026-08-24T10:16:35
driftlens,TSB-U-DRIFT_059_SEG_18236_052_WSD_id_24_WebService_tr_,U,DRIFT,none,batch_level,batch_auroc,1.0,,,6,,42,2026-08-24T10:18:29
ae_adwin_lstm,TSB-U-DRIFT_059_SEG_18236_052_WSD_id_24_WebService_tr_,U,DRIFT,none,ordered_per_window,per_sample_auroc,0.5722,0.1962,1.0,96,5.0,42,2026-08-24T10:18:30
tdivdm,TSB-U-DRIFT_059_SEG_18236_052_WSD_id_24_WebService_tr_,U,DRIFT,none,ordered_per_window,per_sample_auroc,0.6021,0.3178,1.0,96,,42,2026-08-24T10:18:35
driftlens,TSB-U-DRIFT_061_SEG_15736_116_WSD_id_88_WebService_tr_,U,DRIFT,none,batch_level,batch_auroc,1.0,,,4,,42,2026-08-24T10:20:21
ae_adwin_lstm,TSB-U-DRIFT_061_SEG_15736_116_WSD_id_88_WebService_tr_,U,DRIFT,none,ordered_per_window,per_sample_auroc,0.3072,0.173,1.0,159,4.0,42,2026-08-24T10:20:21
tdivdm,TSB-U-DRIFT_061_SEG_15736_116_WSD_id_88_WebService_tr_,U,DRIFT,none,ordered_per_window,per_sample_auroc,0.4814,0.2088,0.9846,159,,42,2026-08-24T10:20:36
driftlens,TSB-U-DRIFT_063_SEG_23703_179_SMD_id_2_Facility_tr_592,U,DRIFT,none,batch_level,batch_auroc,1.0,,,6,,42,2026-08-24T10:24:33
ae_adwin_lstm,TSB-U-DRIFT_063_SEG_23703_179_SMD_id_2_Facility_tr_592,U,DRIFT,none,ordered_per_window,per_sample_auroc,0.2444,0.0553,1.0,180,8.0,42,2026-08-24T10:24:34
tdivdm,TSB-U-DRIFT_063_SEG_23703_179_SMD_id_2_Facility_tr_592,U,DRIFT,none,ordered_per_window,per_sample_auroc,0.4909,0.0831,0.9576,180,,42,2026-08-24T10:24:41
driftlens,TSB-U-DRIFT_064_SEG_15285_076_WSD_id_48_WebService_tr_,U,DRIFT,none,batch_level,batch_auroc,1.0,,,4,,42,2026-08-24T10:25:30
ae_adwin_lstm,TSB-U-DRIFT_064_SEG_15285_076_WSD_id_48_WebService_tr_,U,DRIFT,none,ordered_per_window,per_sample_auroc,0.5146,0.2871,0.7727,92,,42,2026-08-24T10:25:31
tdivdm,TSB-U-DRIFT_064_SEG_15285_076_WSD_id_48_WebService_tr_,U,DRIFT,none,ordered_per_window,per_sample_auroc,0.7424,0.4945,0.6515,92,,42,2026-08-24T10:25:34
driftlens,TSB-U-DRIFT_065_SEG_28479_184_SMD_id_7_Facility_tr_711,U,DRIFT,none,batch_level,batch_auroc,0.4,,,8,,42,2026-08-24T10:26:50
ae_adwin_lstm,TSB-U-DRIFT_065_SEG_28479_184_SMD_id_7_Facility_tr_711,U,DRIFT,none,ordered_per_window,per_sample_auroc,0.5117,0.4463,0.9329,258,1.0,42,2026-08-24T10:26:51
tdivdm,TSB-U-DRIFT_065_SEG_28479_184_SMD_id_7_Facility_tr_711,U,DRIFT,none,ordered_per_window,per_sample_auroc,0.6115,0.5615,0.9128,258,,42,2026-08-24T10:27:05
driftlens,TSB-U-DRIFT_066_SEG_650000_173_MITDB_id_4_Medical_tr_1,U,DRIFT,none,batch_level,batch_auroc,0.6948,,,81,,42,2026-08-24T10:28:48
ae_adwin_lstm,TSB-U-DRIFT_066_SEG_650000_173_MITDB_id_4_Medical_tr_1,U,DRIFT,none,ordered_per_window,per_sample_auroc,0.4808,0.9539,0.9612,2614,4.0,42,2026-08-24T10:28:54
tdivdm,TSB-U-DRIFT_066_SEG_650000_173_MITDB_id_4_Medical_tr_1,U,DRIFT,none,ordered_per_window,per_sample_auroc,0.6051,0.961,0.7984,2614,,42,2026-08-24T10:29:23
driftlens,TSB-U-DRIFT_068_SEG_18380_112_WSD_id_84_WebService_tr_,U,DRIFT,none,batch_level,batch_auroc,0.5,,,4,,42,2026-08-24T10:29:41
ae_adwin_lstm,TSB-U-DRIFT_068_SEG_18380_112_WSD_id_84_WebService_tr_,U,DRIFT,none,ordered_per_window,per_sample_auroc,0.4007,0.5022,0.8333,58,1.0,42,2026-08-24T10:29:41
tdivdm,TSB-U-DRIFT_068_SEG_18380_112_WSD_id_84_WebService_tr_,U,DRIFT,none,ordered_per_window,per_sample_auroc,0.7071,0.7531,0.7083,58,,42,2026-08-24T10:29:42
driftlens,TSB-U-DRIFT_069_SEG_17186_041_WSD_id_13_WebService_tr_,U,DRIFT,none,batch_level,batch_auroc,0.6667,,,4,,42,2026-08-24T10:30:16
ae_adwin_lstm,TSB-U-DRIFT_069_SEG_17186_041_WSD_id_13_WebService_tr_,U,DRIFT,none,ordered_per_window,per_sample_auroc,0.6579,0.4303,0.7347,70,,42,2026-08-24T10:30:16
tdivdm,TSB-U-DRIFT_069_SEG_17186_041_WSD_id_13_WebService_tr_,U,DRIFT,none,ordered_per_window,per_sample_auroc,0.5821,0.5655,0.8571,70,,42,2026-08-24T10:30:19
driftlens,TSB-U-DRIFT_070_SEG_18236_079_WSD_id_51_WebService_tr_,U,DRIFT,none,batch_level,batch_auroc,0.3333,,,4,,42,2026-08-24T10:31:45
ae_adwin_lstm,TSB-U-DRIFT_070_SEG_18236_079_WSD_id_51_WebService_tr_,U,DRIFT,none,ordered_per_window,per_sample_auroc,0.5489,0.1718,0.87,119,7.0,42,2026-08-24T10:31:45
tdivdm,TSB-U-DRIFT_070_SEG_18236_079_WSD_id_51_WebService_tr_,U,DRIFT,none,ordered_per_window,per_sample_auroc,0.6826,0.2619,0.76,119,,42,2026-08-24T10:31:50
driftlens,TSB-U-DRIFT_073_SEG_15285_076_WSD_id_48_WebService_tr_,U,DRIFT,none,batch_level,batch_auroc,1.0,,,4,,42,2026-08-24T10:32:39
ae_adwin_lstm,TSB-U-DRIFT_073_SEG_15285_076_WSD_id_48_WebService_tr_,U,DRIFT,none,ordered_per_window,per_sample_auroc,0.5828,0.1923,0.7727,79,,42,2026-08-24T10:32:40
tdivdm,TSB-U-DRIFT_073_SEG_15285_076_WSD_id_48_WebService_tr_,U,DRIFT,none,ordered_per_window,per_sample_auroc,0.6643,0.2985,0.7576,79,,42,2026-08-24T10:32:43
driftlens,TSB-U-DRIFT_074_SEG_230400_251_SVDB_id_15_Medical_tr_5,U,DRIFT,none,batch_level,batch_auroc,0.5882,,,19,,42,2026-08-24T10:33:47
ae_adwin_lstm,TSB-U-DRIFT_074_SEG_230400_251_SVDB_id_15_Medical_tr_5,U,DRIFT,none,ordered_per_window,per_sample_auroc,0.3286,0.8869,0.9808,624,1.0,42,2026-08-24T10:33:48
tdivdm,TSB-U-DRIFT_074_SEG_230400_251_SVDB_id_15_Medical_tr_5,U,DRIFT,none,ordered_per_window,per_sample_auroc,0.6541,0.9539,0.8654,624,,42,2026-08-24T10:33:56
driftlens,TSB-U-DRIFT_075_SEG_22700_191_SMD_id_14_Facility_tr_45,U,DRIFT,none,batch_level,batch_auroc,0.0,,,2,,42,2026-08-24T10:34:43
ae_adwin_lstm,TSB-U-DRIFT_075_SEG_22700_191_SMD_id_14_Facility_tr_45,U,DRIFT,none,ordered_per_window,per_sample_auroc,0.5836,0.5809,0.9545,75,0.0,42,2026-08-24T10:34:43
tdivdm,TSB-U-DRIFT_075_SEG_22700_191_SMD_id_14_Facility_tr_45,U,DRIFT,none,ordered_per_window,per_sample_auroc,0.6935,0.6176,0.6591,75,,42,2026-08-24T10:34:46
driftlens,TSB-U-DRIFT_076_SEG_18242_113_WSD_id_85_WebService_tr_,U,DRIFT,none,batch_level,batch_auroc,1.0,,,8,,42,2026-08-24T10:34:52
ae_adwin_lstm,TSB-U-DRIFT_076_SEG_18242_113_WSD_id_85_WebService_tr_,U,DRIFT,none,ordered_per_window,per_sample_auroc,0.7018,0.9724,1.0,41,,42,2026-08-24T10:34:53
tdivdm,TSB-U-DRIFT_076_SEG_18242_113_WSD_id_85_WebService_tr_,U,DRIFT,none,ordered_per_window,per_sample_auroc,0.5877,0.9507,1.0,41,,42,2026-08-24T10:34:53
driftlens,TSB-U-DRIFT_078_SEG_10744_096_WSD_id_68_WebService_tr_,U,DRIFT,none,batch_level,batch_auroc,0.5,,,4,,42,2026-08-24T10:35:07
ae_adwin_lstm,TSB-U-DRIFT_078_SEG_10744_096_WSD_id_68_WebService_tr_,U,DRIFT,none,ordered_per_window,per_sample_auroc,0.6327,0.7406,0.7143,28,5.0,42,2026-08-24T10:35:08
tdivdm,TSB-U-DRIFT_078_SEG_10744_096_WSD_id_68_WebService_tr_,U,DRIFT,none,ordered_per_window,per_sample_auroc,0.4949,0.635,1.0,28,,42,2026-08-24T10:35:09
driftlens,TSB-U-DRIFT_083_SEG_17794_129_WSD_id_101_WebService_tr,U,DRIFT,none,batch_level,batch_auroc,0.6667,,,4,,42,2026-08-24T10:36:24
ae_adwin_lstm,TSB-U-DRIFT_083_SEG_17794_129_WSD_id_101_WebService_tr,U,DRIFT,none,ordered_per_window,per_sample_auroc,0.3693,0.2429,0.9889,115,0.0,42,2026-08-24T10:36:25
tdivdm,TSB-U-DRIFT_083_SEG_17794_129_WSD_id_101_WebService_tr,U,DRIFT,none,ordered_per_window,per_sample_auroc,0.6507,0.4094,0.9667,115,,42,2026-08-24T10:36:31
driftlens,TSB-U-DRIFT_084_SEG_20000_208_SMD_id_31_Facility_tr_50,U,DRIFT,none,batch_level,batch_auroc,0.5,,,10,,42,2026-08-24T10:38:49
ae_adwin_lstm,TSB-U-DRIFT_084_SEG_20000_208_SMD_id_31_Facility_tr_50,U,DRIFT,none,ordered_per_window,per_sample_auroc,0.6966,0.7971,0.8944,350,6.0,42,2026-08-24T10:38:49
tdivdm,TSB-U-DRIFT_084_SEG_20000_208_SMD_id_31_Facility_tr_50,U,DRIFT,none,ordered_per_window,per_sample_auroc,0.8207,0.8926,0.8944,350,,42,2026-08-24T10:38:57
driftlens,TSB-U-DRIFT_085_SEG_18242_113_WSD_id_85_WebService_tr_,U,DRIFT,none,batch_level,batch_auroc,0.2,,,6,,42,2026-08-24T10:39:04
ae_adwin_lstm,TSB-U-DRIFT_085_SEG_18242_113_WSD_id_85_WebService_tr_,U,DRIFT,none,ordered_per_window,per_sample_auroc,0.5873,0.9322,1.0,24,,42,2026-08-24T10:39:05
tdivdm,TSB-U-DRIFT_085_SEG_18242_113_WSD_id_85_WebService_tr_,U,DRIFT,none,ordered_per_window,per_sample_auroc,0.4444,0.8755,1.0,24,,42,2026-08-24T10:39:05
driftlens,TSB-U-DRIFT_086_SEG_18219_039_WSD_id_11_WebService_tr_,U,DRIFT,none,batch_level,batch_auroc,1.0,,,4,,42,2026-08-24T10:39:21
ae_adwin_lstm,TSB-U-DRIFT_086_SEG_18219_039_WSD_id_11_WebService_tr_,U,DRIFT,none,ordered_per_window,per_sample_auroc,0.3368,0.6233,0.9412,57,4.0,42,2026-08-24T10:39:21
tdivdm,TSB-U-DRIFT_086_SEG_18219_039_WSD_id_11_WebService_tr_,U,DRIFT,none,ordered_per_window,per_sample_auroc,0.3779,0.6877,1.0,57,,42,2026-08-24T10:39:23
driftlens,TSB-U-DRIFT_088_SEG_70001_388_UCR_id_86_Facility_tr_17,U,DRIFT,none,batch_level,batch_auroc,1.0,,,12,,42,2026-08-24T10:41:53
ae_adwin_lstm,TSB-U-DRIFT_088_SEG_70001_388_UCR_id_86_Facility_tr_17,U,DRIFT,none,ordered_per_window,per_sample_auroc,0.9909,0.9938,0.0,398,3.0,42,2026-08-24T10:41:54
tdivdm,TSB-U-DRIFT_088_SEG_70001_388_UCR_id_86_Facility_tr_17,U,DRIFT,none,ordered_per_window,per_sample_auroc,0.9869,0.9914,0.0,398,,42,2026-08-24T10:42:06
driftlens,TSB-U-DRIFT_089_SEG_17794_129_WSD_id_101_WebService_tr,U,DRIFT,none,batch_level,batch_auroc,0.1429,,,8,,42,2026-08-24T10:43:13
ae_adwin_lstm,TSB-U-DRIFT_089_SEG_17794_129_WSD_id_101_WebService_tr,U,DRIFT,none,ordered_per_window,per_sample_auroc,0.7099,0.3382,0.8444,99,0.0,42,2026-08-24T10:43:13
tdivdm,TSB-U-DRIFT_089_SEG_17794_129_WSD_id_101_WebService_tr,U,DRIFT,none,ordered_per_window,per_sample_auroc,0.837,0.55,0.7778,99,,42,2026-08-24T10:43:18
driftlens,TSB-U-DRIFT_090_SEG_18179_093_WSD_id_65_WebService_tr_,U,DRIFT,none,batch_level,batch_auroc,0.3333,,,4,,42,2026-08-24T10:43:29
ae_adwin_lstm,TSB-U-DRIFT_090_SEG_18179_093_WSD_id_65_WebService_tr_,U,DRIFT,none,ordered_per_window,per_sample_auroc,0.184,0.7042,1.0,60,7.0,42,2026-08-24T10:43:29
tdivdm,TSB-U-DRIFT_090_SEG_18179_093_WSD_id_65_WebService_tr_,U,DRIFT,none,ordered_per_window,per_sample_auroc,0.783,0.9401,0.75,60,,42,2026-08-24T10:43:30
driftlens,TSB-U-DRIFT_091_SEG_149156_272_IOPS_id_13_WebService_t,U,DRIFT,none,batch_level,batch_auroc,0.0,,,5,,42,2026-08-24T10:44:03
ae_adwin_lstm,TSB-U-DRIFT_091_SEG_149156_272_IOPS_id_13_WebService_t,U,DRIFT,none,ordered_per_window,per_sample_auroc,0.5649,0.8506,0.8788,161,4.0,42,2026-08-24T10:44:04
tdivdm,TSB-U-DRIFT_091_SEG_149156_272_IOPS_id_13_WebService_t,U,DRIFT,none,ordered_per_window,per_sample_auroc,0.7898,0.945,0.9091,161,,42,2026-08-24T10:44:06
driftlens,TSB-U-DRIFT_092_SEG_23703_205_SMD_id_28_Facility_tr_59,U,DRIFT,none,batch_level,batch_auroc,1.0,,,6,,42,2026-08-24T10:46:22
ae_adwin_lstm,TSB-U-DRIFT_092_SEG_23703_205_SMD_id_28_Facility_tr_59,U,DRIFT,none,ordered_per_window,per_sample_auroc,0.4376,0.0873,0.9818,180,1.0,42,2026-08-24T10:46:22
tdivdm,TSB-U-DRIFT_092_SEG_23703_205_SMD_id_28_Facility_tr_59,U,DRIFT,none,ordered_per_window,per_sample_auroc,0.6501,0.1453,0.9091,180,,42,2026-08-24T10:46:35
driftlens,TSB-U-DRIFT_094_SEG_18197_068_WSD_id_40_WebService_tr_,U,DRIFT,none,batch_level,batch_auroc,0.0,,,4,,42,2026-08-24T10:48:39
ae_adwin_lstm,TSB-U-DRIFT_094_SEG_18197_068_WSD_id_40_WebService_tr_,U,DRIFT,none,ordered_per_window,per_sample_auroc,0.5916,0.2984,0.808,146,5.0,42,2026-08-24T10:48:39
tdivdm,TSB-U-DRIFT_094_SEG_18197_068_WSD_id_40_WebService_tr_,U,DRIFT,none,ordered_per_window,per_sample_auroc,0.6987,0.36,0.872,146,,42,2026-08-24T10:48:45
driftlens,TSB-U-DRIFT_096_SEG_18236_067_WSD_id_39_WebService_tr_,U,DRIFT,none,batch_level,batch_auroc,0.3333,,,4,,42,2026-08-24T10:50:27
ae_adwin_lstm,TSB-U-DRIFT_096_SEG_18236_067_WSD_id_39_WebService_tr_,U,DRIFT,none,ordered_per_window,per_sample_auroc,0.5224,0.1775,0.8092,154,2.0,42,2026-08-24T10:50:28
tdivdm,TSB-U-DRIFT_096_SEG_18236_067_WSD_id_39_WebService_tr_,U,DRIFT,none,ordered_per_window,per_sample_auroc,0.7859,0.3392,0.6718,154,,42,2026-08-24T10:50:34
driftlens,TSB-U-DRIFT_097_SEG_18380_105_WSD_id_77_WebService_tr_,U,DRIFT,none,batch_level,batch_auroc,0.0,,,4,,42,2026-08-24T10:50:56
ae_adwin_lstm,TSB-U-DRIFT_097_SEG_18380_105_WSD_id_77_WebService_tr_,U,DRIFT,none,ordered_per_window,per_sample_auroc,0.3898,0.5478,1.0,52,4.0,42,2026-08-24T10:50:56
tdivdm,TSB-U-DRIFT_097_SEG_18380_105_WSD_id_77_WebService_tr_,U,DRIFT,none,ordered_per_window,per_sample_auroc,0.6267,0.6891,0.6522,52,,42,2026-08-24T10:50:58
driftlens,TSB-U-DRIFT_099_SEG_5000_294_TODS_id_8_Synthetic_tr_50,U,DRIFT,none,batch_level,batch_auroc,,,,1,,42,2026-08-24T10:51:07
ae_adwin_lstm,TSB-U-DRIFT_099_SEG_5000_294_TODS_id_8_Synthetic_tr_50,U,DRIFT,none,ordered_per_window,per_sample_auroc,0.617,0.9901,1.0,48,8.0,42,2026-08-24T10:51:08
tdivdm,TSB-U-DRIFT_099_SEG_5000_294_TODS_id_8_Synthetic_tr_50,U,DRIFT,none,ordered_per_window,per_sample_auroc,0.9149,0.9982,1.0,48,,42,2026-08-24T10:51:08
driftlens,TSB-U-OOD_001_SEG_18236_118_WSD_id_90_WebService_tr_45,U,OOD,none,batch_level,batch_auroc,0.0,,,3,,42,2026-08-24T10:51:57
ae_adwin_lstm,TSB-U-OOD_001_SEG_18236_118_WSD_id_90_WebService_tr_45,U,OOD,none,ordered_per_window,per_sample_auroc,0.8492,0.8665,0.8983,108,0.0,42,2026-08-24T10:51:57
tdivdm,TSB-U-OOD_001_SEG_18236_118_WSD_id_90_WebService_tr_45,U,OOD,none,ordered_per_window,per_sample_auroc,0.9581,0.9619,0.339,108,,42,2026-08-24T10:52:00
driftlens,TSB-U-OOD_002_SEG_4031_024_NAB_id_24_Synthetic_tr_1007,U,OOD,none,batch_level,batch_auroc,1.0,,,6,,42,2026-08-24T10:52:18
ae_adwin_lstm,TSB-U-OOD_002_SEG_4031_024_NAB_id_24_Synthetic_tr_1007,U,OOD,none,ordered_per_window,per_sample_auroc,0.1681,0.7833,1.0,218,15.0,42,2026-08-24T10:52:18
tdivdm,TSB-U-OOD_002_SEG_4031_024_NAB_id_24_Synthetic_tr_1007,U,OOD,none,ordered_per_window,per_sample_auroc,0.6298,0.9224,0.8077,218,,42,2026-08-24T10:52:20
driftlens,TSB-U-OOD_003_SEG_10028_306_UCR_id_4_Medical_tr_2507_1,U,OOD,none,batch_level,batch_auroc,1.0,,,3,,42,2026-08-24T10:53:24
ae_adwin_lstm,TSB-U-OOD_003_SEG_10028_306_UCR_id_4_Medical_tr_2507_1,U,OOD,none,ordered_per_window,per_sample_auroc,0.9724,0.9659,0.05,104,3.0,42,2026-08-24T10:53:24
tdivdm,TSB-U-OOD_003_SEG_10028_306_UCR_id_4_Medical_tr_2507_1,U,OOD,none,ordered_per_window,per_sample_auroc,0.963,0.9672,0.0125,104,,42,2026-08-24T10:53:28
driftlens,TSB-U-OOD_004_SEG_149123_263_IOPS_id_4_WebService_tr_3,U,OOD,none,batch_level,batch_auroc,0.25,,,5,,42,2026-08-24T10:53:53
ae_adwin_lstm,TSB-U-OOD_004_SEG_149123_263_IOPS_id_4_WebService_tr_3,U,OOD,none,ordered_per_window,per_sample_auroc,0.5135,0.8145,0.8788,163,0.0,42,2026-08-24T10:53:54
tdivdm,TSB-U-OOD_004_SEG_149123_263_IOPS_id_4_WebService_tr_3,U,OOD,none,ordered_per_window,per_sample_auroc,0.7089,0.9152,0.9091,163,,42,2026-08-24T10:53:56
driftlens,TSB-U-OOD_005_SEG_130400_237_SVDB_id_1_Medical_tr_1158,U,OOD,none,batch_level,batch_auroc,0.7778,,,15,,42,2026-08-24T10:55:24
ae_adwin_lstm,TSB-U-OOD_005_SEG_130400_237_SVDB_id_1_Medical_tr_1158,U,OOD,none,ordered_per_window,per_sample_auroc,0.4053,0.7176,0.9455,495,6.0,42,2026-08-24T10:55:25
tdivdm,TSB-U-OOD_005_SEG_130400_237_SVDB_id_1_Medical_tr_1158,U,OOD,none,ordered_per_window,per_sample_auroc,0.5579,0.8323,0.8818,495,,42,2026-08-24T10:55:31
driftlens,TSB-U-OOD_006_SEG_2430_147_MSL_id_8_Sensor_tr_590_1st_,U,OOD,none,batch_level,batch_auroc,0.0,,,4,,42,2026-08-24T10:55:38
ae_adwin_lstm,TSB-U-OOD_006_SEG_2430_147_MSL_id_8_Sensor_tr_590_1st_,U,OOD,none,ordered_per_window,per_sample_auroc,0.8618,0.9763,0.5,47,3.0,42,2026-08-24T10:55:38
tdivdm,TSB-U-OOD_006_SEG_2430_147_MSL_id_8_Sensor_tr_590_1st_,U,OOD,none,ordered_per_window,per_sample_auroc,0.8374,0.9749,0.6667,47,,42,2026-08-24T10:55:39
driftlens,TSB-U-OOD_009_SEG_8184_504_UCR_id_202_Environment_tr_2,U,OOD,none,batch_level,batch_auroc,0.6667,,,4,,42,2026-08-24T10:56:17
ae_adwin_lstm,TSB-U-OOD_009_SEG_8184_504_UCR_id_202_Environment_tr_2,U,OOD,none,ordered_per_window,per_sample_auroc,0.5385,0.1651,0.9038,60,0.0,42,2026-08-24T10:56:18
tdivdm,TSB-U-OOD_009_SEG_8184_504_UCR_id_202_Environment_tr_2,U,OOD,none,ordered_per_window,per_sample_auroc,0.7909,0.4426,0.6731,60,,42,2026-08-24T10:56:19
driftlens,TSB-U-OOD_011_SEG_4031_028_NAB_id_28_Facility_tr_1007_,U,OOD,none,batch_level,batch_auroc,0.25,,,4,,42,2026-08-24T10:56:44
ae_adwin_lstm,TSB-U-OOD_011_SEG_4031_028_NAB_id_28_Facility_tr_1007_,U,OOD,none,ordered_per_window,per_sample_auroc,0.2609,0.3664,1.0,52,3.0,42,2026-08-24T10:56:45
tdivdm,TSB-U-OOD_011_SEG_4031_028_NAB_id_28_Facility_tr_1007_,U,OOD,none,ordered_per_window,per_sample_auroc,0.4875,0.4576,0.9062,52,,42,2026-08-24T10:56:46
driftlens,TSB-U-OOD_012_SEG_18236_099_WSD_id_71_WebService_tr_45,U,OOD,none,batch_level,batch_auroc,0.8571,,,8,,42,2026-08-24T10:58:05
ae_adwin_lstm,TSB-U-OOD_012_SEG_18236_099_WSD_id_71_WebService_tr_45,U,OOD,none,ordered_per_window,per_sample_auroc,0.7564,0.442,0.7037,144,5.0,42,2026-08-24T10:58:05
tdivdm,TSB-U-OOD_012_SEG_18236_099_WSD_id_71_WebService_tr_45,U,OOD,none,ordered_per_window,per_sample_auroc,0.9021,0.7071,0.3259,144,,42,2026-08-24T10:58:11
driftlens,TSB-U-OOD_013_SEG_100000_231_MGAB_id_7_Synthetic_tr_25,U,OOD,none,batch_level,batch_auroc,0.0,,,11,,42,2026-08-24T11:02:10
ae_adwin_lstm,TSB-U-OOD_013_SEG_100000_231_MGAB_id_7_Synthetic_tr_25,U,OOD,none,ordered_per_window,per_sample_auroc,0.7528,0.3436,0.7477,366,0.0,42,2026-08-24T11:02:11
tdivdm,TSB-U-OOD_013_SEG_100000_231_MGAB_id_7_Synthetic_tr_25,U,OOD,none,ordered_per_window,per_sample_auroc,0.6261,0.3386,0.9069,366,,42,2026-08-24T11:02:23
driftlens,TSB-U-OOD_014_SEG_130400_248_SVDB_id_12_Medical_tr_184,U,OOD,none,batch_level,batch_auroc,0.075,,,13,,42,2026-08-24T11:04:57
ae_adwin_lstm,TSB-U-OOD_014_SEG_130400_248_SVDB_id_12_Medical_tr_184,U,OOD,none,ordered_per_window,per_sample_auroc,0.6908,0.7741,0.9023,445,6.0,42,2026-08-24T11:04:58
tdivdm,TSB-U-OOD_014_SEG_130400_248_SVDB_id_12_Medical_tr_184,U,OOD,none,ordered_per_window,per_sample_auroc,0.7346,0.802,0.7299,445,,42,2026-08-24T11:05:07
driftlens,TSB-U-OOD_015_SEG_43066_816_Exathlon_id_7_Facility_tr_,U,OOD,none,batch_level,batch_auroc,0.625,,,10,,42,2026-08-24T11:06:32
ae_adwin_lstm,TSB-U-OOD_015_SEG_43066_816_Exathlon_id_7_Facility_tr_,U,OOD,none,ordered_per_window,per_sample_auroc,0.431,0.6049,1.0,324,4.0,42,2026-08-24T11:06:33
tdivdm,TSB-U-OOD_015_SEG_43066_816_Exathlon_id_7_Facility_tr_,U,OOD,none,ordered_per_window,per_sample_auroc,0.4967,0.6574,0.9576,324,,42,2026-08-24T11:06:42
driftlens,TSB-U-OOD_018_SEG_29931_500_UCR_id_198_Facility_tr_748,U,OOD,none,batch_level,batch_auroc,0.3333,,,4,,42,2026-08-24T11:10:29
ae_adwin_lstm,TSB-U-OOD_018_SEG_29931_500_UCR_id_198_Facility_tr_748,U,OOD,none,ordered_per_window,per_sample_auroc,0.3152,0.0989,0.9406,255,6.0,42,2026-08-24T11:10:30
tdivdm,TSB-U-OOD_018_SEG_29931_500_UCR_id_198_Facility_tr_748,U,OOD,none,ordered_per_window,per_sample_auroc,0.6223,0.1844,0.8265,255,,42,2026-08-24T11:10:41
driftlens,TSB-U-OOD_020_SEG_419919_550_SWaT_id_1_Sensor_tr_43700,U,OOD,none,batch_level,batch_auroc,0.8537,,,64,,42,2026-08-24T11:16:09
ae_adwin_lstm,TSB-U-OOD_020_SEG_419919_550_SWaT_id_1_Sensor_tr_43700,U,OOD,none,ordered_per_window,per_sample_auroc,0.261,0.753,0.91,2049,4.0,42,2026-08-24T11:16:15
tdivdm,TSB-U-OOD_020_SEG_419919_550_SWaT_id_1_Sensor_tr_43700,U,OOD,none,ordered_per_window,per_sample_auroc,0.2692,0.7393,0.8905,2049,,42,2026-08-24T11:16:41
driftlens,TSB-U-OOD_022_SEG_4031_008_NAB_id_8_Synthetic_tr_1007_,U,OOD,none,batch_level,batch_auroc,1.0,,,4,,42,2026-08-24T11:17:04
ae_adwin_lstm,TSB-U-OOD_022_SEG_4031_008_NAB_id_8_Synthetic_tr_1007_,U,OOD,none,ordered_per_window,per_sample_auroc,0.3044,0.4525,1.0,61,5.0,42,2026-08-24T11:17:04
tdivdm,TSB-U-OOD_022_SEG_4031_008_NAB_id_8_Synthetic_tr_1007_,U,OOD,none,ordered_per_window,per_sample_auroc,0.5544,0.5911,0.7692,61,,42,2026-08-24T11:17:05
driftlens,TSB-U-OOD_028_SEG_80000_226_MGAB_id_2_Synthetic_tr_200,U,OOD,none,batch_level,batch_auroc,1.0,,,14,,42,2026-08-24T11:22:44
ae_adwin_lstm,TSB-U-OOD_028_SEG_80000_226_MGAB_id_2_Synthetic_tr_200,U,OOD,none,ordered_per_window,per_sample_auroc,0.6643,0.3316,0.9173,448,6.0,42,2026-08-24T11:22:45
tdivdm,TSB-U-OOD_028_SEG_80000_226_MGAB_id_2_Synthetic_tr_200,U,OOD,none,ordered_per_window,per_sample_auroc,0.6082,0.3543,0.773,448,,42,2026-08-24T11:23:05
driftlens,TSB-U-OOD_029_SEG_30000_382_UCR_id_80_Medical_tr_7500_,U,OOD,none,batch_level,batch_auroc,1.0,,,4,,42,2026-08-24T11:24:19
ae_adwin_lstm,TSB-U-OOD_029_SEG_30000_382_UCR_id_80_Medical_tr_7500_,U,OOD,none,ordered_per_window,per_sample_auroc,0.3886,0.1541,0.991,133,7.0,42,2026-08-24T11:24:20
tdivdm,TSB-U-OOD_029_SEG_30000_382_UCR_id_80_Medical_tr_7500_,U,OOD,none,ordered_per_window,per_sample_auroc,0.4783,0.1528,0.8468,133,,42,2026-08-24T11:24:24
driftlens,TSB-U-OOD_030_SEG_18220_108_WSD_id_80_WebService_tr_23,U,OOD,none,batch_level,batch_auroc,0.25,,,4,,42,2026-08-24T11:24:37
ae_adwin_lstm,TSB-U-OOD_030_SEG_18220_108_WSD_id_80_WebService_tr_23,U,OOD,none,ordered_per_window,per_sample_auroc,0.3947,0.5748,0.9565,61,13.0,42,2026-08-24T11:24:38
tdivdm,TSB-U-OOD_030_SEG_18220_108_WSD_id_80_WebService_tr_23,U,OOD,none,ordered_per_window,per_sample_auroc,0.6819,0.7996,1.0,61,,42,2026-08-24T11:24:39
driftlens,TSB-U-OOD_031_SEG_18236_098_WSD_id_70_WebService_tr_35,U,OOD,none,batch_level,batch_auroc,0.0,,,4,,42,2026-08-24T11:25:02
ae_adwin_lstm,TSB-U-OOD_031_SEG_18236_098_WSD_id_70_WebService_tr_35,U,OOD,none,ordered_per_window,per_sample_auroc,0.875,0.7379,0.3529,42,1.0,42,2026-08-24T11:25:02
tdivdm,TSB-U-OOD_031_SEG_18236_098_WSD_id_70_WebService_tr_35,U,OOD,none,ordered_per_window,per_sample_auroc,0.8934,0.7964,0.4706,42,,42,2026-08-24T11:25:04
driftlens,TSB-U-OOD_033_SEG_13227_102_WSD_id_74_WebService_tr_33,U,OOD,none,batch_level,batch_auroc,1.0,,,6,,42,2026-08-24T11:25:27
ae_adwin_lstm,TSB-U-OOD_033_SEG_13227_102_WSD_id_74_WebService_tr_33,U,OOD,none,ordered_per_window,per_sample_auroc,0.3699,0.8038,1.0,216,0.0,42,2026-08-24T11:25:27
tdivdm,TSB-U-OOD_033_SEG_13227_102_WSD_id_74_WebService_tr_33,U,OOD,none,ordered_per_window,per_sample_auroc,0.7035,0.9231,0.7941,216,,42,2026-08-24T11:25:32
driftlens,TSB-U-OOD_034_SEG_30000_412_UCR_id_110_Medical_tr_7500,U,OOD,none,batch_level,batch_auroc,0.5556,,,10,,42,2026-08-24T11:29:47
ae_adwin_lstm,TSB-U-OOD_034_SEG_30000_412_UCR_id_110_Medical_tr_7500,U,OOD,none,ordered_per_window,per_sample_auroc,0.348,0.0552,0.9748,171,0.0,42,2026-08-24T11:29:48
tdivdm,TSB-U-OOD_034_SEG_30000_412_UCR_id_110_Medical_tr_7500,U,OOD,none,ordered_per_window,per_sample_auroc,0.5047,0.0705,0.805,171,,42,2026-08-24T11:29:55
driftlens,TSB-U-OOD_040_SEG_200000_440_UCR_id_138_Medical_tr_167,U,OOD,none,batch_level,batch_auroc,0.8,,,6,,42,2026-08-24T11:31:20
ae_adwin_lstm,TSB-U-OOD_040_SEG_200000_440_UCR_id_138_Medical_tr_167,U,OOD,none,ordered_per_window,per_sample_auroc,0.6882,0.3465,0.9684,192,8.0,42,2026-08-24T11:31:20
tdivdm,TSB-U-OOD_040_SEG_200000_440_UCR_id_138_Medical_tr_167,U,OOD,none,ordered_per_window,per_sample_auroc,0.753,0.6178,0.981,192,,42,2026-08-24T11:31:27
driftlens,TSB-U-OOD_045_SEG_18236_074_WSD_id_46_WebService_tr_99,U,OOD,none,batch_level,batch_auroc,0.6667,,,4,,42,2026-08-24T11:31:35
ae_adwin_lstm,TSB-U-OOD_045_SEG_18236_074_WSD_id_46_WebService_tr_99,U,OOD,none,ordered_per_window,per_sample_auroc,0.125,0.7246,1.0,58,2.0,42,2026-08-24T11:31:35
tdivdm,TSB-U-OOD_045_SEG_18236_074_WSD_id_46_WebService_tr_99,U,OOD,none,ordered_per_window,per_sample_auroc,0.5292,0.8498,0.9,58,,42,2026-08-24T11:31:37
driftlens,TSB-U-OOD_049_SEG_15403_085_WSD_id_57_WebService_tr_78,U,OOD,none,batch_level,batch_auroc,0.8,,,6,,42,2026-08-24T11:31:46
ae_adwin_lstm,TSB-U-OOD_049_SEG_15403_085_WSD_id_57_WebService_tr_78,U,OOD,none,ordered_per_window,per_sample_auroc,0.7078,0.971,1.0,94,6.0,42,2026-08-24T11:31:46
tdivdm,TSB-U-OOD_049_SEG_15403_085_WSD_id_57_WebService_tr_78,U,OOD,none,ordered_per_window,per_sample_auroc,0.4215,0.8688,1.0,94,,42,2026-08-24T11:31:48
driftlens,TSB-U-OOD_050_SEG_130400_248_SVDB_id_12_Medical_tr_184,U,OOD,none,batch_level,batch_auroc,0.075,,,13,,42,2026-08-24T11:34:13
ae_adwin_lstm,TSB-U-OOD_050_SEG_130400_248_SVDB_id_12_Medical_tr_184,U,OOD,none,ordered_per_window,per_sample_auroc,0.6903,0.7708,0.8908,441,6.0,42,2026-08-24T11:34:14
tdivdm,TSB-U-OOD_050_SEG_130400_248_SVDB_id_12_Medical_tr_184,U,OOD,none,ordered_per_window,per_sample_auroc,0.7389,0.8013,0.7299,441,,42,2026-08-24T11:34:22
driftlens,TSB-U-OOD_053_SEG_12000_309_UCR_id_7_Medical_tr_3000_1,U,OOD,none,batch_level,batch_auroc,0.3333,,,4,,42,2026-08-24T11:34:58
ae_adwin_lstm,TSB-U-OOD_053_SEG_12000_309_UCR_id_7_Medical_tr_3000_1,U,OOD,none,ordered_per_window,per_sample_auroc,0.7094,0.3122,0.8393,67,2.0,42,2026-08-24T11:34:58
tdivdm,TSB-U-OOD_053_SEG_12000_309_UCR_id_7_Medical_tr_3000_1,U,OOD,none,ordered_per_window,per_sample_auroc,0.8815,0.7326,0.5893,67,,42,2026-08-24T11:35:02
driftlens,TSB-U-OOD_055_SEG_55000_420_UCR_id_118_Facility_tr_137,U,OOD,none,batch_level,batch_auroc,0.2,,,16,,42,2026-08-24T11:40:42
ae_adwin_lstm,TSB-U-OOD_055_SEG_55000_420_UCR_id_118_Facility_tr_137,U,OOD,none,ordered_per_window,per_sample_auroc,0.699,0.18,0.8012,514,1.0,42,2026-08-24T11:40:44
tdivdm,TSB-U-OOD_055_SEG_55000_420_UCR_id_118_Facility_tr_137,U,OOD,none,ordered_per_window,per_sample_auroc,0.6771,0.129,0.8519,514,,42,2026-08-24T11:41:08
driftlens,TSB-U-OOD_060_SEG_5000_295_TODS_id_9_Synthetic_tr_1250,U,OOD,none,batch_level,batch_auroc,0.6667,,,4,,42,2026-08-24T11:41:56
ae_adwin_lstm,TSB-U-OOD_060_SEG_5000_295_TODS_id_9_Synthetic_tr_1250,U,OOD,none,ordered_per_window,per_sample_auroc,0.4947,0.7398,0.9474,54,4.0,42,2026-08-24T11:41:56
tdivdm,TSB-U-OOD_060_SEG_5000_295_TODS_id_9_Synthetic_tr_1250,U,OOD,none,ordered_per_window,per_sample_auroc,0.7023,0.8367,0.9474,54,,42,2026-08-24T11:41:57
driftlens,TSB-U-OOD_061_SEG_15285_076_WSD_id_48_WebService_tr_38,U,OOD,none,batch_level,batch_auroc,0.7778,,,10,,42,2026-08-24T11:42:35
ae_adwin_lstm,TSB-U-OOD_061_SEG_15285_076_WSD_id_48_WebService_tr_38,U,OOD,none,ordered_per_window,per_sample_auroc,0.625,0.134,0.7727,70,,42,2026-08-24T11:42:35
tdivdm,TSB-U-OOD_061_SEG_15285_076_WSD_id_48_WebService_tr_38,U,OOD,none,ordered_per_window,per_sample_auroc,0.5606,0.0787,0.7576,70,,42,2026-08-24T11:42:38
driftlens,TSB-U-OOD_062_SEG_650000_176_MITDB_id_7_Medical_tr_623,U,OOD,none,batch_level,batch_auroc,0.8587,,,48,,42,2026-08-24T11:43:24
ae_adwin_lstm,TSB-U-OOD_062_SEG_650000_176_MITDB_id_7_Medical_tr_623,U,OOD,none,ordered_per_window,per_sample_auroc,0.3537,0.9512,1.0,1548,14.0,42,2026-08-24T11:43:27
tdivdm,TSB-U-OOD_062_SEG_650000_176_MITDB_id_7_Medical_tr_623,U,OOD,none,ordered_per_window,per_sample_auroc,0.5611,0.9709,0.8814,1548,,42,2026-08-24T11:43:45
driftlens,TSB-U-OOD_063_SEG_149123_263_IOPS_id_4_WebService_tr_3,U,OOD,none,batch_level,batch_auroc,0.25,,,5,,42,2026-08-24T11:44:08
ae_adwin_lstm,TSB-U-OOD_063_SEG_149123_263_IOPS_id_4_WebService_tr_3,U,OOD,none,ordered_per_window,per_sample_auroc,0.5152,0.8123,0.8788,162,0.0,42,2026-08-24T11:44:08
tdivdm,TSB-U-OOD_063_SEG_149123_263_IOPS_id_4_WebService_tr_3,U,OOD,none,ordered_per_window,per_sample_auroc,0.7097,0.9152,0.9091,162,,42,2026-08-24T11:44:10
driftlens,TSB-U-OOD_065_SEG_1427_594_YAHOO_id_44_WebService_tr_5,U,OOD,none,batch_level,batch_auroc,0.5,,,3,,42,2026-08-24T11:44:16
ae_adwin_lstm,TSB-U-OOD_065_SEG_1427_594_YAHOO_id_44_WebService_tr_5,U,OOD,none,ordered_per_window,per_sample_auroc,,,,14,,42,2026-08-24T11:44:16
tdivdm,TSB-U-OOD_065_SEG_1427_594_YAHOO_id_44_WebService_tr_5,U,OOD,none,ordered_per_window,per_sample_auroc,0.8542,0.8951,0.3333,14,,42,2026-08-24T11:44:17
driftlens,TSB-U-OOD_066_SEG_30000_441_UCR_id_139_Facility_tr_750,U,OOD,none,batch_level,batch_auroc,0.2,,,6,,42,2026-08-24T11:45:50
ae_adwin_lstm,TSB-U-OOD_066_SEG_30000_441_UCR_id_139_Facility_tr_750,U,OOD,none,ordered_per_window,per_sample_auroc,0.5859,0.2324,0.9762,143,4.0,42,2026-08-24T11:45:51
tdivdm,TSB-U-OOD_066_SEG_30000_441_UCR_id_139_Facility_tr_750,U,OOD,none,ordered_per_window,per_sample_auroc,0.5756,0.2601,0.9762,143,,42,2026-08-24T11:45:57
driftlens,TSB-U-OOD_068_SEG_100000_232_MGAB_id_8_Synthetic_tr_25,U,OOD,none,batch_level,batch_auroc,0.2,,,6,,42,2026-08-24T11:49:14
ae_adwin_lstm,TSB-U-OOD_068_SEG_100000_232_MGAB_id_8_Synthetic_tr_25,U,OOD,none,ordered_per_window,per_sample_auroc,0.757,0.3926,0.7199,351,3.0,42,2026-08-24T11:49:14
tdivdm,TSB-U-OOD_068_SEG_100000_232_MGAB_id_8_Synthetic_tr_25,U,OOD,none,ordered_per_window,per_sample_auroc,0.7885,0.5519,0.7915,351,,42,2026-08-24T11:49:26
driftlens,TSB-U-OOD_069_SEG_38269_367_UCR_id_65_Medical_tr_9567_,U,OOD,none,batch_level,batch_auroc,,,,4,,42,2026-08-24T11:50:58
ae_adwin_lstm,TSB-U-OOD_069_SEG_38269_367_UCR_id_65_Medical_tr_9567_,U,OOD,none,ordered_per_window,per_sample_auroc,0.5029,0.0484,0.9067,157,2.0,42,2026-08-24T11:50:58
tdivdm,TSB-U-OOD_069_SEG_38269_367_UCR_id_65_Medical_tr_9567_,U,OOD,none,ordered_per_window,per_sample_auroc,0.5162,0.0545,0.9267,157,,42,2026-08-24T11:51:04
driftlens,TSB-U-OOD_074_SEG_128001_472_UCR_id_170_Facility_tr_32,U,OOD,none,batch_level,batch_auroc,,,,20,,42,2026-08-24T11:57:17
ae_adwin_lstm,TSB-U-OOD_074_SEG_128001_472_UCR_id_170_Facility_tr_32,U,OOD,none,ordered_per_window,per_sample_auroc,0.9668,0.7785,0.1947,643,0.0,42,2026-08-24T11:57:17
tdivdm,TSB-U-OOD_074_SEG_128001_472_UCR_id_170_Facility_tr_32,U,OOD,none,ordered_per_window,per_sample_auroc,0.9895,0.8278,0.0612,643,,42,2026-08-24T11:57:52
driftlens,TSB-U-OOD_077_SEG_100000_222_LTDB_id_7_Medical_tr_3618,U,OOD,none,batch_level,batch_auroc,0.619,,,22,,42,2026-08-24T11:58:22
ae_adwin_lstm,TSB-U-OOD_077_SEG_100000_222_LTDB_id_7_Medical_tr_3618,U,OOD,none,ordered_per_window,per_sample_auroc,0.2171,0.9093,1.0,733,5.0,42,2026-08-24T11:58:24
tdivdm,TSB-U-OOD_077_SEG_100000_222_LTDB_id_7_Medical_tr_3618,U,OOD,none,ordered_per_window,per_sample_auroc,0.6335,0.9628,0.8857,733,,42,2026-08-24T11:58:29
driftlens,TSB-U-OOD_079_SEG_100000_224_LTDB_id_9_Medical_tr_4456,U,OOD,none,batch_level,batch_auroc,0.973,,,38,,42,2026-08-24T11:58:56
ae_adwin_lstm,TSB-U-OOD_079_SEG_100000_224_LTDB_id_9_Medical_tr_4456,U,OOD,none,ordered_per_window,per_sample_auroc,0.491,0.9682,0.9302,1240,5.0,42,2026-08-24T11:58:57
tdivdm,TSB-U-OOD_079_SEG_100000_224_LTDB_id_9_Medical_tr_4456,U,OOD,none,ordered_per_window,per_sample_auroc,0.6033,0.9767,0.7907,1240,,42,2026-08-24T11:59:04
driftlens,TSB-U-OOD_081_SEG_29950_464_UCR_id_162_Medical_tr_7487,U,OOD,none,batch_level,batch_auroc,,,,5,,42,2026-08-24T12:00:31
ae_adwin_lstm,TSB-U-OOD_081_SEG_29950_464_UCR_id_162_Medical_tr_7487,U,OOD,none,ordered_per_window,per_sample_auroc,0.9432,0.6511,0.2532,162,3.0,42,2026-08-24T12:00:31
tdivdm,TSB-U-OOD_081_SEG_29950_464_UCR_id_162_Medical_tr_7487,U,OOD,none,ordered_per_window,per_sample_auroc,0.9692,0.8608,0.2273,162,,42,2026-08-24T12:00:37
driftlens,TSB-U-OOD_082_SEG_1421_582_YAHOO_id_32_Synthetic_tr_50,U,OOD,none,batch_level,batch_auroc,1.0,,,4,,42,2026-08-24T12:00:42
ae_adwin_lstm,TSB-U-OOD_082_SEG_1421_582_YAHOO_id_32_Synthetic_tr_50,U,OOD,none,ordered_per_window,per_sample_auroc,0.2308,0.7795,1.0,32,3.0,42,2026-08-24T12:00:42
tdivdm,TSB-U-OOD_082_SEG_1421_582_YAHOO_id_32_Synthetic_tr_50,U,OOD,none,ordered_per_window,per_sample_auroc,0.7628,0.9415,0.6667,32,,42,2026-08-24T12:00:43
driftlens,TSB-U-OOD_085_SEG_2430_147_MSL_id_8_Sensor_tr_590_1st_,U,OOD,none,batch_level,batch_auroc,1.0,,,4,,42,2026-08-24T12:00:50
ae_adwin_lstm,TSB-U-OOD_085_SEG_2430_147_MSL_id_8_Sensor_tr_590_1st_,U,OOD,none,ordered_per_window,per_sample_auroc,0.7262,0.8742,1.0,20,3.0,42,2026-08-24T12:00:50
tdivdm,TSB-U-OOD_085_SEG_2430_147_MSL_id_8_Sensor_tr_590_1st_,U,OOD,none,ordered_per_window,per_sample_auroc,0.5952,0.8203,0.8333,20,,42,2026-08-24T12:00:51
driftlens,TSB-U-OOD_086_SEG_6138_267_IOPS_id_8_WebService_tr_153,U,OOD,none,batch_level,batch_auroc,0.5,,,4,,42,2026-08-24T12:01:06
ae_adwin_lstm,TSB-U-OOD_086_SEG_6138_267_IOPS_id_8_WebService_tr_153,U,OOD,none,ordered_per_window,per_sample_auroc,0.637,0.7094,1.0,33,5.0,42,2026-08-24T12:01:06
tdivdm,TSB-U-OOD_086_SEG_6138_267_IOPS_id_8_WebService_tr_153,U,OOD,none,ordered_per_window,per_sample_auroc,0.8148,0.8329,0.9444,33,,42,2026-08-24T12:01:08
driftlens,TSB-U-OOD_088_SEG_9998_514_UCR_id_212_Medical_tr_2499_,U,OOD,none,batch_level,batch_auroc,1.0,,,11,,42,2026-08-24T12:01:44
ae_adwin_lstm,TSB-U-OOD_088_SEG_9998_514_UCR_id_212_Medical_tr_2499_,U,OOD,none,ordered_per_window,per_sample_auroc,0.8314,0.6624,0.5738,68,6.0,42,2026-08-24T12:01:45
tdivdm,TSB-U-OOD_088_SEG_9998_514_UCR_id_212_Medical_tr_2499_,U,OOD,none,ordered_per_window,per_sample_auroc,0.8337,0.7152,0.8361,68,,42,2026-08-24T12:01:49
driftlens,TSB-U-OOD_089_SEG_41790_470_UCR_id_168_Medical_tr_1044,U,OOD,none,batch_level,batch_auroc,0.1429,,,8,,42,2026-08-24T12:02:49
ae_adwin_lstm,TSB-U-OOD_089_SEG_41790_470_UCR_id_168_Medical_tr_1044,U,OOD,none,ordered_per_window,per_sample_auroc,0.6915,0.1715,0.7864,112,0.0,42,2026-08-24T12:02:49
tdivdm,TSB-U-OOD_089_SEG_41790_470_UCR_id_168_Medical_tr_1044,U,OOD,none,ordered_per_window,per_sample_auroc,0.699,0.1652,0.9709,112,,42,2026-08-24T12:02:53
driftlens,TSB-U-OOD_090_SEG_211502_416_UCR_id_114_Medical_tr_500,U,OOD,none,batch_level,batch_auroc,,,,27,,42,2026-08-24T12:11:14
ae_adwin_lstm,TSB-U-OOD_090_SEG_211502_416_UCR_id_114_Medical_tr_500,U,OOD,none,ordered_per_window,per_sample_auroc,0.6522,0.0482,0.7731,884,0.0,42,2026-08-24T12:11:14
tdivdm,TSB-U-OOD_090_SEG_211502_416_UCR_id_114_Medical_tr_500,U,OOD,none,ordered_per_window,per_sample_auroc,0.7048,0.0566,0.5988,884,,42,2026-08-24T12:11:40
driftlens,TSB-U-OOD_091_SEG_100000_232_MGAB_id_8_Synthetic_tr_25,U,OOD,none,batch_level,batch_auroc,1.0,,,12,,42,2026-08-24T12:14:35
ae_adwin_lstm,TSB-U-OOD_091_SEG_100000_232_MGAB_id_8_Synthetic_tr_25,U,OOD,none,ordered_per_window,per_sample_auroc,0.8266,0.6532,0.6938,403,3.0,42,2026-08-24T12:14:36
tdivdm,TSB-U-OOD_091_SEG_100000_232_MGAB_id_8_Synthetic_tr_25,U,OOD,none,ordered_per_window,per_sample_auroc,0.8923,0.8276,0.7036,403,,42,2026-08-24T12:14:47
driftlens,TSB-U-OOD_092_SEG_2430_145_MSL_id_6_Sensor_tr_530_1st_,U,OOD,none,batch_level,batch_auroc,1.0,,,4,,42,2026-08-24T12:14:57
ae_adwin_lstm,TSB-U-OOD_092_SEG_2430_145_MSL_id_6_Sensor_tr_530_1st_,U,OOD,none,ordered_per_window,per_sample_auroc,1.0,1.0,0.0,20,3.0,42,2026-08-24T12:14:57
tdivdm,TSB-U-OOD_092_SEG_2430_145_MSL_id_6_Sensor_tr_530_1st_,U,OOD,none,ordered_per_window,per_sample_auroc,0.9643,0.9846,0.1667,20,,42,2026-08-24T12:14:58
driftlens,TSB-U-OOD_094_SEG_10744_096_WSD_id_68_WebService_tr_13,U,OOD,none,batch_level,batch_auroc,1.0,,,8,,42,2026-08-24T12:15:07
ae_adwin_lstm,TSB-U-OOD_094_SEG_10744_096_WSD_id_68_WebService_tr_13,U,OOD,none,ordered_per_window,per_sample_auroc,0.2861,0.8903,1.0,193,5.0,42,2026-08-24T12:15:08
tdivdm,TSB-U-OOD_094_SEG_10744_096_WSD_id_68_WebService_tr_13,U,OOD,none,ordered_per_window,per_sample_auroc,0.4158,0.916,0.8571,193,,42,2026-08-24T12:15:10
driftlens,TSB-U-OOD_095_SEG_17189_049_WSD_id_21_WebService_tr_42,U,OOD,none,batch_level,batch_auroc,0.0,,,4,,42,2026-08-24T12:15:49
ae_adwin_lstm,TSB-U-OOD_095_SEG_17189_049_WSD_id_21_WebService_tr_42,U,OOD,none,ordered_per_window,per_sample_auroc,0.6556,0.4079,0.8182,81,1.0,42,2026-08-24T12:15:50
tdivdm,TSB-U-OOD_095_SEG_17189_049_WSD_id_21_WebService_tr_42,U,OOD,none,ordered_per_window,per_sample_auroc,0.4071,0.1897,1.0,81,,42,2026-08-24T12:15:54
driftlens,TSB-U-OOD_099_SEG_8184_504_UCR_id_202_Environment_tr_2,U,OOD,none,batch_level,batch_auroc,0.8571,,,8,,42,2026-08-24T12:16:27
ae_adwin_lstm,TSB-U-OOD_099_SEG_8184_504_UCR_id_202_Environment_tr_2,U,OOD,none,ordered_per_window,per_sample_auroc,0.4846,0.1119,0.9038,57,0.0,42,2026-08-24T12:16:27
tdivdm,TSB-U-OOD_099_SEG_8184_504_UCR_id_202_Environment_tr_2,U,OOD,none,ordered_per_window,per_sample_auroc,0.8038,0.4567,0.4808,57,,42,2026-08-24T12:16:29
driftlens,TSB-U-OOD_100_SEG_18236_067_WSD_id_39_WebService_tr_45,U,OOD,none,batch_level,batch_auroc,0.3333,,,10,,42,2026-08-24T12:17:42
ae_adwin_lstm,TSB-U-OOD_100_SEG_18236_067_WSD_id_39_WebService_tr_45,U,OOD,none,ordered_per_window,per_sample_auroc,0.5004,0.1835,0.9389,140,2.0,42,2026-08-24T12:17:43
tdivdm,TSB-U-OOD_100_SEG_18236_067_WSD_id_39_WebService_tr_45,U,OOD,none,ordered_per_window,per_sample_auroc,0.7243,0.2016,0.7099,140,,42,2026-08-24T12:17:48
driftlens,TSB-U-STABLE_002_SEG_18236_048_WSD_id_20_WebService_tr,U,STABLE,none,batch_level,batch_auroc,0.3333,,,13,,42,2026-08-24T12:18:55
ae_adwin_lstm,TSB-U-STABLE_002_SEG_18236_048_WSD_id_20_WebService_tr,U,STABLE,none,ordered_per_window,per_sample_auroc,0.991,0.8357,0.018,117,0.0,42,2026-08-24T12:18:56
tdivdm,TSB-U-STABLE_002_SEG_18236_048_WSD_id_20_WebService_tr,U,STABLE,none,ordered_per_window,per_sample_auroc,0.9805,0.886,0.1171,117,,42,2026-08-24T12:19:00
driftlens,TSB-U-STABLE_003_SEG_1680_580_YAHOO_id_30_WebService_t,U,STABLE,none,batch_level,batch_auroc,,,,0,,42,2026-08-24T12:19:06
ae_adwin_lstm,TSB-U-STABLE_003_SEG_1680_580_YAHOO_id_30_WebService_t,U,STABLE,none,ordered_per_window,per_sample_auroc,0.66,0.967,1.0,27,,42,2026-08-24T12:19:06
tdivdm,TSB-U-STABLE_003_SEG_1680_580_YAHOO_id_30_WebService_t,U,STABLE,none,ordered_per_window,per_sample_auroc,0.34,0.9227,1.0,27,,42,2026-08-24T12:19:06
driftlens,TSB-U-STABLE_004_SEG_1680_561_YAHOO_id_11_WebService_t,U,STABLE,none,batch_level,batch_auroc,0.6667,,,4,,42,2026-08-24T12:19:11
ae_adwin_lstm,TSB-U-STABLE_004_SEG_1680_561_YAHOO_id_11_WebService_t,U,STABLE,none,ordered_per_window,per_sample_auroc,0.5686,0.9101,1.0,20,,42,2026-08-24T12:19:11
tdivdm,TSB-U-STABLE_004_SEG_1680_561_YAHOO_id_11_WebService_t,U,STABLE,none,ordered_per_window,per_sample_auroc,0.3922,0.8432,1.0,20,,42,2026-08-24T12:19:11
driftlens,TSB-U-STABLE_009_SEG_1680_686_YAHOO_id_136_WebService_,U,STABLE,none,batch_level,batch_auroc,0.5,,,4,,42,2026-08-24T12:19:17
ae_adwin_lstm,TSB-U-STABLE_009_SEG_1680_686_YAHOO_id_136_WebService_,U,STABLE,none,ordered_per_window,per_sample_auroc,0.5119,0.7745,1.0,19,3.0,42,2026-08-24T12:19:17
tdivdm,TSB-U-STABLE_009_SEG_1680_686_YAHOO_id_136_WebService_,U,STABLE,none,ordered_per_window,per_sample_auroc,1.0,1.0,0.0,19,,42,2026-08-24T12:19:18
driftlens,TSB-U-STABLE_010_SEG_18391_054_WSD_id_26_WebService_tr,U,STABLE,none,batch_level,batch_auroc,1.0,,,2,,42,2026-08-24T12:19:31
ae_adwin_lstm,TSB-U-STABLE_010_SEG_18391_054_WSD_id_26_WebService_tr,U,STABLE,none,ordered_per_window,per_sample_auroc,0.3379,0.634,0.9583,79,1.0,42,2026-08-24T12:19:31
tdivdm,TSB-U-STABLE_010_SEG_18391_054_WSD_id_26_WebService_tr,U,STABLE,none,ordered_per_window,per_sample_auroc,0.5629,0.7266,0.75,79,,42,2026-08-24T12:19:32
driftlens,TSB-U-STABLE_014_SEG_1680_555_YAHOO_id_5_WebService_tr,U,STABLE,none,batch_level,batch_auroc,0.25,,,4,,42,2026-08-24T12:19:40
ae_adwin_lstm,TSB-U-STABLE_014_SEG_1680_555_YAHOO_id_5_WebService_tr,U,STABLE,none,ordered_per_window,per_sample_auroc,0.5952,0.8103,1.0,19,7.0,42,2026-08-24T12:19:40
tdivdm,TSB-U-STABLE_014_SEG_1680_555_YAHOO_id_5_WebService_tr,U,STABLE,none,ordered_per_window,per_sample_auroc,0.6786,0.8445,1.0,19,,42,2026-08-24T12:19:41
driftlens,TSB-U-STABLE_018_SEG_59000_490_UCR_id_188_Medical_tr_1,U,STABLE,none,batch_level,batch_auroc,,,,14,,42,2026-08-24T12:23:55
ae_adwin_lstm,TSB-U-STABLE_018_SEG_59000_490_UCR_id_188_Medical_tr_1,U,STABLE,none,ordered_per_window,per_sample_auroc,0.3579,0.0322,0.9821,462,4.0,42,2026-08-24T12:23:55
tdivdm,TSB-U-STABLE_018_SEG_59000_490_UCR_id_188_Medical_tr_1,U,STABLE,none,ordered_per_window,per_sample_auroc,0.5371,0.0938,0.9596,462,,42,2026-08-24T12:24:11
driftlens,TSB-U-STABLE_021_SEG_10686_032_WSD_id_4_WebService_tr_,U,STABLE,none,batch_level,batch_auroc,0.3333,,,4,,42,2026-08-24T12:24:36
ae_adwin_lstm,TSB-U-STABLE_021_SEG_10686_032_WSD_id_4_WebService_tr_,U,STABLE,none,ordered_per_window,per_sample_auroc,0.8188,0.771,0.75,56,3.0,42,2026-08-24T12:24:37
tdivdm,TSB-U-STABLE_021_SEG_10686_032_WSD_id_4_WebService_tr_,U,STABLE,none,ordered_per_window,per_sample_auroc,0.7469,0.7199,0.925,56,,42,2026-08-24T12:24:40
driftlens,TSB-U-STABLE_022_SEG_7415_371_UCR_id_69_Medical_tr_185,U,STABLE,none,batch_level,batch_auroc,1.0,,,4,,42,2026-08-24T12:25:25
ae_adwin_lstm,TSB-U-STABLE_022_SEG_7415_371_UCR_id_69_Medical_tr_185,U,STABLE,none,ordered_per_window,per_sample_auroc,0.569,0.4569,0.8621,69,2.0,42,2026-08-24T12:25:25
tdivdm,TSB-U-STABLE_022_SEG_7415_371_UCR_id_69_Medical_tr_185,U,STABLE,none,ordered_per_window,per_sample_auroc,0.6238,0.4784,0.9655,69,,42,2026-08-24T12:25:27
driftlens,TSB-U-STABLE_024_SEG_1461_622_YAHOO_id_72_WebService_t,U,STABLE,none,batch_level,batch_auroc,0.8,,,6,,42,2026-08-24T12:25:33
ae_adwin_lstm,TSB-U-STABLE_024_SEG_1461_622_YAHOO_id_72_WebService_t,U,STABLE,none,ordered_per_window,per_sample_auroc,0.2768,0.8535,1.0,32,5.0,42,2026-08-24T12:25:33
tdivdm,TSB-U-STABLE_024_SEG_1461_622_YAHOO_id_72_WebService_t,U,STABLE,none,ordered_per_window,per_sample_auroc,0.6786,0.9444,0.75,32,,42,2026-08-24T12:25:33
driftlens,TSB-U-STABLE_025_SEG_1421_584_YAHOO_id_34_Synthetic_tr,U,STABLE,none,batch_level,batch_auroc,0.0,,,3,,42,2026-08-24T12:25:41
ae_adwin_lstm,TSB-U-STABLE_025_SEG_1421_584_YAHOO_id_34_Synthetic_tr,U,STABLE,none,ordered_per_window,per_sample_auroc,0.6667,0.8567,1.0,15,4.0,42,2026-08-24T12:25:41
tdivdm,TSB-U-STABLE_025_SEG_1421_584_YAHOO_id_34_Synthetic_tr,U,STABLE,none,ordered_per_window,per_sample_auroc,0.5,0.723,1.0,15,,42,2026-08-24T12:25:42
driftlens,TSB-U-STABLE_026_SEG_10028_366_UCR_id_64_Medical_tr_25,U,STABLE,none,batch_level,batch_auroc,1.0,,,6,,42,2026-08-24T12:26:23
ae_adwin_lstm,TSB-U-STABLE_026_SEG_10028_366_UCR_id_64_Medical_tr_25,U,STABLE,none,ordered_per_window,per_sample_auroc,0.8352,0.5528,0.675,91,1.0,42,2026-08-24T12:26:24
tdivdm,TSB-U-STABLE_026_SEG_10028_366_UCR_id_64_Medical_tr_25,U,STABLE,none,ordered_per_window,per_sample_auroc,0.9273,0.8491,0.675,91,,42,2026-08-24T12:26:27
driftlens,TSB-U-STABLE_031_SEG_1421_650_YAHOO_id_100_Synthetic_t,U,STABLE,none,batch_level,batch_auroc,0.0,,,4,,42,2026-08-24T12:26:34
ae_adwin_lstm,TSB-U-STABLE_031_SEG_1421_650_YAHOO_id_100_Synthetic_t,U,STABLE,none,ordered_per_window,per_sample_auroc,0.9167,0.9587,0.5,16,3.0,42,2026-08-24T12:26:34
tdivdm,TSB-U-STABLE_031_SEG_1421_650_YAHOO_id_100_Synthetic_t,U,STABLE,none,ordered_per_window,per_sample_auroc,0.7833,0.8948,0.6667,16,,42,2026-08-24T12:26:35
driftlens,TSB-U-STABLE_032_SEG_23703_212_SMD_id_35_Facility_tr_5,U,STABLE,none,batch_level,batch_auroc,0.4286,,,8,,42,2026-08-24T12:27:55
ae_adwin_lstm,TSB-U-STABLE_032_SEG_23703_212_SMD_id_35_Facility_tr_5,U,STABLE,none,ordered_per_window,per_sample_auroc,0.3619,0.0612,0.9939,179,4.0,42,2026-08-24T12:27:56
tdivdm,TSB-U-STABLE_032_SEG_23703_212_SMD_id_35_Facility_tr_5,U,STABLE,none,ordered_per_window,per_sample_auroc,0.6043,0.1212,0.9152,179,,42,2026-08-24T12:28:01
driftlens,TSB-U-STABLE_033_SEG_1421_635_YAHOO_id_85_Synthetic_tr,U,STABLE,none,batch_level,batch_auroc,0.0,,,3,,42,2026-08-24T12:28:10
ae_adwin_lstm,TSB-U-STABLE_033_SEG_1421_635_YAHOO_id_85_Synthetic_tr,U,STABLE,none,ordered_per_window,per_sample_auroc,0.463,0.7068,1.0,15,5.0,42,2026-08-24T12:28:10
tdivdm,TSB-U-STABLE_033_SEG_1421_635_YAHOO_id_85_Synthetic_tr,U,STABLE,none,ordered_per_window,per_sample_auroc,0.8519,0.9189,0.6667,15,,42,2026-08-24T12:28:11
driftlens,TSB-U-STABLE_036_SEG_18236_064_WSD_id_36_WebService_tr,U,STABLE,none,batch_level,batch_auroc,0.2857,,,8,,42,2026-08-24T12:29:04
ae_adwin_lstm,TSB-U-STABLE_036_SEG_18236_064_WSD_id_36_WebService_tr,U,STABLE,none,ordered_per_window,per_sample_auroc,0.6328,0.1153,0.7292,104,3.0,42,2026-08-24T12:29:04
tdivdm,TSB-U-STABLE_036_SEG_18236_064_WSD_id_36_WebService_tr,U,STABLE,none,ordered_per_window,per_sample_auroc,0.7747,0.4263,0.5625,104,,42,2026-08-24T12:29:08
driftlens,TSB-U-STABLE_038_SEG_60000_327_UCR_id_25_Medical_tr_15,U,STABLE,none,batch_level,batch_auroc,,,,15,,42,2026-08-24T12:34:08
ae_adwin_lstm,TSB-U-STABLE_038_SEG_60000_327_UCR_id_25_Medical_tr_15,U,STABLE,none,ordered_per_window,per_sample_auroc,0.7258,0.2092,0.7967,499,3.0,42,2026-08-24T12:34:08
tdivdm,TSB-U-STABLE_038_SEG_60000_327_UCR_id_25_Medical_tr_15,U,STABLE,none,ordered_per_window,per_sample_auroc,0.6992,0.1459,0.8942,499,,42,2026-08-24T12:34:24
driftlens,TSB-U-STABLE_039_SEG_1680_649_YAHOO_id_99_WebService_t,U,STABLE,none,batch_level,batch_auroc,1.0,,,4,,42,2026-08-24T12:34:33
ae_adwin_lstm,TSB-U-STABLE_039_SEG_1680_649_YAHOO_id_99_WebService_t,U,STABLE,none,ordered_per_window,per_sample_auroc,0.8688,0.9164,0.5385,30,0.0,42,2026-08-24T12:34:33
tdivdm,TSB-U-STABLE_039_SEG_1680_649_YAHOO_id_99_WebService_t,U,STABLE,none,ordered_per_window,per_sample_auroc,1.0,1.0,0.0,30,,42,2026-08-24T12:34:34
driftlens,TSB-U-STABLE_042_SEG_1680_637_YAHOO_id_87_WebService_t,U,STABLE,none,batch_level,batch_auroc,1.0,,,4,,42,2026-08-24T12:34:40
ae_adwin_lstm,TSB-U-STABLE_042_SEG_1680_637_YAHOO_id_87_WebService_t,U,STABLE,none,ordered_per_window,per_sample_auroc,0.807,0.9647,0.6667,22,,42,2026-08-24T12:34:40
tdivdm,TSB-U-STABLE_042_SEG_1680_637_YAHOO_id_87_WebService_t,U,STABLE,none,ordered_per_window,per_sample_auroc,0.5439,0.9062,1.0,22,,42,2026-08-24T12:34:41
driftlens,TSB-U-STABLE_044_SEG_18179_093_WSD_id_65_WebService_tr,U,STABLE,none,batch_level,batch_auroc,0.3333,,,4,,42,2026-08-24T12:34:50
ae_adwin_lstm,TSB-U-STABLE_044_SEG_18179_093_WSD_id_65_WebService_tr,U,STABLE,none,ordered_per_window,per_sample_auroc,0.2024,0.7009,1.0,54,7.0,42,2026-08-24T12:34:51
tdivdm,TSB-U-STABLE_044_SEG_18179_093_WSD_id_65_WebService_tr,U,STABLE,none,ordered_per_window,per_sample_auroc,0.7401,0.917,0.75,54,,42,2026-08-24T12:34:51
driftlens,TSB-U-STABLE_045_SEG_18302_066_WSD_id_38_WebService_tr,U,STABLE,none,batch_level,batch_auroc,1.0,,,2,,42,2026-08-24T12:35:09
ae_adwin_lstm,TSB-U-STABLE_045_SEG_18302_066_WSD_id_38_WebService_tr,U,STABLE,none,ordered_per_window,per_sample_auroc,0.3884,0.5588,0.9375,81,8.0,42,2026-08-24T12:35:09
tdivdm,TSB-U-STABLE_045_SEG_18302_066_WSD_id_38_WebService_tr,U,STABLE,none,ordered_per_window,per_sample_auroc,0.6511,0.7404,0.9062,81,,42,2026-08-24T12:35:11
driftlens,TSB-U-STABLE_046_SEG_1421_552_YAHOO_id_2_Synthetic_tr_,U,STABLE,none,batch_level,batch_auroc,0.5,,,4,,42,2026-08-24T12:35:17
ae_adwin_lstm,TSB-U-STABLE_046_SEG_1421_552_YAHOO_id_2_Synthetic_tr_,U,STABLE,none,ordered_per_window,per_sample_auroc,0.4844,0.6975,1.0,16,4.0,42,2026-08-24T12:35:18
tdivdm,TSB-U-STABLE_046_SEG_1421_552_YAHOO_id_2_Synthetic_tr_,U,STABLE,none,ordered_per_window,per_sample_auroc,0.2031,0.3975,1.0,16,,42,2026-08-24T12:35:18
driftlens,TSB-U-STABLE_048_SEG_15736_111_WSD_id_83_WebService_tr,U,STABLE,none,batch_level,batch_auroc,0.6667,,,4,,42,2026-08-24T12:35:55
ae_adwin_lstm,TSB-U-STABLE_048_SEG_15736_111_WSD_id_83_WebService_tr,U,STABLE,none,ordered_per_window,per_sample_auroc,0.5671,0.4184,0.9718,86,0.0,42,2026-08-24T12:35:55
tdivdm,TSB-U-STABLE_048_SEG_15736_111_WSD_id_83_WebService_tr,U,STABLE,none,ordered_per_window,per_sample_auroc,0.6376,0.4839,0.9437,86,,42,2026-08-24T12:35:58
driftlens,TSB-U-STABLE_049_SEG_1680_555_YAHOO_id_5_WebService_tr,U,STABLE,none,batch_level,batch_auroc,0.3333,,,4,,42,2026-08-24T12:36:05
ae_adwin_lstm,TSB-U-STABLE_049_SEG_1680_555_YAHOO_id_5_WebService_tr,U,STABLE,none,ordered_per_window,per_sample_auroc,0.3886,0.8154,1.0,32,7.0,42,2026-08-24T12:36:05
tdivdm,TSB-U-STABLE_049_SEG_1680_555_YAHOO_id_5_WebService_tr,U,STABLE,none,ordered_per_window,per_sample_auroc,0.48,0.7901,1.0,32,,42,2026-08-24T12:36:06
driftlens,TSB-U-STABLE_050_SEG_89155_266_IOPS_id_7_WebService_tr,U,STABLE,none,batch_level,batch_auroc,0.0625,,,17,,42,2026-08-24T12:36:26
ae_adwin_lstm,TSB-U-STABLE_050_SEG_89155_266_IOPS_id_7_WebService_tr,U,STABLE,none,ordered_per_window,per_sample_auroc,0.4287,0.9325,1.0,560,1.0,42,2026-08-24T12:36:27
tdivdm,TSB-U-STABLE_050_SEG_89155_266_IOPS_id_7_WebService_tr,U,STABLE,none,ordered_per_window,per_sample_auroc,0.4043,0.9215,0.9744,560,,42,2026-08-24T12:36:37
driftlens,TSB-U-STABLE_053_SEG_1680_716_YAHOO_id_166_WebService_,U,STABLE,none,batch_level,batch_auroc,1.0,,,4,,42,2026-08-24T12:36:43
ae_adwin_lstm,TSB-U-STABLE_053_SEG_1680_716_YAHOO_id_166_WebService_,U,STABLE,none,ordered_per_window,per_sample_auroc,0.6242,0.9276,0.8,38,25.0,42,2026-08-24T12:36:43
tdivdm,TSB-U-STABLE_053_SEG_1680_716_YAHOO_id_166_WebService_,U,STABLE,none,ordered_per_window,per_sample_auroc,0.6788,0.9403,0.6,38,,42,2026-08-24T12:36:43
driftlens,TSB-U-STABLE_054_SEG_1421_639_YAHOO_id_89_Synthetic_tr,U,STABLE,none,batch_level,batch_auroc,0.0,,,3,,42,2026-08-24T12:36:51
ae_adwin_lstm,TSB-U-STABLE_054_SEG_1421_639_YAHOO_id_89_Synthetic_tr,U,STABLE,none,ordered_per_window,per_sample_auroc,0.5312,0.5521,1.0,12,1.0,42,2026-08-24T12:36:51
tdivdm,TSB-U-STABLE_054_SEG_1421_639_YAHOO_id_89_Synthetic_tr,U,STABLE,none,ordered_per_window,per_sample_auroc,0.4688,0.5076,0.875,12,,42,2026-08-24T12:36:52
driftlens,TSB-U-STABLE_055_SEG_10001_374_UCR_id_72_Medical_tr_25,U,STABLE,none,batch_level,batch_auroc,1.0,,,6,,42,2026-08-24T12:37:25
ae_adwin_lstm,TSB-U-STABLE_055_SEG_10001_374_UCR_id_72_Medical_tr_25,U,STABLE,none,ordered_per_window,per_sample_auroc,0.6098,0.5733,0.9848,74,3.0,42,2026-08-24T12:37:25
tdivdm,TSB-U-STABLE_055_SEG_10001_374_UCR_id_72_Medical_tr_25,U,STABLE,none,ordered_per_window,per_sample_auroc,0.7348,0.5959,0.8485,74,,42,2026-08-24T12:37:27
driftlens,TSB-U-STABLE_058_SEG_298340_455_UCR_id_153_Facility_tr,U,STABLE,none,batch_level,batch_auroc,0.1875,,,49,,42,2026-08-24T12:50:46
ae_adwin_lstm,TSB-U-STABLE_058_SEG_298340_455_UCR_id_153_Facility_tr,U,STABLE,none,ordered_per_window,per_sample_auroc,0.5226,0.0342,0.9974,1579,3.0,42,2026-08-24T12:50:50
tdivdm,TSB-U-STABLE_058_SEG_298340_455_UCR_id_153_Facility_tr,U,STABLE,none,ordered_per_window,per_sample_auroc,0.5621,0.0421,0.9791,1579,,42,2026-08-24T12:51:41
driftlens,TSB-U-STABLE_059_SEG_1421_576_YAHOO_id_26_Synthetic_tr,U,STABLE,none,batch_level,batch_auroc,0.0,,,3,,42,2026-08-24T12:51:58
ae_adwin_lstm,TSB-U-STABLE_059_SEG_1421_576_YAHOO_id_26_Synthetic_tr,U,STABLE,none,ordered_per_window,per_sample_auroc,0.8611,0.9056,0.6667,12,3.0,42,2026-08-24T12:51:58
tdivdm,TSB-U-STABLE_059_SEG_1421_576_YAHOO_id_26_Synthetic_tr,U,STABLE,none,ordered_per_window,per_sample_auroc,0.8611,0.8774,0.3333,12,,42,2026-08-24T12:51:59
driftlens,TSB-U-STABLE_061_SEG_7500_383_UCR_id_81_Medical_tr_187,U,STABLE,none,batch_level,batch_auroc,1.0,,,4,,42,2026-08-24T12:52:19
ae_adwin_lstm,TSB-U-STABLE_061_SEG_7500_383_UCR_id_81_Medical_tr_187,U,STABLE,none,ordered_per_window,per_sample_auroc,0.9485,0.9324,0.5,41,1.0,42,2026-08-24T12:52:19
tdivdm,TSB-U-STABLE_061_SEG_7500_383_UCR_id_81_Medical_tr_187,U,STABLE,none,ordered_per_window,per_sample_auroc,0.9818,0.9679,0.2,41,,42,2026-08-24T12:52:20
driftlens,TSB-U-STABLE_063_SEG_190001_375_UCR_id_73_Medical_tr_4,U,STABLE,none,batch_level,batch_auroc,,,,36,,42,2026-08-24T13:02:54
ae_adwin_lstm,TSB-U-STABLE_063_SEG_190001_375_UCR_id_73_Medical_tr_4,U,STABLE,none,ordered_per_window,per_sample_auroc,0.7676,0.117,0.8378,1167,5.0,42,2026-08-24T13:02:55
tdivdm,TSB-U-STABLE_063_SEG_190001_375_UCR_id_73_Medical_tr_4,U,STABLE,none,ordered_per_window,per_sample_auroc,0.8641,0.143,0.4363,1167,,42,2026-08-24T13:03:38
driftlens,TSB-U-STABLE_066_SEG_1421_578_YAHOO_id_28_Synthetic_tr,U,STABLE,none,batch_level,batch_auroc,0.3333,,,4,,42,2026-08-24T13:03:52
ae_adwin_lstm,TSB-U-STABLE_066_SEG_1421_578_YAHOO_id_28_Synthetic_tr,U,STABLE,none,ordered_per_window,per_sample_auroc,0.8485,0.9419,1.0,17,3.0,42,2026-08-24T13:03:52
tdivdm,TSB-U-STABLE_066_SEG_1421_578_YAHOO_id_28_Synthetic_tr,U,STABLE,none,ordered_per_window,per_sample_auroc,1.0,1.0,0.0,17,,42,2026-08-24T13:03:53
driftlens,TSB-U-STABLE_067_SEG_199753_487_UCR_id_185_Medical_tr_,U,STABLE,none,batch_level,batch_auroc,,,,56,,42,2026-08-24T13:18:57
ae_adwin_lstm,TSB-U-STABLE_067_SEG_199753_487_UCR_id_185_Medical_tr_,U,STABLE,none,ordered_per_window,per_sample_auroc,0.6719,0.1831,0.8639,1815,4.0,42,2026-08-24T13:18:59
tdivdm,TSB-U-STABLE_067_SEG_199753_487_UCR_id_185_Medical_tr_,U,STABLE,none,ordered_per_window,per_sample_auroc,0.6698,0.0762,0.9225,1815,,42,2026-08-24T13:19:57
driftlens,TSB-U-STABLE_068_SEG_1421_611_YAHOO_id_61_Synthetic_tr,U,STABLE,none,batch_level,batch_auroc,0.0,,,4,,42,2026-08-24T13:20:18
ae_adwin_lstm,TSB-U-STABLE_068_SEG_1421_611_YAHOO_id_61_Synthetic_tr,U,STABLE,none,ordered_per_window,per_sample_auroc,0.4091,0.6896,1.0,17,7.0,42,2026-08-24T13:20:19
tdivdm,TSB-U-STABLE_068_SEG_1421_611_YAHOO_id_61_Synthetic_tr,U,STABLE,none,ordered_per_window,per_sample_auroc,0.8485,0.9336,1.0,17,,42,2026-08-24T13:20:19
driftlens,TSB-U-STABLE_069_SEG_15285_076_WSD_id_48_WebService_tr,U,STABLE,none,batch_level,batch_auroc,0.0,,,4,,42,2026-08-24T13:20:54
ae_adwin_lstm,TSB-U-STABLE_069_SEG_15285_076_WSD_id_48_WebService_tr,U,STABLE,none,ordered_per_window,per_sample_auroc,0.446,0.2781,0.9697,89,,42,2026-08-24T13:20:55
tdivdm,TSB-U-STABLE_069_SEG_15285_076_WSD_id_48_WebService_tr,U,STABLE,none,ordered_per_window,per_sample_auroc,0.3874,0.266,0.9697,89,,42,2026-08-24T13:20:57
driftlens,TSB-U-STABLE_071_SEG_18391_054_WSD_id_26_WebService_tr,U,STABLE,none,batch_level,batch_auroc,0.25,,,4,,42,2026-08-24T13:21:10
ae_adwin_lstm,TSB-U-STABLE_071_SEG_18391_054_WSD_id_26_WebService_tr,U,STABLE,none,ordered_per_window,per_sample_auroc,0.4819,0.5548,0.9583,47,1.0,42,2026-08-24T13:21:10
tdivdm,TSB-U-STABLE_071_SEG_18391_054_WSD_id_26_WebService_tr,U,STABLE,none,ordered_per_window,per_sample_auroc,0.5761,0.5855,0.8333,47,,42,2026-08-24T13:21:11
driftlens,TSB-U-STABLE_073_SEG_1461_667_YAHOO_id_117_WebService_,U,STABLE,none,batch_level,batch_auroc,0.3333,,,4,,42,2026-08-24T13:21:16
ae_adwin_lstm,TSB-U-STABLE_073_SEG_1461_667_YAHOO_id_117_WebService_,U,STABLE,none,ordered_per_window,per_sample_auroc,0.8088,0.9552,0.75,21,,42,2026-08-24T13:21:16
tdivdm,TSB-U-STABLE_073_SEG_1461_667_YAHOO_id_117_WebService_,U,STABLE,none,ordered_per_window,per_sample_auroc,0.4412,0.8441,1.0,21,,42,2026-08-24T13:21:17
driftlens,TSB-U-STABLE_074_SEG_1680_577_YAHOO_id_27_WebService_t,U,STABLE,none,batch_level,batch_auroc,0.0,,,4,,42,2026-08-24T13:21:22
ae_adwin_lstm,TSB-U-STABLE_074_SEG_1680_577_YAHOO_id_27_WebService_t,U,STABLE,none,ordered_per_window,per_sample_auroc,0.7909,0.9507,1.0,27,,42,2026-08-24T13:21:22
tdivdm,TSB-U-STABLE_074_SEG_1680_577_YAHOO_id_27_WebService_t,U,STABLE,none,ordered_per_window,per_sample_auroc,0.4,0.7638,1.0,27,,42,2026-08-24T13:21:22
driftlens,TSB-U-STABLE_076_SEG_29950_460_UCR_id_158_Medical_tr_7,U,STABLE,none,batch_level,batch_auroc,0.2857,,,8,,42,2026-08-24T13:23:27
ae_adwin_lstm,TSB-U-STABLE_076_SEG_29950_460_UCR_id_158_Medical_tr_7,U,STABLE,none,ordered_per_window,per_sample_auroc,0.9441,0.7102,0.2644,283,2.0,42,2026-08-24T13:23:28
tdivdm,TSB-U-STABLE_076_SEG_29950_460_UCR_id_158_Medical_tr_7,U,STABLE,none,ordered_per_window,per_sample_auroc,0.939,0.8535,0.4253,283,,42,2026-08-24T13:23:37
driftlens,TSB-U-STABLE_077_SEG_1421_605_YAHOO_id_55_Synthetic_tr,U,STABLE,none,batch_level,batch_auroc,1.0,,,3,,42,2026-08-24T13:23:44
ae_adwin_lstm,TSB-U-STABLE_077_SEG_1421_605_YAHOO_id_55_Synthetic_tr,U,STABLE,none,ordered_per_window,per_sample_auroc,0.4375,0.5265,1.0,12,,42,2026-08-24T13:23:44
tdivdm,TSB-U-STABLE_077_SEG_1421_605_YAHOO_id_55_Synthetic_tr,U,STABLE,none,ordered_per_window,per_sample_auroc,0.3125,0.2992,0.875,12,,42,2026-08-24T13:23:46
driftlens,TSB-U-STABLE_079_SEG_9057_847_OPPORTUNITY_id_6_HumanAc,U,STABLE,none,batch_level,batch_auroc,1.0,,,6,,42,2026-08-24T13:23:52
ae_adwin_lstm,TSB-U-STABLE_079_SEG_9057_847_OPPORTUNITY_id_6_HumanAc,U,STABLE,none,ordered_per_window,per_sample_auroc,0.3319,0.8887,1.0,85,0.0,42,2026-08-24T13:23:52
tdivdm,TSB-U-STABLE_079_SEG_9057_847_OPPORTUNITY_id_6_HumanAc,U,STABLE,none,ordered_per_window,per_sample_auroc,0.5541,0.9063,0.8889,85,,42,2026-08-24T13:23:53
driftlens,TSB-U-STABLE_081_SEG_1420_723_YAHOO_id_173_WebService_,U,STABLE,none,batch_level,batch_auroc,0.5,,,4,,42,2026-08-24T13:24:00
ae_adwin_lstm,TSB-U-STABLE_081_SEG_1420_723_YAHOO_id_173_WebService_,U,STABLE,none,ordered_per_window,per_sample_auroc,0.0606,0.3572,1.0,23,,42,2026-08-24T13:24:01
tdivdm,TSB-U-STABLE_081_SEG_1420_723_YAHOO_id_173_WebService_,U,STABLE,none,ordered_per_window,per_sample_auroc,0.3939,0.4548,0.8182,23,,42,2026-08-24T13:24:02
driftlens,TSB-U-STABLE_082_SEG_29859_351_UCR_id_49_Medical_tr_74,U,STABLE,none,batch_level,batch_auroc,0.8,,,6,,42,2026-08-24T13:25:05
ae_adwin_lstm,TSB-U-STABLE_082_SEG_29859_351_UCR_id_49_Medical_tr_74,U,STABLE,none,ordered_per_window,per_sample_auroc,0.6725,0.3212,0.886,129,0.0,42,2026-08-24T13:25:05
tdivdm,TSB-U-STABLE_082_SEG_29859_351_UCR_id_49_Medical_tr_74,U,STABLE,none,ordered_per_window,per_sample_auroc,0.7269,0.4688,0.8596,129,,42,2026-08-24T13:25:09
driftlens,TSB-U-STABLE_083_SEG_1680_574_YAHOO_id_24_WebService_t,U,STABLE,none,batch_level,batch_auroc,,,,0,,42,2026-08-24T13:25:16
ae_adwin_lstm,TSB-U-STABLE_083_SEG_1680_574_YAHOO_id_24_WebService_t,U,STABLE,none,ordered_per_window,per_sample_auroc,0.2857,0.9261,1.0,15,,42,2026-08-24T13:25:16
tdivdm,TSB-U-STABLE_083_SEG_1680_574_YAHOO_id_24_WebService_t,U,STABLE,none,ordered_per_window,per_sample_auroc,0.3571,0.938,1.0,15,,42,2026-08-24T13:25:16
driftlens,TSB-U-STABLE_085_SEG_1680_561_YAHOO_id_11_WebService_t,U,STABLE,none,batch_level,batch_auroc,0.6667,,,4,,42,2026-08-24T13:25:21
ae_adwin_lstm,TSB-U-STABLE_085_SEG_1680_561_YAHOO_id_11_WebService_t,U,STABLE,none,ordered_per_window,per_sample_auroc,0.4375,0.8383,1.0,19,,42,2026-08-24T13:25:21
tdivdm,TSB-U-STABLE_085_SEG_1680_561_YAHOO_id_11_WebService_t,U,STABLE,none,ordered_per_window,per_sample_auroc,0.4375,0.8074,1.0,19,,42,2026-08-24T13:25:21
driftlens,TSB-U-STABLE_086_SEG_1680_574_YAHOO_id_24_WebService_t,U,STABLE,none,batch_level,batch_auroc,,,,0,,42,2026-08-24T13:25:27
ae_adwin_lstm,TSB-U-STABLE_086_SEG_1680_574_YAHOO_id_24_WebService_t,U,STABLE,none,ordered_per_window,per_sample_auroc,0.5,0.8875,1.0,5,,42,2026-08-24T13:25:27
tdivdm,TSB-U-STABLE_086_SEG_1680_574_YAHOO_id_24_WebService_t,U,STABLE,none,ordered_per_window,per_sample_auroc,0.25,0.8042,1.0,5,,42,2026-08-24T13:25:27
driftlens,TSB-U-STABLE_090_SEG_7501_486_UCR_id_184_Medical_tr_18,U,STABLE,none,batch_level,batch_auroc,1.0,,,6,,42,2026-08-24T13:25:55
ae_adwin_lstm,TSB-U-STABLE_090_SEG_7501_486_UCR_id_184_Medical_tr_18,U,STABLE,none,ordered_per_window,per_sample_auroc,0.9057,0.7673,0.566,61,3.0,42,2026-08-24T13:25:56
tdivdm,TSB-U-STABLE_090_SEG_7501_486_UCR_id_184_Medical_tr_18,U,STABLE,none,ordered_per_window,per_sample_auroc,0.9788,0.8921,0.1132,61,,42,2026-08-24T13:25:58
driftlens,TSB-U-STABLE_094_SEG_18236_067_WSD_id_39_WebService_tr,U,STABLE,none,batch_level,batch_auroc,1.0,,,5,,42,2026-08-24T13:27:02
ae_adwin_lstm,TSB-U-STABLE_094_SEG_18236_067_WSD_id_39_WebService_tr,U,STABLE,none,ordered_per_window,per_sample_auroc,0.7453,0.5127,0.687,161,2.0,42,2026-08-24T13:27:02
tdivdm,TSB-U-STABLE_094_SEG_18236_067_WSD_id_39_WebService_tr,U,STABLE,none,ordered_per_window,per_sample_auroc,0.8163,0.6359,0.7023,161,,42,2026-08-24T13:27:07
driftlens,TSB-U-STABLE_095_SEG_80001_308_UCR_id_6_Facility_tr_20,U,STABLE,none,batch_level,batch_auroc,,,,17,,42,2026-08-24T13:31:51
ae_adwin_lstm,TSB-U-STABLE_095_SEG_80001_308_UCR_id_6_Facility_tr_20,U,STABLE,none,ordered_per_window,per_sample_auroc,0.7281,0.0876,0.4463,557,1.0,42,2026-08-24T13:31:51
tdivdm,TSB-U-STABLE_095_SEG_80001_308_UCR_id_6_Facility_tr_20,U,STABLE,none,ordered_per_window,per_sample_auroc,0.7763,0.1209,0.4746,557,,42,2026-08-24T13:32:08
driftlens,TSB-U-STABLE_096_SEG_30000_363_UCR_id_61_Medical_tr_75,U,STABLE,none,batch_level,batch_auroc,0.7143,,,8,,42,2026-08-24T13:33:34
ae_adwin_lstm,TSB-U-STABLE_096_SEG_30000_363_UCR_id_61_Medical_tr_75,U,STABLE,none,ordered_per_window,per_sample_auroc,0.45,0.1086,0.96,162,7.0,42,2026-08-24T13:33:34
tdivdm,TSB-U-STABLE_096_SEG_30000_363_UCR_id_61_Medical_tr_75,U,STABLE,none,ordered_per_window,per_sample_auroc,0.4889,0.0742,0.9133,162,,42,2026-08-24T13:33:46
driftlens,TSB-U-STABLE_097_SEG_7415_371_UCR_id_69_Medical_tr_185,U,STABLE,none,batch_level,batch_auroc,1.0,,,4,,42,2026-08-24T13:34:34
ae_adwin_lstm,TSB-U-STABLE_097_SEG_7415_371_UCR_id_69_Medical_tr_185,U,STABLE,none,ordered_per_window,per_sample_auroc,0.5437,0.347,0.9828,73,2.0,42,2026-08-24T13:34:35
tdivdm,TSB-U-STABLE_097_SEG_7415_371_UCR_id_69_Medical_tr_185,U,STABLE,none,ordered_per_window,per_sample_auroc,0.6644,0.4265,0.9655,73,,42,2026-08-24T13:34:37
driftlens,TSB-U-STABLE_098_SEG_1680_686_YAHOO_id_136_WebService_,U,STABLE,none,batch_level,batch_auroc,0.3333,,,4,,42,2026-08-24T13:34:44
ae_adwin_lstm,TSB-U-STABLE_098_SEG_1680_686_YAHOO_id_136_WebService_,U,STABLE,none,ordered_per_window,per_sample_auroc,0.3086,0.7773,1.0,32,3.0,42,2026-08-24T13:34:45
tdivdm,TSB-U-STABLE_098_SEG_1680_686_YAHOO_id_136_WebService_,U,STABLE,none,ordered_per_window,per_sample_auroc,0.9086,0.9768,0.4286,32,,42,2026-08-24T13:34:45
driftlens,TSB-M-DRIFT_001_SEG_450000_031_MITDB_id_13_Medical_tr_,M,DRIFT,none,batch_level,batch_auroc,0.7561,,,69,,42,2026-08-25T09:17:59
ae_adwin_lstm,TSB-M-DRIFT_001_SEG_450000_031_MITDB_id_13_Medical_tr_,M,DRIFT,none,ordered_per_window,per_sample_auroc,0.7276,0.8449,0.7608,1116,2.0,42,2026-08-25T09:17:59
tdivdm,TSB-M-DRIFT_001_SEG_450000_031_MITDB_id_13_Medical_tr_,M,DRIFT,none,ordered_per_window,per_sample_auroc,0.8328,0.9256,0.8226,1116,,42,2026-08-25T09:18:08
driftlens,TSB-M-DRIFT_006_SEG_200000_024_MITDB_id_6_Medical_tr_5,M,DRIFT,none,batch_level,batch_auroc,0.848,,,65,,42,2026-08-25T09:19:38
ae_adwin_lstm,TSB-M-DRIFT_006_SEG_200000_024_MITDB_id_6_Medical_tr_5,M,DRIFT,none,ordered_per_window,per_sample_auroc,0.4215,0.7183,0.9963,1045,2.0,42,2026-08-25T09:19:39
tdivdm,TSB-M-DRIFT_006_SEG_200000_024_MITDB_id_6_Medical_tr_5,M,DRIFT,none,ordered_per_window,per_sample_auroc,0.7398,0.8973,0.8352,1045,,42,2026-08-25T09:19:46
driftlens,TSB-M-DRIFT_007_SEG_300000_022_MITDB_id_4_Medical_tr_5,M,DRIFT,none,batch_level,batch_auroc,0.4935,,,45,,42,2026-08-25T09:20:51
ae_adwin_lstm,TSB-M-DRIFT_007_SEG_300000_022_MITDB_id_4_Medical_tr_5,M,DRIFT,none,ordered_per_window,per_sample_auroc,0.5773,0.7276,0.9606,727,0.0,42,2026-08-25T09:20:52
tdivdm,TSB-M-DRIFT_007_SEG_300000_022_MITDB_id_4_Medical_tr_5,M,DRIFT,none,ordered_per_window,per_sample_auroc,0.7448,0.8509,0.8386,727,,42,2026-08-25T09:20:57
driftlens,TSB-M-DRIFT_008_SEG_500000_021_MITDB_id_3_Medical_tr_5,M,DRIFT,none,batch_level,batch_auroc,0.8076,,,54,,42,2026-08-25T09:22:03
ae_adwin_lstm,TSB-M-DRIFT_008_SEG_500000_021_MITDB_id_3_Medical_tr_5,M,DRIFT,none,ordered_per_window,per_sample_auroc,0.7962,0.8971,0.7926,876,3.0,42,2026-08-25T09:22:05
tdivdm,TSB-M-DRIFT_008_SEG_500000_021_MITDB_id_3_Medical_tr_5,M,DRIFT,none,ordered_per_window,per_sample_auroc,0.9014,0.9604,0.6222,876,,42,2026-08-25T09:22:13
driftlens,TSB-M-DRIFT_011_SEG_100000_079_LTDB_id_1_Medical_tr_36,M,DRIFT,none,batch_level,batch_auroc,1.0,,,30,,42,2026-08-25T09:22:22
ae_adwin_lstm,TSB-M-DRIFT_011_SEG_100000_079_LTDB_id_1_Medical_tr_36,M,DRIFT,none,ordered_per_window,per_sample_auroc,0.2595,0.9377,1.0,490,3.0,42,2026-08-25T09:22:23
tdivdm,TSB-M-DRIFT_011_SEG_100000_079_LTDB_id_1_Medical_tr_36,M,DRIFT,none,ordered_per_window,per_sample_auroc,0.8257,0.9919,0.8333,490,,42,2026-08-25T09:22:23
driftlens,TSB-M-DRIFT_012_SEG_100000_083_LTDB_id_5_Medical_tr_15,M,DRIFT,none,batch_level,batch_auroc,0.8308,,,18,,42,2026-08-25T09:22:36
ae_adwin_lstm,TSB-M-DRIFT_012_SEG_100000_083_LTDB_id_5_Medical_tr_15,M,DRIFT,none,ordered_per_window,per_sample_auroc,0.3919,0.7021,0.9863,292,3.0,42,2026-08-25T09:22:37
tdivdm,TSB-M-DRIFT_012_SEG_100000_083_LTDB_id_5_Medical_tr_15,M,DRIFT,none,ordered_per_window,per_sample_auroc,0.6861,0.8505,0.8356,292,,42,2026-08-25T09:22:38
driftlens,TSB-M-DRIFT_013_SEG_620000_030_MITDB_id_12_Medical_tr_,M,DRIFT,none,batch_level,batch_auroc,0.38,,,83,,42,2026-08-25T09:23:40
ae_adwin_lstm,TSB-M-DRIFT_013_SEG_620000_030_MITDB_id_12_Medical_tr_,M,DRIFT,none,ordered_per_window,per_sample_auroc,0.7242,0.8594,0.8186,1331,6.0,42,2026-08-25T09:23:41
tdivdm,TSB-M-DRIFT_013_SEG_620000_030_MITDB_id_12_Medical_tr_,M,DRIFT,none,ordered_per_window,per_sample_auroc,0.7822,0.9048,0.801,1331,,42,2026-08-25T09:23:46
driftlens,TSB-M-DRIFT_015_SEG_620000_030_MITDB_id_12_Medical_tr_,M,DRIFT,none,batch_level,batch_auroc,0.4467,,,79,,42,2026-08-25T09:25:48
ae_adwin_lstm,TSB-M-DRIFT_015_SEG_620000_030_MITDB_id_12_Medical_tr_,M,DRIFT,none,ordered_per_window,per_sample_auroc,0.7927,0.9014,0.801,1264,6.0,42,2026-08-25T09:25:50
tdivdm,TSB-M-DRIFT_015_SEG_620000_030_MITDB_id_12_Medical_tr_,M,DRIFT,none,ordered_per_window,per_sample_auroc,0.7611,0.8871,0.8186,1264,,42,2026-08-25T09:26:01
driftlens,TSB-M-DRIFT_017_SEG_150000_019_MITDB_id_1_Medical_tr_3,M,DRIFT,none,batch_level,batch_auroc,0.739,,,77,,42,2026-08-25T09:28:59
ae_adwin_lstm,TSB-M-DRIFT_017_SEG_150000_019_MITDB_id_1_Medical_tr_3,M,DRIFT,none,ordered_per_window,per_sample_auroc,0.6005,0.6723,0.8802,1236,1.0,42,2026-08-25T09:29:05
tdivdm,TSB-M-DRIFT_017_SEG_150000_019_MITDB_id_1_Medical_tr_3,M,DRIFT,none,ordered_per_window,per_sample_auroc,0.8048,0.871,0.6818,1236,,42,2026-08-25T09:29:14
driftlens,TSB-M-DRIFT_018_SEG_150000_019_MITDB_id_1_Medical_tr_3,M,DRIFT,none,batch_level,batch_auroc,0.8047,,,101,,42,2026-08-25T09:33:12
ae_adwin_lstm,TSB-M-DRIFT_018_SEG_150000_019_MITDB_id_1_Medical_tr_3,M,DRIFT,none,ordered_per_window,per_sample_auroc,0.5124,0.6982,0.8719,1631,1.0,42,2026-08-25T09:33:15
tdivdm,TSB-M-DRIFT_018_SEG_150000_019_MITDB_id_1_Medical_tr_3,M,DRIFT,none,ordered_per_window,per_sample_auroc,0.8503,0.934,0.6136,1631,,42,2026-08-25T09:33:32
driftlens,TSB-M-DRIFT_019_SEG_650000_020_MITDB_id_2_Medical_tr_5,M,DRIFT,none,batch_level,batch_auroc,0.8044,,,45,,42,2026-08-25T09:35:34
ae_adwin_lstm,TSB-M-DRIFT_019_SEG_650000_020_MITDB_id_2_Medical_tr_5,M,DRIFT,none,ordered_per_window,per_sample_auroc,0.8336,0.9075,0.6082,732,6.0,42,2026-08-25T09:35:35
tdivdm,TSB-M-DRIFT_019_SEG_650000_020_MITDB_id_2_Medical_tr_5,M,DRIFT,none,ordered_per_window,per_sample_auroc,0.9296,0.967,0.4204,732,,42,2026-08-25T09:35:43
driftlens,TSB-M-DRIFT_020_SEG_300000_022_MITDB_id_4_Medical_tr_5,M,DRIFT,none,batch_level,batch_auroc,0.5682,,,38,,42,2026-08-25T09:37:00
ae_adwin_lstm,TSB-M-DRIFT_020_SEG_300000_022_MITDB_id_4_Medical_tr_5,M,DRIFT,none,ordered_per_window,per_sample_auroc,0.5971,0.6854,0.9449,617,0.0,42,2026-08-25T09:37:01
tdivdm,TSB-M-DRIFT_020_SEG_300000_022_MITDB_id_4_Medical_tr_5,M,DRIFT,none,ordered_per_window,per_sample_auroc,0.7109,0.7852,0.8465,617,,42,2026-08-25T09:37:07
driftlens,TSB-M-DRIFT_022_SEG_600000_029_MITDB_id_11_Medical_tr_,M,DRIFT,none,batch_level,batch_auroc,0.9268,,,168,,42,2026-08-25T09:52:52
ae_adwin_lstm,TSB-M-DRIFT_022_SEG_600000_029_MITDB_id_11_Medical_tr_,M,DRIFT,none,ordered_per_window,per_sample_auroc,0.4449,0.0834,0.9077,2703,3.0,42,2026-08-25T09:53:06
tdivdm,TSB-M-DRIFT_022_SEG_600000_029_MITDB_id_11_Medical_tr_,M,DRIFT,none,ordered_per_window,per_sample_auroc,0.7721,0.4159,0.6734,2703,,42,2026-08-25T09:53:49
driftlens,TSB-M-DRIFT_023_SEG_620000_030_MITDB_id_12_Medical_tr_,M,DRIFT,none,batch_level,batch_auroc,0.2919,,,62,,42,2026-08-25T09:55:57
ae_adwin_lstm,TSB-M-DRIFT_023_SEG_620000_030_MITDB_id_12_Medical_tr_,M,DRIFT,none,ordered_per_window,per_sample_auroc,0.732,0.8234,0.8388,1006,6.0,42,2026-08-25T09:55:59
tdivdm,TSB-M-DRIFT_023_SEG_620000_030_MITDB_id_12_Medical_tr_,M,DRIFT,none,ordered_per_window,per_sample_auroc,0.6831,0.7815,0.8741,1006,,42,2026-08-25T09:56:05
driftlens,TSB-M-DRIFT_025_SEG_620000_030_MITDB_id_12_Medical_tr_,M,DRIFT,none,batch_level,batch_auroc,0.2616,,,62,,42,2026-08-25T09:57:46
ae_adwin_lstm,TSB-M-DRIFT_025_SEG_620000_030_MITDB_id_12_Medical_tr_,M,DRIFT,none,ordered_per_window,per_sample_auroc,0.7197,0.8046,0.8388,995,6.0,42,2026-08-25T09:57:48
tdivdm,TSB-M-DRIFT_025_SEG_620000_030_MITDB_id_12_Medical_tr_,M,DRIFT,none,ordered_per_window,per_sample_auroc,0.6777,0.773,0.8741,995,,42,2026-08-25T09:57:54
driftlens,TSB-M-DRIFT_028_SEG_450000_031_MITDB_id_13_Medical_tr_,M,DRIFT,none,batch_level,batch_auroc,0.4614,,,41,,42,2026-08-25T09:59:15
ae_adwin_lstm,TSB-M-DRIFT_028_SEG_450000_031_MITDB_id_13_Medical_tr_,M,DRIFT,none,ordered_per_window,per_sample_auroc,0.6627,0.6376,0.8522,656,2.0,42,2026-08-25T09:59:15
tdivdm,TSB-M-DRIFT_028_SEG_450000_031_MITDB_id_13_Medical_tr_,M,DRIFT,none,ordered_per_window,per_sample_auroc,0.645,0.6444,0.9301,656,,42,2026-08-25T09:59:19
driftlens,TSB-M-DRIFT_030_SEG_100000_083_LTDB_id_5_Medical_tr_15,M,DRIFT,none,batch_level,batch_auroc,0.7429,,,12,,42,2026-08-25T09:59:44
ae_adwin_lstm,TSB-M-DRIFT_030_SEG_100000_083_LTDB_id_5_Medical_tr_15,M,DRIFT,none,ordered_per_window,per_sample_auroc,0.3986,0.5924,1.0,199,3.0,42,2026-08-25T09:59:45
tdivdm,TSB-M-DRIFT_030_SEG_100000_083_LTDB_id_5_Medical_tr_15,M,DRIFT,none,ordered_per_window,per_sample_auroc,0.5915,0.7392,0.9178,199,,42,2026-08-25T09:59:46
driftlens,TSB-M-DRIFT_031_SEG_400000_026_MITDB_id_8_Medical_tr_3,M,DRIFT,none,batch_level,batch_auroc,0.6524,,,79,,42,2026-08-25T10:00:31
ae_adwin_lstm,TSB-M-DRIFT_031_SEG_400000_026_MITDB_id_8_Medical_tr_3,M,DRIFT,none,ordered_per_window,per_sample_auroc,0.5244,0.8943,0.9306,1272,6.0,42,2026-08-25T10:00:33
tdivdm,TSB-M-DRIFT_031_SEG_400000_026_MITDB_id_8_Medical_tr_3,M,DRIFT,none,ordered_per_window,per_sample_auroc,0.8217,0.9736,0.7708,1272,,42,2026-08-25T10:00:37
driftlens,TSB-M-DRIFT_032_SEG_300000_022_MITDB_id_4_Medical_tr_5,M,DRIFT,none,batch_level,batch_auroc,0.5366,,,57,,42,2026-08-25T10:01:55
ae_adwin_lstm,TSB-M-DRIFT_032_SEG_300000_022_MITDB_id_4_Medical_tr_5,M,DRIFT,none,ordered_per_window,per_sample_auroc,0.5618,0.7747,0.9449,915,0.0,42,2026-08-25T10:01:56
tdivdm,TSB-M-DRIFT_032_SEG_300000_022_MITDB_id_4_Medical_tr_5,M,DRIFT,none,ordered_per_window,per_sample_auroc,0.7734,0.9007,0.8031,915,,42,2026-08-25T10:02:03
driftlens,TSB-M-DRIFT_033_SEG_100000_027_MITDB_id_9_Medical_tr_2,M,DRIFT,none,batch_level,batch_auroc,0.4667,,,17,,42,2026-08-25T10:04:07
ae_adwin_lstm,TSB-M-DRIFT_033_SEG_100000_027_MITDB_id_9_Medical_tr_2,M,DRIFT,none,ordered_per_window,per_sample_auroc,0.847,0.424,0.5755,280,7.0,42,2026-08-25T10:04:08
tdivdm,TSB-M-DRIFT_033_SEG_100000_027_MITDB_id_9_Medical_tr_2,M,DRIFT,none,ordered_per_window,per_sample_auroc,0.8871,0.7782,0.7918,280,,42,2026-08-25T10:04:17
driftlens,TSB-M-DRIFT_035_SEG_200000_024_MITDB_id_6_Medical_tr_5,M,DRIFT,none,batch_level,batch_auroc,0.9244,,,24,,42,2026-08-25T10:06:50
ae_adwin_lstm,TSB-M-DRIFT_035_SEG_200000_024_MITDB_id_6_Medical_tr_5,M,DRIFT,none,ordered_per_window,per_sample_auroc,0.7621,0.6077,0.707,389,2.0,42,2026-08-25T10:06:52
tdivdm,TSB-M-DRIFT_035_SEG_200000_024_MITDB_id_6_Medical_tr_5,M,DRIFT,none,ordered_per_window,per_sample_auroc,0.8229,0.745,0.6923,389,,42,2026-08-25T10:07:01
driftlens,TSB-M-DRIFT_038_SEG_500000_021_MITDB_id_3_Medical_tr_5,M,DRIFT,none,batch_level,batch_auroc,0.8824,,,53,,42,2026-08-25T10:09:16
ae_adwin_lstm,TSB-M-DRIFT_038_SEG_500000_021_MITDB_id_3_Medical_tr_5,M,DRIFT,none,ordered_per_window,per_sample_auroc,0.7601,0.8694,0.8185,849,3.0,42,2026-08-25T10:09:18
tdivdm,TSB-M-DRIFT_038_SEG_500000_021_MITDB_id_3_Medical_tr_5,M,DRIFT,none,ordered_per_window,per_sample_auroc,0.9002,0.9588,0.637,849,,42,2026-08-25T10:09:28
driftlens,TSB-M-DRIFT_039_SEG_100000_079_LTDB_id_1_Medical_tr_36,M,DRIFT,none,batch_level,batch_auroc,1.0,,,51,,42,2026-08-25T10:09:39
ae_adwin_lstm,TSB-M-DRIFT_039_SEG_100000_079_LTDB_id_1_Medical_tr_36,M,DRIFT,none,ordered_per_window,per_sample_auroc,0.1758,0.9537,1.0,829,3.0,42,2026-08-25T10:09:41
tdivdm,TSB-M-DRIFT_039_SEG_100000_079_LTDB_id_1_Medical_tr_36,M,DRIFT,none,ordered_per_window,per_sample_auroc,0.8039,0.994,0.6667,829,,42,2026-08-25T10:09:44
driftlens,TSB-M-DRIFT_040_SEG_100000_083_LTDB_id_5_Medical_tr_15,M,DRIFT,none,batch_level,batch_auroc,0.8566,,,58,,42,2026-08-25T10:10:22
ae_adwin_lstm,TSB-M-DRIFT_040_SEG_100000_083_LTDB_id_5_Medical_tr_15,M,DRIFT,none,ordered_per_window,per_sample_auroc,0.2759,0.8586,0.9863,940,3.0,42,2026-08-25T10:10:25
tdivdm,TSB-M-DRIFT_040_SEG_100000_083_LTDB_id_5_Medical_tr_15,M,DRIFT,none,ordered_per_window,per_sample_auroc,0.7551,0.9742,0.8356,940,,42,2026-08-25T10:10:32
driftlens,TSB-M-DRIFT_041_SEG_150000_025_MITDB_id_7_Medical_tr_3,M,DRIFT,none,batch_level,batch_auroc,0.3501,,,55,,42,2026-08-25T10:13:53
ae_adwin_lstm,TSB-M-DRIFT_041_SEG_150000_025_MITDB_id_7_Medical_tr_3,M,DRIFT,none,ordered_per_window,per_sample_auroc,0.8322,0.8548,0.7362,895,7.0,42,2026-08-25T10:13:55
tdivdm,TSB-M-DRIFT_041_SEG_150000_025_MITDB_id_7_Medical_tr_3,M,DRIFT,none,ordered_per_window,per_sample_auroc,0.9364,0.9555,0.4149,895,,42,2026-08-25T10:14:09
driftlens,TSB-M-DRIFT_043_SEG_500000_021_MITDB_id_3_Medical_tr_5,M,DRIFT,none,batch_level,batch_auroc,0.8915,,,62,,42,2026-08-25T10:16:52
ae_adwin_lstm,TSB-M-DRIFT_043_SEG_500000_021_MITDB_id_3_Medical_tr_5,M,DRIFT,none,ordered_per_window,per_sample_auroc,0.7969,0.9138,0.7741,1000,3.0,42,2026-08-25T10:16:54
tdivdm,TSB-M-DRIFT_043_SEG_500000_021_MITDB_id_3_Medical_tr_5,M,DRIFT,none,ordered_per_window,per_sample_auroc,0.9203,0.9733,0.5852,1000,,42,2026-08-25T10:17:06
driftlens,TSB-M-DRIFT_053_SEG_200000_024_MITDB_id_6_Medical_tr_5,M,DRIFT,none,batch_level,batch_auroc,0.9445,,,52,,42,2026-08-25T10:19:36
ae_adwin_lstm,TSB-M-DRIFT_053_SEG_200000_024_MITDB_id_6_Medical_tr_5,M,DRIFT,none,ordered_per_window,per_sample_auroc,0.4887,0.6856,0.9853,845,2.0,42,2026-08-25T10:19:38
tdivdm,TSB-M-DRIFT_053_SEG_200000_024_MITDB_id_6_Medical_tr_5,M,DRIFT,none,ordered_per_window,per_sample_auroc,0.6919,0.8348,0.8828,845,,42,2026-08-25T10:19:51
driftlens,TSB-M-DRIFT_054_SEG_150000_019_MITDB_id_1_Medical_tr_3,M,DRIFT,none,batch_level,batch_auroc,0.7435,,,53,,42,2026-08-25T10:24:16
ae_adwin_lstm,TSB-M-DRIFT_054_SEG_150000_019_MITDB_id_1_Medical_tr_3,M,DRIFT,none,ordered_per_window,per_sample_auroc,0.5392,0.475,0.9112,859,1.0,42,2026-08-25T10:24:19
tdivdm,TSB-M-DRIFT_054_SEG_150000_019_MITDB_id_1_Medical_tr_3,M,DRIFT,none,ordered_per_window,per_sample_auroc,0.6656,0.587,0.7686,859,,42,2026-08-25T10:24:34
driftlens,TSB-M-DRIFT_057_SEG_500000_021_MITDB_id_3_Medical_tr_5,M,DRIFT,none,batch_level,batch_auroc,0.7982,,,75,,42,2026-08-25T10:27:17
ae_adwin_lstm,TSB-M-DRIFT_057_SEG_500000_021_MITDB_id_3_Medical_tr_5,M,DRIFT,none,ordered_per_window,per_sample_auroc,0.6866,0.8707,0.8296,1215,3.0,42,2026-08-25T10:27:19
tdivdm,TSB-M-DRIFT_057_SEG_500000_021_MITDB_id_3_Medical_tr_5,M,DRIFT,none,ordered_per_window,per_sample_auroc,0.9289,0.9804,0.5481,1215,,42,2026-08-25T10:27:32
driftlens,TSB-M-DRIFT_058_SEG_400000_026_MITDB_id_8_Medical_tr_3,M,DRIFT,none,batch_level,batch_auroc,0.7359,,,86,,42,2026-08-25T10:28:58
ae_adwin_lstm,TSB-M-DRIFT_058_SEG_400000_026_MITDB_id_8_Medical_tr_3,M,DRIFT,none,ordered_per_window,per_sample_auroc,0.3774,0.8623,0.9792,1386,6.0,42,2026-08-25T10:29:00
tdivdm,TSB-M-DRIFT_058_SEG_400000_026_MITDB_id_8_Medical_tr_3,M,DRIFT,none,ordered_per_window,per_sample_auroc,0.7775,0.9623,0.7569,1386,,42,2026-08-25T10:29:06
driftlens,TSB-M-DRIFT_060_SEG_620000_030_MITDB_id_12_Medical_tr_,M,DRIFT,none,batch_level,batch_auroc,0.2482,,,64,,42,2026-08-25T10:32:03
ae_adwin_lstm,TSB-M-DRIFT_060_SEG_620000_030_MITDB_id_12_Medical_tr_,M,DRIFT,none,ordered_per_window,per_sample_auroc,0.6927,0.7862,0.8589,1031,6.0,42,2026-08-25T10:32:06
tdivdm,TSB-M-DRIFT_060_SEG_620000_030_MITDB_id_12_Medical_tr_,M,DRIFT,none,ordered_per_window,per_sample_auroc,0.6702,0.7602,0.8741,1031,,42,2026-08-25T10:32:18
driftlens,TSB-M-DRIFT_061_SEG_200000_024_MITDB_id_6_Medical_tr_5,M,DRIFT,none,batch_level,batch_auroc,0.8353,,,57,,42,2026-08-25T10:35:01
ae_adwin_lstm,TSB-M-DRIFT_061_SEG_200000_024_MITDB_id_6_Medical_tr_5,M,DRIFT,none,ordered_per_window,per_sample_auroc,0.4931,0.7245,0.9707,919,2.0,42,2026-08-25T10:35:03
tdivdm,TSB-M-DRIFT_061_SEG_200000_024_MITDB_id_6_Medical_tr_5,M,DRIFT,none,ordered_per_window,per_sample_auroc,0.7828,0.8987,0.7546,919,,42,2026-08-25T10:35:12
driftlens,TSB-M-DRIFT_062_SEG_450000_031_MITDB_id_13_Medical_tr_,M,DRIFT,none,batch_level,batch_auroc,0.6623,,,70,,42,2026-08-25T10:37:51
ae_adwin_lstm,TSB-M-DRIFT_062_SEG_450000_031_MITDB_id_13_Medical_tr_,M,DRIFT,none,ordered_per_window,per_sample_auroc,0.5306,0.7226,0.9247,1134,2.0,42,2026-08-25T10:37:54
tdivdm,TSB-M-DRIFT_062_SEG_450000_031_MITDB_id_13_Medical_tr_,M,DRIFT,none,ordered_per_window,per_sample_auroc,0.671,0.8138,0.9032,1134,,42,2026-08-25T10:38:06
driftlens,TSB-M-DRIFT_065_SEG_620000_030_MITDB_id_12_Medical_tr_,M,DRIFT,none,batch_level,batch_auroc,0.3528,,,86,,42,2026-08-25T10:41:09
ae_adwin_lstm,TSB-M-DRIFT_065_SEG_620000_030_MITDB_id_12_Medical_tr_,M,DRIFT,none,ordered_per_window,per_sample_auroc,0.7194,0.8639,0.8287,1389,6.0,42,2026-08-25T10:41:12
tdivdm,TSB-M-DRIFT_065_SEG_620000_030_MITDB_id_12_Medical_tr_,M,DRIFT,none,ordered_per_window,per_sample_auroc,0.7584,0.895,0.8161,1389,,42,2026-08-25T10:41:28
driftlens,TSB-M-DRIFT_066_SEG_300000_022_MITDB_id_4_Medical_tr_5,M,DRIFT,none,batch_level,batch_auroc,0.6834,,,62,,42,2026-08-25T10:44:25
ae_adwin_lstm,TSB-M-DRIFT_066_SEG_300000_022_MITDB_id_4_Medical_tr_5,M,DRIFT,none,ordered_per_window,per_sample_auroc,0.5203,0.7766,0.9724,993,0.0,42,2026-08-25T10:44:28
tdivdm,TSB-M-DRIFT_066_SEG_300000_022_MITDB_id_4_Medical_tr_5,M,DRIFT,none,ordered_per_window,per_sample_auroc,0.8206,0.932,0.7441,993,,42,2026-08-25T10:44:42
driftlens,TSB-M-DRIFT_067_SEG_650000_020_MITDB_id_2_Medical_tr_5,M,DRIFT,none,batch_level,batch_auroc,0.8625,,,31,,42,2026-08-25T10:46:58
ae_adwin_lstm,TSB-M-DRIFT_067_SEG_650000_020_MITDB_id_2_Medical_tr_5,M,DRIFT,none,ordered_per_window,per_sample_auroc,0.5383,0.5463,0.9429,510,6.0,42,2026-08-25T10:47:00
tdivdm,TSB-M-DRIFT_067_SEG_650000_020_MITDB_id_2_Medical_tr_5,M,DRIFT,none,ordered_per_window,per_sample_auroc,0.7394,0.7372,0.8122,510,,42,2026-08-25T10:47:08
driftlens,TSB-M-DRIFT_069_SEG_450000_031_MITDB_id_13_Medical_tr_,M,DRIFT,none,batch_level,batch_auroc,0.8027,,,75,,42,2026-08-25T10:50:09
ae_adwin_lstm,TSB-M-DRIFT_069_SEG_450000_031_MITDB_id_13_Medical_tr_,M,DRIFT,none,ordered_per_window,per_sample_auroc,0.6295,0.8003,0.8468,1210,2.0,42,2026-08-25T10:50:11
tdivdm,TSB-M-DRIFT_069_SEG_450000_031_MITDB_id_13_Medical_tr_,M,DRIFT,none,ordered_per_window,per_sample_auroc,0.8366,0.9294,0.7876,1210,,42,2026-08-25T10:50:21
driftlens,TSB-M-DRIFT_070_SEG_300000_022_MITDB_id_4_Medical_tr_5,M,DRIFT,none,batch_level,batch_auroc,0.5556,,,52,,42,2026-08-25T10:51:07
ae_adwin_lstm,TSB-M-DRIFT_070_SEG_300000_022_MITDB_id_4_Medical_tr_5,M,DRIFT,none,ordered_per_window,per_sample_auroc,0.5675,0.7561,0.9646,845,0.0,42,2026-08-25T10:51:08
tdivdm,TSB-M-DRIFT_070_SEG_300000_022_MITDB_id_4_Medical_tr_5,M,DRIFT,none,ordered_per_window,per_sample_auroc,0.7636,0.8924,0.811,845,,42,2026-08-25T10:51:11
driftlens,TSB-M-DRIFT_071_SEG_200000_024_MITDB_id_6_Medical_tr_5,M,DRIFT,none,batch_level,batch_auroc,0.4706,,,18,,42,2026-08-25T10:52:08
ae_adwin_lstm,TSB-M-DRIFT_071_SEG_200000_024_MITDB_id_6_Medical_tr_5,M,DRIFT,none,ordered_per_window,per_sample_auroc,0.8614,0.5073,0.6777,293,2.0,42,2026-08-25T10:52:08
tdivdm,TSB-M-DRIFT_071_SEG_200000_024_MITDB_id_6_Medical_tr_5,M,DRIFT,none,ordered_per_window,per_sample_auroc,0.8016,0.5588,0.9377,293,,42,2026-08-25T10:52:13
driftlens,TSB-M-DRIFT_072_SEG_100000_083_LTDB_id_5_Medical_tr_15,M,DRIFT,none,batch_level,batch_auroc,0.9375,,,21,,42,2026-08-25T10:52:36
ae_adwin_lstm,TSB-M-DRIFT_072_SEG_100000_083_LTDB_id_5_Medical_tr_15,M,DRIFT,none,ordered_per_window,per_sample_auroc,0.2959,0.6987,1.0,343,3.0,42,2026-08-25T10:52:37
tdivdm,TSB-M-DRIFT_072_SEG_100000_083_LTDB_id_5_Medical_tr_15,M,DRIFT,none,ordered_per_window,per_sample_auroc,0.5043,0.8077,0.9315,343,,42,2026-08-25T10:52:39
driftlens,TSB-M-DRIFT_074_SEG_650000_020_MITDB_id_2_Medical_tr_5,M,DRIFT,none,batch_level,batch_auroc,0.6667,,,30,,42,2026-08-25T10:53:52
ae_adwin_lstm,TSB-M-DRIFT_074_SEG_650000_020_MITDB_id_2_Medical_tr_5,M,DRIFT,none,ordered_per_window,per_sample_auroc,0.7999,0.8058,0.702,486,6.0,42,2026-08-25T10:53:53
tdivdm,TSB-M-DRIFT_074_SEG_650000_020_MITDB_id_2_Medical_tr_5,M,DRIFT,none,ordered_per_window,per_sample_auroc,0.9211,0.9417,0.6245,486,,42,2026-08-25T10:53:57
driftlens,TSB-M-DRIFT_077_SEG_100000_027_MITDB_id_9_Medical_tr_2,M,DRIFT,none,batch_level,batch_auroc,0.7698,,,68,,42,2026-08-25T10:55:27
ae_adwin_lstm,TSB-M-DRIFT_077_SEG_100000_027_MITDB_id_9_Medical_tr_2,M,DRIFT,none,ordered_per_window,per_sample_auroc,0.607,0.8243,0.8571,1101,7.0,42,2026-08-25T10:55:28
tdivdm,TSB-M-DRIFT_077_SEG_100000_027_MITDB_id_9_Medical_tr_2,M,DRIFT,none,ordered_per_window,per_sample_auroc,0.9884,0.9968,0.049,1101,,42,2026-08-25T10:55:34
driftlens,TSB-M-DRIFT_078_SEG_450000_031_MITDB_id_13_Medical_tr_,M,DRIFT,none,batch_level,batch_auroc,0.8308,,,88,,42,2026-08-25T10:57:25
ae_adwin_lstm,TSB-M-DRIFT_078_SEG_450000_031_MITDB_id_13_Medical_tr_,M,DRIFT,none,ordered_per_window,per_sample_auroc,0.5437,0.7809,0.922,1416,2.0,42,2026-08-25T10:57:27
tdivdm,TSB-M-DRIFT_078_SEG_450000_031_MITDB_id_13_Medical_tr_,M,DRIFT,none,ordered_per_window,per_sample_auroc,0.8597,0.9493,0.7043,1416,,42,2026-08-25T10:57:36
driftlens,TSB-M-DRIFT_079_SEG_400000_026_MITDB_id_8_Medical_tr_3,M,DRIFT,none,batch_level,batch_auroc,0.5595,,,66,,42,2026-08-25T10:58:20
ae_adwin_lstm,TSB-M-DRIFT_079_SEG_400000_026_MITDB_id_8_Medical_tr_3,M,DRIFT,none,ordered_per_window,per_sample_auroc,0.4979,0.869,0.9375,1056,6.0,42,2026-08-25T10:58:22
tdivdm,TSB-M-DRIFT_079_SEG_400000_026_MITDB_id_8_Medical_tr_3,M,DRIFT,none,ordered_per_window,per_sample_auroc,0.7511,0.9496,0.7917,1056,,42,2026-08-25T10:58:26
driftlens,TSB-M-DRIFT_081_SEG_400000_026_MITDB_id_8_Medical_tr_3,M,DRIFT,none,batch_level,batch_auroc,0.4625,,,46,,42,2026-08-25T10:59:13
ae_adwin_lstm,TSB-M-DRIFT_081_SEG_400000_026_MITDB_id_8_Medical_tr_3,M,DRIFT,none,ordered_per_window,per_sample_auroc,0.5666,0.8527,0.9375,749,6.0,42,2026-08-25T10:59:13
tdivdm,TSB-M-DRIFT_081_SEG_400000_026_MITDB_id_8_Medical_tr_3,M,DRIFT,none,ordered_per_window,per_sample_auroc,0.7211,0.9185,0.7986,749,,42,2026-08-25T10:59:18
driftlens,TSB-M-DRIFT_083_SEG_300000_022_MITDB_id_4_Medical_tr_5,M,DRIFT,none,batch_level,batch_auroc,0.5268,,,44,,42,2026-08-25T11:00:50
ae_adwin_lstm,TSB-M-DRIFT_083_SEG_300000_022_MITDB_id_4_Medical_tr_5,M,DRIFT,none,ordered_per_window,per_sample_auroc,0.6005,0.7326,0.9606,713,0.0,42,2026-08-25T11:00:51
tdivdm,TSB-M-DRIFT_083_SEG_300000_022_MITDB_id_4_Medical_tr_5,M,DRIFT,none,ordered_per_window,per_sample_auroc,0.7602,0.8556,0.8425,713,,42,2026-08-25T11:00:56
driftlens,TSB-M-DRIFT_084_SEG_200000_024_MITDB_id_6_Medical_tr_5,M,DRIFT,none,batch_level,batch_auroc,0.9412,,,19,,42,2026-08-25T11:02:25
ae_adwin_lstm,TSB-M-DRIFT_084_SEG_200000_024_MITDB_id_6_Medical_tr_5,M,DRIFT,none,ordered_per_window,per_sample_auroc,0.7967,0.3876,0.6777,307,2.0,42,2026-08-25T11:02:25
tdivdm,TSB-M-DRIFT_084_SEG_200000_024_MITDB_id_6_Medical_tr_5,M,DRIFT,none,ordered_per_window,per_sample_auroc,0.8369,0.5986,0.9377,307,,42,2026-08-25T11:02:30
driftlens,TSB-M-DRIFT_088_SEG_100000_079_LTDB_id_1_Medical_tr_36,M,DRIFT,none,batch_level,batch_auroc,1.0,,,53,,42,2026-08-25T11:02:38
ae_adwin_lstm,TSB-M-DRIFT_088_SEG_100000_079_LTDB_id_1_Medical_tr_36,M,DRIFT,none,ordered_per_window,per_sample_auroc,0.2031,0.958,1.0,856,3.0,42,2026-08-25T11:02:39
tdivdm,TSB-M-DRIFT_088_SEG_100000_079_LTDB_id_1_Medical_tr_36,M,DRIFT,none,ordered_per_window,per_sample_auroc,0.8504,0.996,0.6667,856,,42,2026-08-25T11:02:41
driftlens,TSB-M-DRIFT_089_SEG_500000_021_MITDB_id_3_Medical_tr_5,M,DRIFT,none,batch_level,batch_auroc,0.8095,,,38,,42,2026-08-25T11:04:03
ae_adwin_lstm,TSB-M-DRIFT_089_SEG_500000_021_MITDB_id_3_Medical_tr_5,M,DRIFT,none,ordered_per_window,per_sample_auroc,0.7298,0.8164,0.8778,611,3.0,42,2026-08-25T11:04:04
tdivdm,TSB-M-DRIFT_089_SEG_500000_021_MITDB_id_3_Medical_tr_5,M,DRIFT,none,ordered_per_window,per_sample_auroc,0.8238,0.8821,0.6741,611,,42,2026-08-25T11:04:09
driftlens,TSB-M-DRIFT_091_SEG_100000_083_LTDB_id_5_Medical_tr_15,M,DRIFT,none,batch_level,batch_auroc,0.7091,,,16,,42,2026-08-25T11:04:36
ae_adwin_lstm,TSB-M-DRIFT_091_SEG_100000_083_LTDB_id_5_Medical_tr_15,M,DRIFT,none,ordered_per_window,per_sample_auroc,0.6164,0.8221,0.8493,259,3.0,42,2026-08-25T11:04:36
tdivdm,TSB-M-DRIFT_091_SEG_100000_083_LTDB_id_5_Medical_tr_15,M,DRIFT,none,ordered_per_window,per_sample_auroc,0.7707,0.8926,0.7945,259,,42,2026-08-25T11:04:38
driftlens,TSB-M-DRIFT_094_SEG_100000_079_LTDB_id_1_Medical_tr_36,M,DRIFT,none,batch_level,batch_auroc,1.0,,,28,,42,2026-08-25T11:04:45
ae_adwin_lstm,TSB-M-DRIFT_094_SEG_100000_079_LTDB_id_1_Medical_tr_36,M,DRIFT,none,ordered_per_window,per_sample_auroc,0.2708,0.9347,1.0,451,3.0,42,2026-08-25T11:04:46
tdivdm,TSB-M-DRIFT_094_SEG_100000_079_LTDB_id_1_Medical_tr_36,M,DRIFT,none,ordered_per_window,per_sample_auroc,0.8073,0.9899,0.8333,451,,42,2026-08-25T11:04:47
driftlens,TSB-M-DRIFT_095_SEG_200000_024_MITDB_id_6_Medical_tr_5,M,DRIFT,none,batch_level,batch_auroc,0.9095,,,30,,42,2026-08-25T11:06:10
ae_adwin_lstm,TSB-M-DRIFT_095_SEG_200000_024_MITDB_id_6_Medical_tr_5,M,DRIFT,none,ordered_per_window,per_sample_auroc,0.4937,0.5135,0.9963,487,2.0,42,2026-08-25T11:06:11
tdivdm,TSB-M-DRIFT_095_SEG_200000_024_MITDB_id_6_Medical_tr_5,M,DRIFT,none,ordered_per_window,per_sample_auroc,0.7205,0.735,0.8388,487,,42,2026-08-25T11:06:16
driftlens,TSB-M-DRIFT_096_SEG_100000_083_LTDB_id_5_Medical_tr_15,M,DRIFT,none,batch_level,batch_auroc,0.6,,,6,,42,2026-08-25T11:06:40
ae_adwin_lstm,TSB-M-DRIFT_096_SEG_100000_083_LTDB_id_5_Medical_tr_15,M,DRIFT,none,ordered_per_window,per_sample_auroc,0.6425,0.4619,0.8356,103,3.0,42,2026-08-25T11:06:40
tdivdm,TSB-M-DRIFT_096_SEG_100000_083_LTDB_id_5_Medical_tr_15,M,DRIFT,none,ordered_per_window,per_sample_auroc,0.7817,0.7031,0.726,103,,42,2026-08-25T11:06:42
driftlens,TSB-M-DRIFT_097_SEG_620000_030_MITDB_id_12_Medical_tr_,M,DRIFT,none,batch_level,batch_auroc,0.3036,,,81,,42,2026-08-25T11:08:36
ae_adwin_lstm,TSB-M-DRIFT_097_SEG_620000_030_MITDB_id_12_Medical_tr_,M,DRIFT,none,ordered_per_window,per_sample_auroc,0.7034,0.8401,0.8388,1299,6.0,42,2026-08-25T11:08:38
tdivdm,TSB-M-DRIFT_097_SEG_620000_030_MITDB_id_12_Medical_tr_,M,DRIFT,none,ordered_per_window,per_sample_auroc,0.7432,0.8771,0.8161,1299,,42,2026-08-25T11:08:47
driftlens,TSB-M-DRIFT_099_SEG_150000_025_MITDB_id_7_Medical_tr_3,M,DRIFT,none,batch_level,batch_auroc,0.6673,,,66,,42,2026-08-25T11:10:48
ae_adwin_lstm,TSB-M-DRIFT_099_SEG_150000_025_MITDB_id_7_Medical_tr_3,M,DRIFT,none,ordered_per_window,per_sample_auroc,0.7321,0.7937,0.7818,1056,7.0,42,2026-08-25T11:10:49
tdivdm,TSB-M-DRIFT_099_SEG_150000_025_MITDB_id_7_Medical_tr_3,M,DRIFT,none,ordered_per_window,per_sample_auroc,0.9498,0.973,0.3885,1056,,42,2026-08-25T11:10:57
driftlens,TSB-M-DRIFT_100_SEG_150000_019_MITDB_id_1_Medical_tr_3,M,DRIFT,none,batch_level,batch_auroc,0.8187,,,87,,42,2026-08-25T11:13:47
ae_adwin_lstm,TSB-M-DRIFT_100_SEG_150000_019_MITDB_id_1_Medical_tr_3,M,DRIFT,none,ordered_per_window,per_sample_auroc,0.4821,0.6295,0.8926,1407,1.0,42,2026-08-25T11:13:49
tdivdm,TSB-M-DRIFT_100_SEG_150000_019_MITDB_id_1_Medical_tr_3,M,DRIFT,none,ordered_per_window,per_sample_auroc,0.7543,0.831,0.6736,1407,,42,2026-08-25T11:14:00
driftlens,TSB-M-OOD_002_SEG_16220_001_Genesis_id_1_Sensor_tr_405,M,OOD,none,batch_level,batch_auroc,0.3333,,,8,,42,2026-08-25T11:14:28
ae_adwin_lstm,TSB-M-OOD_002_SEG_16220_001_Genesis_id_1_Sensor_tr_405,M,OOD,none,ordered_per_window,per_sample_auroc,0.4986,0.4935,1.0,131,10.0,42,2026-08-25T11:14:29
tdivdm,TSB-M-OOD_002_SEG_16220_001_Genesis_id_1_Sensor_tr_405,M,OOD,none,ordered_per_window,per_sample_auroc,0.8186,0.8165,0.8493,131,,42,2026-08-25T11:14:30
driftlens,TSB-M-OOD_003_SEG_200001_048_GHL_id_17_Sensor_tr_50000,M,OOD,none,batch_level,batch_auroc,0.2822,,,65,,42,2026-08-25T11:18:08
ae_adwin_lstm,TSB-M-OOD_003_SEG_200001_048_GHL_id_17_Sensor_tr_50000,M,OOD,none,ordered_per_window,per_sample_auroc,0.5785,0.3996,0.8573,1055,17.0,42,2026-08-25T11:18:10
tdivdm,TSB-M-OOD_003_SEG_200001_048_GHL_id_17_Sensor_tr_50000,M,OOD,none,ordered_per_window,per_sample_auroc,0.9396,0.8673,0.1801,1055,,42,2026-08-25T11:18:23
driftlens,TSB-M-OOD_005_SEG_200001_045_GHL_id_14_Sensor_tr_50000,M,OOD,none,batch_level,batch_auroc,0.4467,,,43,,42,2026-08-25T11:20:33
ae_adwin_lstm,TSB-M-OOD_005_SEG_200001_045_GHL_id_14_Sensor_tr_50000,M,OOD,none,ordered_per_window,per_sample_auroc,0.5692,0.4889,0.7719,700,7.0,42,2026-08-25T11:20:35
tdivdm,TSB-M-OOD_005_SEG_200001_045_GHL_id_14_Sensor_tr_50000,M,OOD,none,ordered_per_window,per_sample_auroc,0.8945,0.8795,0.4987,700,,42,2026-08-25T11:20:43
driftlens,TSB-M-OOD_006_SEG_200001_038_GHL_id_7_Sensor_tr_50000_,M,OOD,none,batch_level,batch_auroc,0.1034,,,48,,42,2026-08-25T11:23:08
ae_adwin_lstm,TSB-M-OOD_006_SEG_200001_038_GHL_id_7_Sensor_tr_50000_,M,OOD,none,ordered_per_window,per_sample_auroc,0.6946,0.592,0.7335,768,1.0,42,2026-08-25T11:23:09
tdivdm,TSB-M-OOD_006_SEG_200001_038_GHL_id_7_Sensor_tr_50000_,M,OOD,none,ordered_per_window,per_sample_auroc,0.5584,0.3794,0.678,768,,42,2026-08-25T11:23:18
driftlens,TSB-M-OOD_011_SEG_16220_001_Genesis_id_1_Sensor_tr_405,M,OOD,none,batch_level,batch_auroc,0.3333,,,8,,42,2026-08-25T11:23:43
ae_adwin_lstm,TSB-M-OOD_011_SEG_16220_001_Genesis_id_1_Sensor_tr_405,M,OOD,none,ordered_per_window,per_sample_auroc,0.4986,0.4935,1.0,131,10.0,42,2026-08-25T11:23:44
tdivdm,TSB-M-OOD_011_SEG_16220_001_Genesis_id_1_Sensor_tr_405,M,OOD,none,ordered_per_window,per_sample_auroc,0.8186,0.8165,0.8493,131,,42,2026-08-25T11:23:45
driftlens,TSB-M-OOD_012_SEG_200001_032_GHL_id_1_Sensor_tr_50000_,M,OOD,none,batch_level,batch_auroc,0.1579,,,37,,42,2026-08-25T11:25:27
ae_adwin_lstm,TSB-M-OOD_012_SEG_200001_032_GHL_id_1_Sensor_tr_50000_,M,OOD,none,ordered_per_window,per_sample_auroc,0.8083,0.7411,0.4197,607,1.0,42,2026-08-25T11:25:28
tdivdm,TSB-M-OOD_012_SEG_200001_032_GHL_id_1_Sensor_tr_50000_,M,OOD,none,ordered_per_window,per_sample_auroc,0.9214,0.9436,0.8,607,,42,2026-08-25T11:25:33
driftlens,TSB-M-OOD_015_SEG_200001_046_GHL_id_15_Sensor_tr_50000,M,OOD,none,batch_level,batch_auroc,0.0857,,,64,,42,2026-08-25T11:29:13
ae_adwin_lstm,TSB-M-OOD_015_SEG_200001_046_GHL_id_15_Sensor_tr_50000,M,OOD,none,ordered_per_window,per_sample_auroc,0.7182,0.508,0.7367,1024,4.0,42,2026-08-25T11:29:15
tdivdm,TSB-M-OOD_015_SEG_200001_046_GHL_id_15_Sensor_tr_50000,M,OOD,none,ordered_per_window,per_sample_auroc,0.8451,0.631,0.4707,1024,,42,2026-08-25T11:29:28
driftlens,TSB-M-OOD_017_SEG_217624_115_PSM_id_1_Facility_tr_5000,M,OOD,none,batch_level,batch_auroc,0.7207,,,69,,42,2026-08-25T11:33:04
ae_adwin_lstm,TSB-M-OOD_017_SEG_217624_115_PSM_id_1_Facility_tr_5000,M,OOD,none,ordered_per_window,per_sample_auroc,0.5579,0.5268,0.9475,1105,5.0,42,2026-08-25T11:33:06
tdivdm,TSB-M-OOD_017_SEG_217624_115_PSM_id_1_Facility_tr_5000,M,OOD,none,ordered_per_window,per_sample_auroc,0.4752,0.4373,0.9327,1105,,42,2026-08-25T11:33:22
driftlens,TSB-M-OOD_018_SEG_200001_048_GHL_id_17_Sensor_tr_50000,M,OOD,none,batch_level,batch_auroc,0.2822,,,65,,42,2026-08-25T11:38:14
ae_adwin_lstm,TSB-M-OOD_018_SEG_200001_048_GHL_id_17_Sensor_tr_50000,M,OOD,none,ordered_per_window,per_sample_auroc,0.5785,0.3996,0.8573,1055,17.0,42,2026-08-25T11:38:16
tdivdm,TSB-M-OOD_018_SEG_200001_048_GHL_id_17_Sensor_tr_50000,M,OOD,none,ordered_per_window,per_sample_auroc,0.9396,0.8673,0.1801,1055,,42,2026-08-25T11:38:33
driftlens,TSB-M-OOD_019_SEG_200001_036_GHL_id_5_Sensor_tr_50000_,M,OOD,none,batch_level,batch_auroc,0.075,,,38,,42,2026-08-25T11:40:44
ae_adwin_lstm,TSB-M-OOD_019_SEG_200001_036_GHL_id_5_Sensor_tr_50000_,M,OOD,none,ordered_per_window,per_sample_auroc,0.9169,0.9024,0.381,623,6.0,42,2026-08-25T11:40:45
tdivdm,TSB-M-OOD_019_SEG_200001_036_GHL_id_5_Sensor_tr_50000_,M,OOD,none,ordered_per_window,per_sample_auroc,0.9805,0.9829,0.1048,623,,42,2026-08-25T11:40:54
driftlens,TSB-M-OOD_021_SEG_200001_052_GHL_id_21_Sensor_tr_50000,M,OOD,none,batch_level,batch_auroc,0.0527,,,46,,42,2026-08-25T11:46:33
ae_adwin_lstm,TSB-M-OOD_021_SEG_200001_052_GHL_id_21_Sensor_tr_50000,M,OOD,none,ordered_per_window,per_sample_auroc,0.5586,0.4256,0.9477,745,15.0,42,2026-08-25T11:46:39
tdivdm,TSB-M-OOD_021_SEG_200001_052_GHL_id_21_Sensor_tr_50000,M,OOD,none,ordered_per_window,per_sample_auroc,0.7961,0.678,0.671,745,,42,2026-08-25T11:46:54
driftlens,TSB-M-OOD_022_SEG_200001_054_GHL_id_23_Sensor_tr_50000,M,OOD,none,batch_level,batch_auroc,0.1662,,,60,,42,2026-08-25T11:51:47
ae_adwin_lstm,TSB-M-OOD_022_SEG_200001_054_GHL_id_23_Sensor_tr_50000,M,OOD,none,ordered_per_window,per_sample_auroc,0.6867,0.4922,0.7409,966,7.0,42,2026-08-25T11:51:50
tdivdm,TSB-M-OOD_022_SEG_200001_054_GHL_id_23_Sensor_tr_50000,M,OOD,none,ordered_per_window,per_sample_auroc,0.8046,0.7154,0.7204,966,,42,2026-08-25T11:52:05
driftlens,TSB-M-OOD_025_SEG_217624_115_PSM_id_1_Facility_tr_5000,M,OOD,none,batch_level,batch_auroc,0.7114,,,68,,42,2026-08-25T11:55:59
ae_adwin_lstm,TSB-M-OOD_025_SEG_217624_115_PSM_id_1_Facility_tr_5000,M,OOD,none,ordered_per_window,per_sample_auroc,0.5533,0.521,0.9475,1097,5.0,42,2026-08-25T11:56:01
tdivdm,TSB-M-OOD_025_SEG_217624_115_PSM_id_1_Facility_tr_5000,M,OOD,none,ordered_per_window,per_sample_auroc,0.4653,0.4045,0.9327,1097,,42,2026-08-25T11:56:15
driftlens,TSB-M-OOD_026_SEG_217624_115_PSM_id_1_Facility_tr_5000,M,OOD,none,batch_level,batch_auroc,0.7114,,,68,,42,2026-08-25T12:00:09
ae_adwin_lstm,TSB-M-OOD_026_SEG_217624_115_PSM_id_1_Facility_tr_5000,M,OOD,none,ordered_per_window,per_sample_auroc,0.5545,0.5186,0.9475,1097,5.0,42,2026-08-25T12:00:12
tdivdm,TSB-M-OOD_026_SEG_217624_115_PSM_id_1_Facility_tr_5000,M,OOD,none,ordered_per_window,per_sample_auroc,0.4672,0.412,0.9327,1097,,42,2026-08-25T12:00:27
driftlens,TSB-M-OOD_027_SEG_175001_050_GHL_id_19_Sensor_tr_43750,M,OOD,none,batch_level,batch_auroc,0.2812,,,34,,42,2026-08-25T12:02:09
ae_adwin_lstm,TSB-M-OOD_027_SEG_175001_050_GHL_id_19_Sensor_tr_43750,M,OOD,none,ordered_per_window,per_sample_auroc,0.7481,0.7605,0.6512,548,6.0,42,2026-08-25T12:02:10
tdivdm,TSB-M-OOD_027_SEG_175001_050_GHL_id_19_Sensor_tr_43750,M,OOD,none,ordered_per_window,per_sample_auroc,0.9294,0.9601,0.9419,548,,42,2026-08-25T12:02:16
driftlens,TSB-M-OOD_033_SEG_200001_034_GHL_id_3_Sensor_tr_50000_,M,OOD,none,batch_level,batch_auroc,0.1975,,,54,,42,2026-08-25T12:06:32
ae_adwin_lstm,TSB-M-OOD_033_SEG_200001_034_GHL_id_3_Sensor_tr_50000_,M,OOD,none,ordered_per_window,per_sample_auroc,0.7691,0.6092,0.5507,875,5.0,42,2026-08-25T12:06:34
tdivdm,TSB-M-OOD_033_SEG_200001_034_GHL_id_3_Sensor_tr_50000_,M,OOD,none,ordered_per_window,per_sample_auroc,0.66,0.5178,0.9965,875,,42,2026-08-25T12:06:49
driftlens,TSB-M-OOD_035_SEG_200001_044_GHL_id_13_Sensor_tr_50000,M,OOD,none,batch_level,batch_auroc,0.3446,,,61,,42,2026-08-25T12:12:28
ae_adwin_lstm,TSB-M-OOD_035_SEG_200001_044_GHL_id_13_Sensor_tr_50000,M,OOD,none,ordered_per_window,per_sample_auroc,0.3421,0.2307,0.9838,982,1.0,42,2026-08-25T12:12:30
tdivdm,TSB-M-OOD_035_SEG_200001_044_GHL_id_13_Sensor_tr_50000,M,OOD,none,ordered_per_window,per_sample_auroc,0.5244,0.3768,0.8132,982,,42,2026-08-25T12:12:44
driftlens,TSB-M-OOD_036_SEG_200001_041_GHL_id_10_Sensor_tr_50000,M,OOD,none,batch_level,batch_auroc,0.1536,,,35,,42,2026-08-25T12:14:34
ae_adwin_lstm,TSB-M-OOD_036_SEG_200001_041_GHL_id_10_Sensor_tr_50000,M,OOD,none,ordered_per_window,per_sample_auroc,0.7918,0.8168,0.809,569,3.0,42,2026-08-25T12:14:34
tdivdm,TSB-M-OOD_036_SEG_200001_041_GHL_id_10_Sensor_tr_50000,M,OOD,none,ordered_per_window,per_sample_auroc,0.8928,0.9148,0.5993,569,,42,2026-08-25T12:14:39
driftlens,TSB-M-OOD_038_SEG_200001_034_GHL_id_3_Sensor_tr_50000_,M,OOD,none,batch_level,batch_auroc,0.1975,,,54,,42,2026-08-25T12:18:55
ae_adwin_lstm,TSB-M-OOD_038_SEG_200001_034_GHL_id_3_Sensor_tr_50000_,M,OOD,none,ordered_per_window,per_sample_auroc,0.7691,0.6092,0.5507,875,5.0,42,2026-08-25T12:18:56
tdivdm,TSB-M-OOD_038_SEG_200001_034_GHL_id_3_Sensor_tr_50000_,M,OOD,none,ordered_per_window,per_sample_auroc,0.66,0.5178,0.9965,875,,42,2026-08-25T12:19:06
driftlens,TSB-M-OOD_042_SEG_200001_033_GHL_id_2_Sensor_tr_50000_,M,OOD,none,batch_level,batch_auroc,0.4296,,,33,,42,2026-08-25T12:20:41
ae_adwin_lstm,TSB-M-OOD_042_SEG_200001_033_GHL_id_2_Sensor_tr_50000_,M,OOD,none,ordered_per_window,per_sample_auroc,0.721,0.7427,0.7238,541,7.0,42,2026-08-25T12:20:41
tdivdm,TSB-M-OOD_042_SEG_200001_033_GHL_id_2_Sensor_tr_50000_,M,OOD,none,ordered_per_window,per_sample_auroc,0.9192,0.9577,0.7657,541,,42,2026-08-25T12:20:46
driftlens,TSB-M-OOD_043_SEG_217624_115_PSM_id_1_Facility_tr_5000,M,OOD,none,batch_level,batch_auroc,0.7114,,,68,,42,2026-08-25T12:24:02
ae_adwin_lstm,TSB-M-OOD_043_SEG_217624_115_PSM_id_1_Facility_tr_5000,M,OOD,none,ordered_per_window,per_sample_auroc,0.5538,0.519,0.9475,1097,5.0,42,2026-08-25T12:24:05
tdivdm,TSB-M-OOD_043_SEG_217624_115_PSM_id_1_Facility_tr_5000,M,OOD,none,ordered_per_window,per_sample_auroc,0.4636,0.4065,0.9327,1097,,42,2026-08-25T12:24:17
driftlens,TSB-M-OOD_044_SEG_200001_042_GHL_id_11_Sensor_tr_50000,M,OOD,none,batch_level,batch_auroc,0.1263,,,62,,42,2026-08-25T12:27:45
ae_adwin_lstm,TSB-M-OOD_044_SEG_200001_042_GHL_id_11_Sensor_tr_50000,M,OOD,none,ordered_per_window,per_sample_auroc,0.5478,0.3907,0.9701,1001,0.0,42,2026-08-25T12:27:47
tdivdm,TSB-M-OOD_044_SEG_200001_042_GHL_id_11_Sensor_tr_50000,M,OOD,none,ordered_per_window,per_sample_auroc,0.9025,0.8218,0.5377,1001,,42,2026-08-25T12:27:58
driftlens,TSB-M-OOD_045_SEG_200001_032_GHL_id_1_Sensor_tr_50000_,M,OOD,none,batch_level,batch_auroc,0.1579,,,37,,42,2026-08-25T12:29:46
ae_adwin_lstm,TSB-M-OOD_045_SEG_200001_032_GHL_id_1_Sensor_tr_50000_,M,OOD,none,ordered_per_window,per_sample_auroc,0.8083,0.7411,0.4197,607,1.0,42,2026-08-25T12:29:46
tdivdm,TSB-M-OOD_045_SEG_200001_032_GHL_id_1_Sensor_tr_50000_,M,OOD,none,ordered_per_window,per_sample_auroc,0.9214,0.9436,0.8,607,,42,2026-08-25T12:29:51
driftlens,TSB-M-OOD_046_SEG_200001_042_GHL_id_11_Sensor_tr_50000,M,OOD,none,batch_level,batch_auroc,0.1263,,,62,,42,2026-08-25T12:33:15
ae_adwin_lstm,TSB-M-OOD_046_SEG_200001_042_GHL_id_11_Sensor_tr_50000,M,OOD,none,ordered_per_window,per_sample_auroc,0.5478,0.3907,0.9701,1001,0.0,42,2026-08-25T12:33:17
tdivdm,TSB-M-OOD_046_SEG_200001_042_GHL_id_11_Sensor_tr_50000,M,OOD,none,ordered_per_window,per_sample_auroc,0.9025,0.8218,0.5377,1001,,42,2026-08-25T12:33:29
driftlens,TSB-M-OOD_048_SEG_217624_115_PSM_id_1_Facility_tr_5000,M,OOD,none,batch_level,batch_auroc,0.7114,,,68,,42,2026-08-25T12:36:26
ae_adwin_lstm,TSB-M-OOD_048_SEG_217624_115_PSM_id_1_Facility_tr_5000,M,OOD,none,ordered_per_window,per_sample_auroc,0.5521,0.5174,0.9475,1098,5.0,42,2026-08-25T12:36:28
tdivdm,TSB-M-OOD_048_SEG_217624_115_PSM_id_1_Facility_tr_5000,M,OOD,none,ordered_per_window,per_sample_auroc,0.466,0.4063,0.9327,1098,,42,2026-08-25T12:36:43
driftlens,TSB-M-OOD_050_SEG_16220_001_Genesis_id_1_Sensor_tr_405,M,OOD,none,batch_level,batch_auroc,0.3333,,,8,,42,2026-08-25T12:37:13
ae_adwin_lstm,TSB-M-OOD_050_SEG_16220_001_Genesis_id_1_Sensor_tr_405,M,OOD,none,ordered_per_window,per_sample_auroc,0.4986,0.4935,1.0,131,10.0,42,2026-08-25T12:37:14
tdivdm,TSB-M-OOD_050_SEG_16220_001_Genesis_id_1_Sensor_tr_405,M,OOD,none,ordered_per_window,per_sample_auroc,0.8186,0.8165,0.8493,131,,42,2026-08-25T12:37:15
driftlens,TSB-M-OOD_051_SEG_200001_045_GHL_id_14_Sensor_tr_50000,M,OOD,none,batch_level,batch_auroc,0.4467,,,43,,42,2026-08-25T12:39:19
ae_adwin_lstm,TSB-M-OOD_051_SEG_200001_045_GHL_id_14_Sensor_tr_50000,M,OOD,none,ordered_per_window,per_sample_auroc,0.5692,0.4889,0.7719,700,7.0,42,2026-08-25T12:39:20
tdivdm,TSB-M-OOD_051_SEG_200001_045_GHL_id_14_Sensor_tr_50000,M,OOD,none,ordered_per_window,per_sample_auroc,0.8945,0.8795,0.4987,700,,42,2026-08-25T12:39:28
driftlens,TSB-M-OOD_054_SEG_200001_055_GHL_id_24_Sensor_tr_50000,M,OOD,none,batch_level,batch_auroc,0.3176,,,52,,42,2026-08-25T12:42:13
ae_adwin_lstm,TSB-M-OOD_054_SEG_200001_055_GHL_id_24_Sensor_tr_50000,M,OOD,none,ordered_per_window,per_sample_auroc,0.3917,0.2735,0.9422,841,14.0,42,2026-08-25T12:42:14
tdivdm,TSB-M-OOD_054_SEG_200001_055_GHL_id_24_Sensor_tr_50000,M,OOD,none,ordered_per_window,per_sample_auroc,0.6274,0.3756,0.7671,841,,42,2026-08-25T12:42:27
driftlens,TSB-M-OOD_055_SEG_200001_032_GHL_id_1_Sensor_tr_50000_,M,OOD,none,batch_level,batch_auroc,0.1579,,,37,,42,2026-08-25T12:44:18
ae_adwin_lstm,TSB-M-OOD_055_SEG_200001_032_GHL_id_1_Sensor_tr_50000_,M,OOD,none,ordered_per_window,per_sample_auroc,0.8083,0.7411,0.4197,607,1.0,42,2026-08-25T12:44:20
tdivdm,TSB-M-OOD_055_SEG_200001_032_GHL_id_1_Sensor_tr_50000_,M,OOD,none,ordered_per_window,per_sample_auroc,0.9214,0.9436,0.8,607,,42,2026-08-25T12:44:25
driftlens,TSB-M-OOD_056_SEG_217624_115_PSM_id_1_Facility_tr_5000,M,OOD,none,batch_level,batch_auroc,0.7114,,,68,,42,2026-08-25T12:47:45
ae_adwin_lstm,TSB-M-OOD_056_SEG_217624_115_PSM_id_1_Facility_tr_5000,M,OOD,none,ordered_per_window,per_sample_auroc,0.5573,0.5237,0.9475,1101,5.0,42,2026-08-25T12:47:47
tdivdm,TSB-M-OOD_056_SEG_217624_115_PSM_id_1_Facility_tr_5000,M,OOD,none,ordered_per_window,per_sample_auroc,0.4703,0.425,0.9327,1101,,42,2026-08-25T12:47:56
driftlens,TSB-M-OOD_059_SEG_200001_042_GHL_id_11_Sensor_tr_50000,M,OOD,none,batch_level,batch_auroc,0.1263,,,62,,42,2026-08-25T12:51:14
ae_adwin_lstm,TSB-M-OOD_059_SEG_200001_042_GHL_id_11_Sensor_tr_50000,M,OOD,none,ordered_per_window,per_sample_auroc,0.5478,0.3907,0.9701,1001,0.0,42,2026-08-25T12:51:17
tdivdm,TSB-M-OOD_059_SEG_200001_042_GHL_id_11_Sensor_tr_50000,M,OOD,none,ordered_per_window,per_sample_auroc,0.9025,0.8218,0.5377,1001,,42,2026-08-25T12:51:26
driftlens,TSB-M-OOD_060_SEG_175001_050_GHL_id_19_Sensor_tr_43750,M,OOD,none,batch_level,batch_auroc,0.2812,,,34,,42,2026-08-25T12:53:19
ae_adwin_lstm,TSB-M-OOD_060_SEG_175001_050_GHL_id_19_Sensor_tr_43750,M,OOD,none,ordered_per_window,per_sample_auroc,0.7481,0.7605,0.6512,548,6.0,42,2026-08-25T12:53:20
tdivdm,TSB-M-OOD_060_SEG_175001_050_GHL_id_19_Sensor_tr_43750,M,OOD,none,ordered_per_window,per_sample_auroc,0.9294,0.9601,0.9419,548,,42,2026-08-25T12:53:26
driftlens,TSB-M-OOD_062_SEG_217624_115_PSM_id_1_Facility_tr_5000,M,OOD,none,batch_level,batch_auroc,0.7114,,,68,,42,2026-08-25T12:58:34
ae_adwin_lstm,TSB-M-OOD_062_SEG_217624_115_PSM_id_1_Facility_tr_5000,M,OOD,none,ordered_per_window,per_sample_auroc,0.5558,0.5227,0.9475,1103,5.0,42,2026-08-25T12:58:36
tdivdm,TSB-M-OOD_062_SEG_217624_115_PSM_id_1_Facility_tr_5000,M,OOD,none,ordered_per_window,per_sample_auroc,0.4703,0.4258,0.9327,1103,,42,2026-08-25T12:58:58
driftlens,TSB-M-OOD_065_SEG_200001_051_GHL_id_20_Sensor_tr_50000,M,OOD,none,batch_level,batch_auroc,0.053,,,40,,42,2026-08-25T13:01:24
ae_adwin_lstm,TSB-M-OOD_065_SEG_200001_051_GHL_id_20_Sensor_tr_50000,M,OOD,none,ordered_per_window,per_sample_auroc,0.7714,0.7256,0.6733,642,21.0,42,2026-08-25T13:01:26
tdivdm,TSB-M-OOD_065_SEG_200001_051_GHL_id_20_Sensor_tr_50000,M,OOD,none,ordered_per_window,per_sample_auroc,0.8485,0.7905,0.25,642,,42,2026-08-25T13:01:33
driftlens,TSB-M-OOD_068_SEG_200001_054_GHL_id_23_Sensor_tr_50000,M,OOD,none,batch_level,batch_auroc,0.1662,,,60,,42,2026-08-25T13:06:07
ae_adwin_lstm,TSB-M-OOD_068_SEG_200001_054_GHL_id_23_Sensor_tr_50000,M,OOD,none,ordered_per_window,per_sample_auroc,0.6867,0.4922,0.7409,966,7.0,42,2026-08-25T13:06:08
tdivdm,TSB-M-OOD_068_SEG_200001_054_GHL_id_23_Sensor_tr_50000,M,OOD,none,ordered_per_window,per_sample_auroc,0.8046,0.7154,0.7204,966,,42,2026-08-25T13:06:19
driftlens,TSB-M-OOD_069_SEG_217624_115_PSM_id_1_Facility_tr_5000,M,OOD,none,batch_level,batch_auroc,0.7114,,,68,,42,2026-08-25T13:10:04
ae_adwin_lstm,TSB-M-OOD_069_SEG_217624_115_PSM_id_1_Facility_tr_5000,M,OOD,none,ordered_per_window,per_sample_auroc,0.555,0.5199,0.9475,1097,5.0,42,2026-08-25T13:10:05
tdivdm,TSB-M-OOD_069_SEG_217624_115_PSM_id_1_Facility_tr_5000,M,OOD,none,ordered_per_window,per_sample_auroc,0.4669,0.4126,0.9327,1097,,42,2026-08-25T13:10:16
driftlens,TSB-M-OOD_070_SEG_200001_056_GHL_id_25_Sensor_tr_50000,M,OOD,none,batch_level,batch_auroc,0.2597,,,51,,42,2026-08-25T13:12:22
ae_adwin_lstm,TSB-M-OOD_070_SEG_200001_056_GHL_id_25_Sensor_tr_50000,M,OOD,none,ordered_per_window,per_sample_auroc,0.6771,0.5217,0.7475,819,4.0,42,2026-08-25T13:12:24
tdivdm,TSB-M-OOD_070_SEG_200001_056_GHL_id_25_Sensor_tr_50000,M,OOD,none,ordered_per_window,per_sample_auroc,0.8891,0.8916,0.6768,819,,42,2026-08-25T13:12:31
driftlens,TSB-M-OOD_071_SEG_200001_053_GHL_id_22_Sensor_tr_50000,M,OOD,none,batch_level,batch_auroc,0.2221,,,60,,42,2026-08-25T13:16:55
ae_adwin_lstm,TSB-M-OOD_071_SEG_200001_053_GHL_id_22_Sensor_tr_50000,M,OOD,none,ordered_per_window,per_sample_auroc,0.6635,0.5886,0.8634,973,3.0,42,2026-08-25T13:16:57
tdivdm,TSB-M-OOD_071_SEG_200001_053_GHL_id_22_Sensor_tr_50000,M,OOD,none,ordered_per_window,per_sample_auroc,0.6951,0.5319,0.4907,973,,42,2026-08-25T13:17:10
driftlens,TSB-M-OOD_074_SEG_200001_042_GHL_id_11_Sensor_tr_50000,M,OOD,none,batch_level,batch_auroc,0.1263,,,62,,42,2026-08-25T13:21:17
ae_adwin_lstm,TSB-M-OOD_074_SEG_200001_042_GHL_id_11_Sensor_tr_50000,M,OOD,none,ordered_per_window,per_sample_auroc,0.5478,0.3907,0.9701,1001,0.0,42,2026-08-25T13:21:18
tdivdm,TSB-M-OOD_074_SEG_200001_042_GHL_id_11_Sensor_tr_50000,M,OOD,none,ordered_per_window,per_sample_auroc,0.9025,0.8218,0.5377,1001,,42,2026-08-25T13:21:28
driftlens,TSB-M-OOD_075_SEG_217624_115_PSM_id_1_Facility_tr_5000,M,OOD,none,batch_level,batch_auroc,0.7114,,,68,,42,2026-08-25T13:25:13
ae_adwin_lstm,TSB-M-OOD_075_SEG_217624_115_PSM_id_1_Facility_tr_5000,M,OOD,none,ordered_per_window,per_sample_auroc,0.5545,0.5193,0.9475,1097,5.0,42,2026-08-25T13:25:15
tdivdm,TSB-M-OOD_075_SEG_217624_115_PSM_id_1_Facility_tr_5000,M,OOD,none,ordered_per_window,per_sample_auroc,0.467,0.4126,0.9327,1097,,42,2026-08-25T13:25:27
driftlens,TSB-M-OOD_076_SEG_200001_055_GHL_id_24_Sensor_tr_50000,M,OOD,none,batch_level,batch_auroc,0.3176,,,52,,42,2026-08-25T13:28:56
ae_adwin_lstm,TSB-M-OOD_076_SEG_200001_055_GHL_id_24_Sensor_tr_50000,M,OOD,none,ordered_per_window,per_sample_auroc,0.3917,0.2735,0.9422,841,14.0,42,2026-08-25T13:28:58
tdivdm,TSB-M-OOD_076_SEG_200001_055_GHL_id_24_Sensor_tr_50000,M,OOD,none,ordered_per_window,per_sample_auroc,0.6274,0.3756,0.7671,841,,42,2026-08-25T13:29:16
driftlens,TSB-M-OOD_077_SEG_200001_041_GHL_id_10_Sensor_tr_50000,M,OOD,none,batch_level,batch_auroc,0.1536,,,35,,42,2026-08-25T13:30:33
ae_adwin_lstm,TSB-M-OOD_077_SEG_200001_041_GHL_id_10_Sensor_tr_50000,M,OOD,none,ordered_per_window,per_sample_auroc,0.7918,0.8168,0.809,569,3.0,42,2026-08-25T13:30:34
tdivdm,TSB-M-OOD_077_SEG_200001_041_GHL_id_10_Sensor_tr_50000,M,OOD,none,ordered_per_window,per_sample_auroc,0.8928,0.9148,0.5993,569,,42,2026-08-25T13:30:43
driftlens,TSB-M-OOD_078_SEG_200001_034_GHL_id_3_Sensor_tr_50000_,M,OOD,none,batch_level,batch_auroc,0.1975,,,54,,42,2026-08-25T13:33:14
ae_adwin_lstm,TSB-M-OOD_078_SEG_200001_034_GHL_id_3_Sensor_tr_50000_,M,OOD,none,ordered_per_window,per_sample_auroc,0.7691,0.6092,0.5507,875,5.0,42,2026-08-25T13:33:15
tdivdm,TSB-M-OOD_078_SEG_200001_034_GHL_id_3_Sensor_tr_50000_,M,OOD,none,ordered_per_window,per_sample_auroc,0.66,0.5178,0.9965,875,,42,2026-08-25T13:33:22
driftlens,TSB-M-OOD_080_SEG_200001_055_GHL_id_24_Sensor_tr_50000,M,OOD,none,batch_level,batch_auroc,0.3176,,,52,,42,2026-08-25T13:36:59
ae_adwin_lstm,TSB-M-OOD_080_SEG_200001_055_GHL_id_24_Sensor_tr_50000,M,OOD,none,ordered_per_window,per_sample_auroc,0.3917,0.2735,0.9422,841,14.0,42,2026-08-25T13:37:01
tdivdm,TSB-M-OOD_080_SEG_200001_055_GHL_id_24_Sensor_tr_50000,M,OOD,none,ordered_per_window,per_sample_auroc,0.6274,0.3756,0.7671,841,,42,2026-08-25T13:37:13
driftlens,TSB-M-OOD_081_SEG_200001_041_GHL_id_10_Sensor_tr_50000,M,OOD,none,batch_level,batch_auroc,0.1536,,,35,,42,2026-08-25T13:38:29
ae_adwin_lstm,TSB-M-OOD_081_SEG_200001_041_GHL_id_10_Sensor_tr_50000,M,OOD,none,ordered_per_window,per_sample_auroc,0.7918,0.8168,0.809,569,3.0,42,2026-08-25T13:38:30
tdivdm,TSB-M-OOD_081_SEG_200001_041_GHL_id_10_Sensor_tr_50000,M,OOD,none,ordered_per_window,per_sample_auroc,0.8928,0.9148,0.5993,569,,42,2026-08-25T13:38:35
driftlens,TSB-M-OOD_082_SEG_16220_001_Genesis_id_1_Sensor_tr_405,M,OOD,none,batch_level,batch_auroc,0.3333,,,8,,42,2026-08-25T13:39:11
ae_adwin_lstm,TSB-M-OOD_082_SEG_16220_001_Genesis_id_1_Sensor_tr_405,M,OOD,none,ordered_per_window,per_sample_auroc,0.4986,0.4935,1.0,131,10.0,42,2026-08-25T13:39:11
tdivdm,TSB-M-OOD_082_SEG_16220_001_Genesis_id_1_Sensor_tr_405,M,OOD,none,ordered_per_window,per_sample_auroc,0.8186,0.8165,0.8493,131,,42,2026-08-25T13:39:13
driftlens,TSB-M-OOD_085_SEG_217624_115_PSM_id_1_Facility_tr_5000,M,OOD,none,batch_level,batch_auroc,0.7114,,,68,,42,2026-08-25T13:43:38
ae_adwin_lstm,TSB-M-OOD_085_SEG_217624_115_PSM_id_1_Facility_tr_5000,M,OOD,none,ordered_per_window,per_sample_auroc,0.5543,0.5205,0.9475,1101,5.0,42,2026-08-25T13:43:44
tdivdm,TSB-M-OOD_085_SEG_217624_115_PSM_id_1_Facility_tr_5000,M,OOD,none,ordered_per_window,per_sample_auroc,0.4676,0.4162,0.9343,1101,,42,2026-08-25T13:45:21
driftlens,TSB-M-OOD_086_SEG_200001_038_GHL_id_7_Sensor_tr_50000_,M,OOD,none,batch_level,batch_auroc,0.1034,,,48,,42,2026-08-25T13:48:47
ae_adwin_lstm,TSB-M-OOD_086_SEG_200001_038_GHL_id_7_Sensor_tr_50000_,M,OOD,none,ordered_per_window,per_sample_auroc,0.6946,0.592,0.7335,768,1.0,42,2026-08-25T13:48:48
tdivdm,TSB-M-OOD_086_SEG_200001_038_GHL_id_7_Sensor_tr_50000_,M,OOD,none,ordered_per_window,per_sample_auroc,0.5584,0.3794,0.678,768,,42,2026-08-25T13:49:05
driftlens,TSB-M-OOD_087_SEG_200001_047_GHL_id_16_Sensor_tr_50000,M,OOD,none,batch_level,batch_auroc,0.2403,,,42,,42,2026-08-25T13:50:46
ae_adwin_lstm,TSB-M-OOD_087_SEG_200001_047_GHL_id_16_Sensor_tr_50000,M,OOD,none,ordered_per_window,per_sample_auroc,0.569,0.5606,0.8615,679,17.0,42,2026-08-25T13:50:47
tdivdm,TSB-M-OOD_087_SEG_200001_047_GHL_id_16_Sensor_tr_50000,M,OOD,none,ordered_per_window,per_sample_auroc,0.7177,0.7451,0.9668,679,,42,2026-08-25T13:50:52
driftlens,TSB-M-OOD_088_SEG_200001_052_GHL_id_21_Sensor_tr_50000,M,OOD,none,batch_level,batch_auroc,0.0527,,,46,,42,2026-08-25T13:53:05
ae_adwin_lstm,TSB-M-OOD_088_SEG_200001_052_GHL_id_21_Sensor_tr_50000,M,OOD,none,ordered_per_window,per_sample_auroc,0.5586,0.4256,0.9477,745,15.0,42,2026-08-25T13:53:07
tdivdm,TSB-M-OOD_088_SEG_200001_052_GHL_id_21_Sensor_tr_50000,M,OOD,none,ordered_per_window,per_sample_auroc,0.7961,0.678,0.671,745,,42,2026-08-25T13:53:18
driftlens,TSB-M-OOD_089_SEG_200001_043_GHL_id_12_Sensor_tr_39938,M,OOD,none,batch_level,batch_auroc,0.0833,,,29,,42,2026-08-25T13:54:26
ae_adwin_lstm,TSB-M-OOD_089_SEG_200001_043_GHL_id_12_Sensor_tr_39938,M,OOD,none,ordered_per_window,per_sample_auroc,0.793,0.8352,0.617,476,7.0,42,2026-08-25T13:54:26
tdivdm,TSB-M-OOD_089_SEG_200001_043_GHL_id_12_Sensor_tr_39938,M,OOD,none,ordered_per_window,per_sample_auroc,0.8637,0.8849,0.4043,476,,42,2026-08-25T13:54:30
driftlens,TSB-M-OOD_090_SEG_200001_052_GHL_id_21_Sensor_tr_50000,M,OOD,none,batch_level,batch_auroc,0.0527,,,46,,42,2026-08-25T13:57:51
ae_adwin_lstm,TSB-M-OOD_090_SEG_200001_052_GHL_id_21_Sensor_tr_50000,M,OOD,none,ordered_per_window,per_sample_auroc,0.5586,0.4256,0.9477,745,15.0,42,2026-08-25T13:57:52
tdivdm,TSB-M-OOD_090_SEG_200001_052_GHL_id_21_Sensor_tr_50000,M,OOD,none,ordered_per_window,per_sample_auroc,0.7961,0.678,0.671,745,,42,2026-08-25T13:58:01
driftlens,TSB-M-OOD_092_SEG_200001_045_GHL_id_14_Sensor_tr_50000,M,OOD,none,batch_level,batch_auroc,0.4467,,,43,,42,2026-08-25T14:00:47
ae_adwin_lstm,TSB-M-OOD_092_SEG_200001_045_GHL_id_14_Sensor_tr_50000,M,OOD,none,ordered_per_window,per_sample_auroc,0.5692,0.4889,0.7719,700,7.0,42,2026-08-25T14:00:49
tdivdm,TSB-M-OOD_092_SEG_200001_045_GHL_id_14_Sensor_tr_50000,M,OOD,none,ordered_per_window,per_sample_auroc,0.8945,0.8795,0.4987,700,,42,2026-08-25T14:00:57
driftlens,TSB-M-OOD_093_SEG_217624_115_PSM_id_1_Facility_tr_5000,M,OOD,none,batch_level,batch_auroc,0.719,,,69,,42,2026-08-25T14:07:05
ae_adwin_lstm,TSB-M-OOD_093_SEG_217624_115_PSM_id_1_Facility_tr_5000,M,OOD,none,ordered_per_window,per_sample_auroc,0.5524,0.5202,0.9475,1106,5.0,42,2026-08-25T14:07:14
tdivdm,TSB-M-OOD_093_SEG_217624_115_PSM_id_1_Facility_tr_5000,M,OOD,none,ordered_per_window,per_sample_auroc,0.4712,0.4263,0.9327,1106,,42,2026-08-25T14:07:32
driftlens,TSB-M-OOD_095_SEG_200001_033_GHL_id_2_Sensor_tr_50000_,M,OOD,none,batch_level,batch_auroc,0.4296,,,33,,42,2026-08-25T14:09:43
ae_adwin_lstm,TSB-M-OOD_095_SEG_200001_033_GHL_id_2_Sensor_tr_50000_,M,OOD,none,ordered_per_window,per_sample_auroc,0.721,0.7427,0.7238,541,7.0,42,2026-08-25T14:09:44
tdivdm,TSB-M-OOD_095_SEG_200001_033_GHL_id_2_Sensor_tr_50000_,M,OOD,none,ordered_per_window,per_sample_auroc,0.9192,0.9577,0.7657,541,,42,2026-08-25T14:09:51
driftlens,TSB-M-OOD_096_SEG_217624_115_PSM_id_1_Facility_tr_5000,M,OOD,none,batch_level,batch_auroc,0.7114,,,68,,42,2026-08-25T14:14:45
ae_adwin_lstm,TSB-M-OOD_096_SEG_217624_115_PSM_id_1_Facility_tr_5000,M,OOD,none,ordered_per_window,per_sample_auroc,0.5517,0.5163,0.9475,1097,5.0,42,2026-08-25T14:14:49
tdivdm,TSB-M-OOD_096_SEG_217624_115_PSM_id_1_Facility_tr_5000,M,OOD,none,ordered_per_window,per_sample_auroc,0.4652,0.4044,0.9327,1097,,42,2026-08-25T14:15:10
driftlens,TSB-M-OOD_098_SEG_200001_045_GHL_id_14_Sensor_tr_50000,M,OOD,none,batch_level,batch_auroc,0.4467,,,43,,42,2026-08-25T14:18:25
ae_adwin_lstm,TSB-M-OOD_098_SEG_200001_045_GHL_id_14_Sensor_tr_50000,M,OOD,none,ordered_per_window,per_sample_auroc,0.5692,0.4889,0.7719,700,7.0,42,2026-08-25T14:18:27
tdivdm,TSB-M-OOD_098_SEG_200001_045_GHL_id_14_Sensor_tr_50000,M,OOD,none,ordered_per_window,per_sample_auroc,0.8945,0.8795,0.4987,700,,42,2026-08-25T14:18:43
driftlens,TSB-M-OOD_100_SEG_200001_044_GHL_id_13_Sensor_tr_50000,M,OOD,none,batch_level,batch_auroc,0.3446,,,61,,42,2026-08-25T14:24:00
ae_adwin_lstm,TSB-M-OOD_100_SEG_200001_044_GHL_id_13_Sensor_tr_50000,M,OOD,none,ordered_per_window,per_sample_auroc,0.3421,0.2307,0.9838,982,1.0,42,2026-08-25T14:24:03
tdivdm,TSB-M-OOD_100_SEG_200001_044_GHL_id_13_Sensor_tr_50000,M,OOD,none,ordered_per_window,per_sample_auroc,0.5244,0.3768,0.8132,982,,42,2026-08-25T14:24:16
driftlens,TSB-M-STABLE_001_SEG_7029_159_SMAP_id_16_Sensor_tr_175,M,STABLE,none,batch_level,batch_auroc,0.0,,,4,,42,2026-08-25T14:24:25
ae_adwin_lstm,TSB-M-STABLE_001_SEG_7029_159_SMAP_id_16_Sensor_tr_175,M,STABLE,none,ordered_per_window,per_sample_auroc,0.3782,0.5944,1.0,25,5.0,42,2026-08-25T14:24:25
tdivdm,TSB-M-STABLE_001_SEG_7029_159_SMAP_id_16_Sensor_tr_175,M,STABLE,none,ordered_per_window,per_sample_auroc,0.8141,0.8477,1.0,25,,42,2026-08-25T14:24:26
driftlens,TSB-M-STABLE_003_SEG_3922_007_MSL_id_6_Sensor_tr_980_1,M,STABLE,none,batch_level,batch_auroc,0.0,,,4,,42,2026-08-25T14:24:33
ae_adwin_lstm,TSB-M-STABLE_003_SEG_3922_007_MSL_id_6_Sensor_tr_980_1,M,STABLE,none,ordered_per_window,per_sample_auroc,0.4052,0.3636,0.9412,26,,42,2026-08-25T14:24:33
tdivdm,TSB-M-STABLE_003_SEG_3922_007_MSL_id_6_Sensor_tr_980_1,M,STABLE,none,ordered_per_window,per_sample_auroc,0.3922,0.3025,0.8235,26,,42,2026-08-25T14:24:34
driftlens,TSB-M-STABLE_004_SEG_28743_070_SMD_id_14_Facility_tr_1,M,STABLE,none,batch_level,batch_auroc,0.3333,,,4,,42,2026-08-25T14:24:38
ae_adwin_lstm,TSB-M-STABLE_004_SEG_28743_070_SMD_id_14_Facility_tr_1,M,STABLE,none,ordered_per_window,per_sample_auroc,,,,34,,42,2026-08-25T14:24:38
tdivdm,TSB-M-STABLE_004_SEG_28743_070_SMD_id_14_Facility_tr_1,M,STABLE,none,ordered_per_window,per_sample_auroc,0.25,0.7512,1.0,34,,42,2026-08-25T14:24:38
driftlens,TSB-M-STABLE_005_SEG_21203_064_SMD_id_8_Facility_tr_22,M,STABLE,none,batch_level,batch_auroc,0.0,,,3,,42,2026-08-25T14:24:43
ae_adwin_lstm,TSB-M-STABLE_005_SEG_21203_064_SMD_id_8_Facility_tr_22,M,STABLE,none,ordered_per_window,per_sample_auroc,0.0242,0.6161,1.0,56,0.0,42,2026-08-25T14:24:43
tdivdm,TSB-M-STABLE_005_SEG_21203_064_SMD_id_8_Facility_tr_22,M,STABLE,none,ordered_per_window,per_sample_auroc,0.4788,0.8122,0.8182,56,,42,2026-08-25T14:24:44
driftlens,TSB-M-STABLE_009_SEG_46655_181_Exathlon_id_8_Facility_,M,STABLE,none,batch_level,batch_auroc,0.6562,,,12,,42,2026-08-25T14:25:08
ae_adwin_lstm,TSB-M-STABLE_009_SEG_46655_181_Exathlon_id_8_Facility_,M,STABLE,none,ordered_per_window,per_sample_auroc,0.4083,0.6536,1.0,201,8.0,42,2026-08-25T14:25:08
tdivdm,TSB-M-STABLE_009_SEG_46655_181_Exathlon_id_8_Facility_,M,STABLE,none,ordered_per_window,per_sample_auroc,0.4768,0.7118,0.9683,201,,42,2026-08-25T14:25:11
driftlens,TSB-M-STABLE_010_SEG_8514_146_SMAP_id_3_Sensor_tr_2128,M,STABLE,none,batch_level,batch_auroc,1.0,,,2,,42,2026-08-25T14:25:20
ae_adwin_lstm,TSB-M-STABLE_010_SEG_8514_146_SMAP_id_3_Sensor_tr_2128,M,STABLE,none,ordered_per_window,per_sample_auroc,0.25,0.3145,1.0,40,2.0,42,2026-08-25T14:25:20
tdivdm,TSB-M-STABLE_010_SEG_8514_146_SMAP_id_3_Sensor_tr_2128,M,STABLE,none,ordered_per_window,per_sample_auroc,0.75,0.7978,0.9583,40,,42,2026-08-25T14:25:20
driftlens,TSB-M-STABLE_011_SEG_200001_033_GHL_id_2_Sensor_tr_500,M,STABLE,none,batch_level,batch_auroc,0.8,,,19,,42,2026-08-25T14:26:51
ae_adwin_lstm,TSB-M-STABLE_011_SEG_200001_033_GHL_id_2_Sensor_tr_500,M,STABLE,none,ordered_per_window,per_sample_auroc,0.696,0.3095,0.6653,304,7.0,42,2026-08-25T14:26:52
tdivdm,TSB-M-STABLE_011_SEG_200001_033_GHL_id_2_Sensor_tr_500,M,STABLE,none,ordered_per_window,per_sample_auroc,0.631,0.6037,0.7657,304,,42,2026-08-25T14:26:57
driftlens,TSB-M-STABLE_014_SEG_2856_009_MSL_id_8_Sensor_tr_714_1,M,STABLE,none,batch_level,batch_auroc,0.0,,,2,,42,2026-08-25T14:27:00
ae_adwin_lstm,TSB-M-STABLE_014_SEG_2856_009_MSL_id_8_Sensor_tr_714_1,M,STABLE,none,ordered_per_window,per_sample_auroc,0.6667,0.7909,1.0,11,4.0,42,2026-08-25T14:27:01
tdivdm,TSB-M-STABLE_014_SEG_2856_009_MSL_id_8_Sensor_tr_714_1,M,STABLE,none,ordered_per_window,per_sample_auroc,0.9333,0.9429,0.3333,11,,42,2026-08-25T14:27:01
driftlens,TSB-M-STABLE_016_SEG_200001_034_GHL_id_3_Sensor_tr_500,M,STABLE,none,batch_level,batch_auroc,0.6389,,,39,,42,2026-08-25T14:30:33
ae_adwin_lstm,TSB-M-STABLE_016_SEG_200001_034_GHL_id_3_Sensor_tr_500,M,STABLE,none,ordered_per_window,per_sample_auroc,0.8691,0.3431,0.3164,639,5.0,42,2026-08-25T14:30:35
tdivdm,TSB-M-STABLE_016_SEG_200001_034_GHL_id_3_Sensor_tr_500,M,STABLE,none,ordered_per_window,per_sample_auroc,0.1824,0.0626,1.0,639,,42,2026-08-25T14:30:46
driftlens,TSB-M-STABLE_017_SEG_23689_059_SMD_id_3_Facility_tr_75,M,STABLE,none,batch_level,batch_auroc,0.8,,,6,,42,2026-08-25T14:30:53
ae_adwin_lstm,TSB-M-STABLE_017_SEG_23689_059_SMD_id_3_Facility_tr_75,M,STABLE,none,ordered_per_window,per_sample_auroc,0.6562,0.9565,1.0,44,,42,2026-08-25T14:30:53
tdivdm,TSB-M-STABLE_017_SEG_23689_059_SMD_id_3_Facility_tr_75,M,STABLE,none,ordered_per_window,per_sample_auroc,0.7563,0.9725,1.0,44,,42,2026-08-25T14:30:53
driftlens,TSB-M-STABLE_018_SEG_28704_061_SMD_id_5_Facility_tr_71,M,STABLE,none,batch_level,batch_auroc,0.25,,,7,,42,2026-08-25T14:31:26
ae_adwin_lstm,TSB-M-STABLE_018_SEG_28704_061_SMD_id_5_Facility_tr_71,M,STABLE,none,ordered_per_window,per_sample_auroc,0.4305,0.44,0.9718,126,1.0,42,2026-08-25T14:31:26
tdivdm,TSB-M-STABLE_018_SEG_28704_061_SMD_id_5_Facility_tr_71,M,STABLE,none,ordered_per_window,per_sample_auroc,0.6397,0.5844,0.7465,126,,42,2026-08-25T14:31:28
driftlens,TSB-M-STABLE_022_SEG_8044_148_SMAP_id_5_Sensor_tr_2011,M,STABLE,none,batch_level,batch_auroc,0.0,,,4,,42,2026-08-25T14:31:37
ae_adwin_lstm,TSB-M-STABLE_022_SEG_8044_148_SMAP_id_5_Sensor_tr_2011,M,STABLE,none,ordered_per_window,per_sample_auroc,0.8333,0.8667,1.0,30,0.0,42,2026-08-25T14:31:37
tdivdm,TSB-M-STABLE_022_SEG_8044_148_SMAP_id_5_Sensor_tr_2011,M,STABLE,none,ordered_per_window,per_sample_auroc,0.9167,0.8667,1.0,30,,42,2026-08-25T14:31:38
driftlens,TSB-M-STABLE_023_SEG_23694_057_SMD_id_1_Facility_tr_45,M,STABLE,none,batch_level,batch_auroc,0.25,,,5,,42,2026-08-25T14:31:49
ae_adwin_lstm,TSB-M-STABLE_023_SEG_23694_057_SMD_id_1_Facility_tr_45,M,STABLE,none,ordered_per_window,per_sample_auroc,0.3681,0.6302,0.9091,83,,42,2026-08-25T14:31:49
tdivdm,TSB-M-STABLE_023_SEG_23694_057_SMD_id_1_Facility_tr_45,M,STABLE,none,ordered_per_window,per_sample_auroc,0.4031,0.6883,0.9545,83,,42,2026-08-25T14:31:50
driftlens,TSB-M-STABLE_024_SEG_7632_162_SMAP_id_19_Sensor_tr_190,M,STABLE,none,batch_level,batch_auroc,0.2,,,6,,42,2026-08-25T14:32:05
ae_adwin_lstm,TSB-M-STABLE_024_SEG_7632_162_SMAP_id_19_Sensor_tr_190,M,STABLE,none,ordered_per_window,per_sample_auroc,0.4636,0.5004,1.0,27,0.0,42,2026-08-25T14:32:05
tdivdm,TSB-M-STABLE_024_SEG_7632_162_SMAP_id_19_Sensor_tr_190,M,STABLE,none,ordered_per_window,per_sample_auroc,0.7909,0.6693,0.6364,27,,42,2026-08-25T14:32:06
driftlens,TSB-M-STABLE_027_SEG_230400_102_SVDB_id_19_Medical_tr_,M,STABLE,none,batch_level,batch_auroc,0.4865,,,56,,42,2026-08-25T14:35:56
ae_adwin_lstm,TSB-M-STABLE_027_SEG_230400_102_SVDB_id_19_Medical_tr_,M,STABLE,none,ordered_per_window,per_sample_auroc,0.856,0.8537,0.6501,896,0.0,42,2026-08-25T14:35:58
tdivdm,TSB-M-STABLE_027_SEG_230400_102_SVDB_id_19_Medical_tr_,M,STABLE,none,ordered_per_window,per_sample_auroc,0.8705,0.877,0.5686,896,,42,2026-08-25T14:36:09
driftlens,TSB-M-STABLE_028_SEG_8294_152_SMAP_id_9_Sensor_tr_2073,M,STABLE,none,batch_level,batch_auroc,1.0,,,4,,42,2026-08-25T14:36:21
ae_adwin_lstm,TSB-M-STABLE_028_SEG_8294_152_SMAP_id_9_Sensor_tr_2073,M,STABLE,none,ordered_per_window,per_sample_auroc,0.1231,0.1795,1.0,36,2.0,42,2026-08-25T14:36:21
tdivdm,TSB-M-STABLE_028_SEG_8294_152_SMAP_id_9_Sensor_tr_2073,M,STABLE,none,ordered_per_window,per_sample_auroc,0.85,0.8655,0.7692,36,,42,2026-08-25T14:36:21
driftlens,TSB-M-STABLE_029_SEG_28700_071_SMD_id_15_Facility_tr_1,M,STABLE,none,batch_level,batch_auroc,0.3333,,,4,,42,2026-08-25T14:36:26
ae_adwin_lstm,TSB-M-STABLE_029_SEG_28700_071_SMD_id_15_Facility_tr_1,M,STABLE,none,ordered_per_window,per_sample_auroc,,,,26,,42,2026-08-25T14:36:26
tdivdm,TSB-M-STABLE_029_SEG_28700_071_SMD_id_15_Facility_tr_1,M,STABLE,none,ordered_per_window,per_sample_auroc,0.175,0.6362,1.0,26,,42,2026-08-25T14:36:26
driftlens,TSB-M-STABLE_031_SEG_200001_043_GHL_id_12_Sensor_tr_39,M,STABLE,none,batch_level,batch_auroc,0.875,,,14,,42,2026-08-25T14:37:36
ae_adwin_lstm,TSB-M-STABLE_031_SEG_200001_043_GHL_id_12_Sensor_tr_39,M,STABLE,none,ordered_per_window,per_sample_auroc,0.6391,0.2921,0.6436,227,7.0,42,2026-08-25T14:37:36
tdivdm,TSB-M-STABLE_031_SEG_200001_043_GHL_id_12_Sensor_tr_39,M,STABLE,none,ordered_per_window,per_sample_auroc,0.627,0.206,0.5106,227,,42,2026-08-25T14:37:41
driftlens,TSB-M-STABLE_034_SEG_200001_042_GHL_id_11_Sensor_tr_50,M,STABLE,none,batch_level,batch_auroc,0.6455,,,49,,42,2026-08-25T14:42:09
ae_adwin_lstm,TSB-M-STABLE_034_SEG_200001_042_GHL_id_11_Sensor_tr_50,M,STABLE,none,ordered_per_window,per_sample_auroc,0.7605,0.5129,0.9587,796,0.0,42,2026-08-25T14:42:11
tdivdm,TSB-M-STABLE_034_SEG_200001_042_GHL_id_11_Sensor_tr_50,M,STABLE,none,ordered_per_window,per_sample_auroc,0.6103,0.168,0.8421,796,,42,2026-08-25T14:42:24
driftlens,TSB-M-STABLE_036_SEG_230400_087_SVDB_id_4_Medical_tr_5,M,STABLE,none,batch_level,batch_auroc,0.6855,,,64,,42,2026-08-25T14:42:37
ae_adwin_lstm,TSB-M-STABLE_036_SEG_230400_087_SVDB_id_4_Medical_tr_5,M,STABLE,none,ordered_per_window,per_sample_auroc,0.336,0.9598,0.9615,1029,7.0,42,2026-08-25T14:42:39
tdivdm,TSB-M-STABLE_036_SEG_230400_087_SVDB_id_4_Medical_tr_5,M,STABLE,none,ordered_per_window,per_sample_auroc,0.8662,0.996,0.6154,1029,,42,2026-08-25T14:42:42
driftlens,TSB-M-STABLE_038_SEG_230400_092_SVDB_id_9_Medical_tr_2,M,STABLE,none,batch_level,batch_auroc,0.6316,,,20,,42,2026-08-25T14:42:49
ae_adwin_lstm,TSB-M-STABLE_038_SEG_230400_092_SVDB_id_9_Medical_tr_2,M,STABLE,none,ordered_per_window,per_sample_auroc,0.1777,0.9284,1.0,322,5.0,42,2026-08-25T14:42:49
tdivdm,TSB-M-STABLE_038_SEG_230400_092_SVDB_id_9_Medical_tr_2,M,STABLE,none,ordered_per_window,per_sample_auroc,0.776,0.9843,0.6154,322,,42,2026-08-25T14:42:51
driftlens,TSB-M-STABLE_039_SEG_200001_034_GHL_id_3_Sensor_tr_500,M,STABLE,none,batch_level,batch_auroc,0.5741,,,39,,42,2026-08-25T14:46:38
ae_adwin_lstm,TSB-M-STABLE_039_SEG_200001_034_GHL_id_3_Sensor_tr_500,M,STABLE,none,ordered_per_window,per_sample_auroc,0.8258,0.2766,0.3164,638,5.0,42,2026-08-25T14:46:39
tdivdm,TSB-M-STABLE_039_SEG_200001_034_GHL_id_3_Sensor_tr_500,M,STABLE,none,ordered_per_window,per_sample_auroc,0.2674,0.0678,1.0,638,,42,2026-08-25T14:46:51
driftlens,TSB-M-STABLE_042_SEG_8469_154_SMAP_id_11_Sensor_tr_211,M,STABLE,none,batch_level,batch_auroc,0.0,,,4,,42,2026-08-25T14:47:02
ae_adwin_lstm,TSB-M-STABLE_042_SEG_8469_154_SMAP_id_11_Sensor_tr_211,M,STABLE,none,ordered_per_window,per_sample_auroc,0.4481,0.3458,1.0,29,5.0,42,2026-08-25T14:47:02
tdivdm,TSB-M-STABLE_042_SEG_8469_154_SMAP_id_11_Sensor_tr_211,M,STABLE,none,ordered_per_window,per_sample_auroc,0.2662,0.1846,1.0,29,,42,2026-08-25T14:47:03
driftlens,TSB-M-STABLE_045_SEG_230400_104_SVDB_id_21_Medical_tr_,M,STABLE,none,batch_level,batch_auroc,0.9964,,,40,,42,2026-08-25T14:50:10
ae_adwin_lstm,TSB-M-STABLE_045_SEG_230400_104_SVDB_id_21_Medical_tr_,M,STABLE,none,ordered_per_window,per_sample_auroc,0.9512,0.9067,0.32,650,4.0,42,2026-08-25T14:50:11
tdivdm,TSB-M-STABLE_045_SEG_230400_104_SVDB_id_21_Medical_tr_,M,STABLE,none,ordered_per_window,per_sample_auroc,0.9125,0.8679,0.606,650,,42,2026-08-25T14:50:27
driftlens,TSB-M-STABLE_046_SEG_8532_145_SMAP_id_2_Sensor_tr_2133,M,STABLE,none,batch_level,batch_auroc,1.0,,,4,,42,2026-08-25T14:50:41
ae_adwin_lstm,TSB-M-STABLE_046_SEG_8532_145_SMAP_id_2_Sensor_tr_2133,M,STABLE,none,ordered_per_window,per_sample_auroc,0.16,0.2543,1.0,40,2.0,42,2026-08-25T14:50:41
tdivdm,TSB-M-STABLE_046_SEG_8532_145_SMAP_id_2_Sensor_tr_2133,M,STABLE,none,ordered_per_window,per_sample_auroc,0.792,0.838,0.92,40,,42,2026-08-25T14:50:41
driftlens,TSB-M-STABLE_047_SEG_200001_037_GHL_id_6_Sensor_tr_500,M,STABLE,none,batch_level,batch_auroc,0.5072,,,29,,42,2026-08-25T14:52:59
ae_adwin_lstm,TSB-M-STABLE_047_SEG_200001_037_GHL_id_6_Sensor_tr_500,M,STABLE,none,ordered_per_window,per_sample_auroc,0.6635,0.2587,0.8533,472,20.0,42,2026-08-25T14:53:00
tdivdm,TSB-M-STABLE_047_SEG_200001_037_GHL_id_6_Sensor_tr_500,M,STABLE,none,ordered_per_window,per_sample_auroc,0.655,0.269,0.5253,472,,42,2026-08-25T14:53:08
driftlens,TSB-M-STABLE_048_SEG_230400_092_SVDB_id_9_Medical_tr_2,M,STABLE,none,batch_level,batch_auroc,0.8889,,,55,,42,2026-08-25T14:53:14
ae_adwin_lstm,TSB-M-STABLE_048_SEG_230400_092_SVDB_id_9_Medical_tr_2,M,STABLE,none,ordered_per_window,per_sample_auroc,0.1212,0.9636,1.0,889,5.0,42,2026-08-25T14:53:15
tdivdm,TSB-M-STABLE_048_SEG_230400_092_SVDB_id_9_Medical_tr_2,M,STABLE,none,ordered_per_window,per_sample_auroc,0.6888,0.9914,0.6154,889,,42,2026-08-25T14:53:18
driftlens,TSB-M-STABLE_051_SEG_230400_084_SVDB_id_1_Medical_tr_1,M,STABLE,none,batch_level,batch_auroc,0.5357,,,11,,42,2026-08-25T14:53:42
ae_adwin_lstm,TSB-M-STABLE_051_SEG_230400_084_SVDB_id_1_Medical_tr_1,M,STABLE,none,ordered_per_window,per_sample_auroc,0.7811,0.8938,0.8361,188,2.0,42,2026-08-25T14:53:43
tdivdm,TSB-M-STABLE_051_SEG_230400_084_SVDB_id_1_Medical_tr_1,M,STABLE,none,ordered_per_window,per_sample_auroc,0.7812,0.8983,0.7377,188,,42,2026-08-25T14:53:45
driftlens,TSB-M-STABLE_053_SEG_4693_156_SMAP_id_13_Sensor_tr_117,M,STABLE,none,batch_level,batch_auroc,1.0,,,4,,42,2026-08-25T14:53:50
ae_adwin_lstm,TSB-M-STABLE_053_SEG_4693_156_SMAP_id_13_Sensor_tr_117,M,STABLE,none,ordered_per_window,per_sample_auroc,0.8681,0.9098,0.9231,20,1.0,42,2026-08-25T14:53:50
tdivdm,TSB-M-STABLE_053_SEG_4693_156_SMAP_id_13_Sensor_tr_117,M,STABLE,none,ordered_per_window,per_sample_auroc,0.5165,0.6269,1.0,20,,42,2026-08-25T14:53:51
driftlens,TSB-M-STABLE_055_SEG_8310_150_SMAP_id_7_Sensor_tr_2077,M,STABLE,none,batch_level,batch_auroc,1.0,,,4,,42,2026-08-25T14:54:00
ae_adwin_lstm,TSB-M-STABLE_055_SEG_8310_150_SMAP_id_7_Sensor_tr_2077,M,STABLE,none,ordered_per_window,per_sample_auroc,0.3133,0.2525,0.84,37,,42,2026-08-25T14:54:01
tdivdm,TSB-M-STABLE_055_SEG_8310_150_SMAP_id_7_Sensor_tr_2077,M,STABLE,none,ordered_per_window,per_sample_auroc,0.8767,0.8934,0.96,37,,42,2026-08-25T14:54:01
driftlens,TSB-M-STABLE_056_SEG_200001_053_GHL_id_22_Sensor_tr_50,M,STABLE,none,batch_level,batch_auroc,0.5995,,,48,,42,2026-08-25T14:57:32
ae_adwin_lstm,TSB-M-STABLE_056_SEG_200001_053_GHL_id_22_Sensor_tr_50,M,STABLE,none,ordered_per_window,per_sample_auroc,0.8609,0.6826,0.3558,768,3.0,42,2026-08-25T14:57:33
tdivdm,TSB-M-STABLE_056_SEG_200001_053_GHL_id_22_Sensor_tr_50,M,STABLE,none,ordered_per_window,per_sample_auroc,0.6774,0.4799,0.9764,768,,42,2026-08-25T14:57:46
driftlens,TSB-M-STABLE_057_SEG_100000_027_MITDB_id_9_Medical_tr_,M,STABLE,none,batch_level,batch_auroc,0.0308,,,28,,42,2026-08-25T14:59:18
ae_adwin_lstm,TSB-M-STABLE_057_SEG_100000_027_MITDB_id_9_Medical_tr_,M,STABLE,none,ordered_per_window,per_sample_auroc,0.7419,0.7116,0.8245,462,7.0,42,2026-08-25T14:59:19
tdivdm,TSB-M-STABLE_057_SEG_100000_027_MITDB_id_9_Medical_tr_,M,STABLE,none,ordered_per_window,per_sample_auroc,0.8029,0.8175,0.7469,462,,42,2026-08-25T14:59:25
driftlens,TSB-M-STABLE_058_SEG_150000_019_MITDB_id_1_Medical_tr_,M,STABLE,none,batch_level,batch_auroc,0.7431,,,64,,42,2026-08-25T15:02:37
ae_adwin_lstm,TSB-M-STABLE_058_SEG_150000_019_MITDB_id_1_Medical_tr_,M,STABLE,none,ordered_per_window,per_sample_auroc,0.4875,0.5498,0.9793,1034,1.0,42,2026-08-25T15:02:39
tdivdm,TSB-M-STABLE_058_SEG_150000_019_MITDB_id_1_Medical_tr_,M,STABLE,none,ordered_per_window,per_sample_auroc,0.5442,0.5531,0.8946,1034,,42,2026-08-25T15:02:52
driftlens,TSB-M-STABLE_059_SEG_8579_168_SMAP_id_25_Sensor_tr_199,M,STABLE,none,batch_level,batch_auroc,0.75,,,4,,42,2026-08-25T15:02:59
ae_adwin_lstm,TSB-M-STABLE_059_SEG_8579_168_SMAP_id_25_Sensor_tr_199,M,STABLE,none,ordered_per_window,per_sample_auroc,0.25,0.4919,1.0,20,2.0,42,2026-08-25T15:02:59
tdivdm,TSB-M-STABLE_059_SEG_8579_168_SMAP_id_25_Sensor_tr_199,M,STABLE,none,ordered_per_window,per_sample_auroc,0.74,0.8336,1.0,20,,42,2026-08-25T15:03:00
driftlens,TSB-M-STABLE_061_SEG_230400_084_SVDB_id_1_Medical_tr_1,M,STABLE,none,batch_level,batch_auroc,0.8095,,,25,,42,2026-08-25T15:03:30
ae_adwin_lstm,TSB-M-STABLE_061_SEG_230400_084_SVDB_id_1_Medical_tr_1,M,STABLE,none,ordered_per_window,per_sample_auroc,0.5671,0.8975,0.9672,405,2.0,42,2026-08-25T15:03:30
tdivdm,TSB-M-STABLE_061_SEG_230400_084_SVDB_id_1_Medical_tr_1,M,STABLE,none,ordered_per_window,per_sample_auroc,0.8085,0.9608,0.6885,405,,42,2026-08-25T15:03:33
driftlens,TSB-M-STABLE_062_SEG_200001_032_GHL_id_1_Sensor_tr_500,M,STABLE,none,batch_level,batch_auroc,0.7544,,,22,,42,2026-08-25T15:06:19
ae_adwin_lstm,TSB-M-STABLE_062_SEG_200001_032_GHL_id_1_Sensor_tr_500,M,STABLE,none,ordered_per_window,per_sample_auroc,0.6342,0.1885,0.7803,355,1.0,42,2026-08-25T15:06:21
tdivdm,TSB-M-STABLE_062_SEG_200001_032_GHL_id_1_Sensor_tr_500,M,STABLE,none,ordered_per_window,per_sample_auroc,0.5178,0.1465,0.8197,355,,42,2026-08-25T15:06:28
driftlens,TSB-M-STABLE_063_SEG_200001_034_GHL_id_3_Sensor_tr_500,M,STABLE,none,batch_level,batch_auroc,0.5389,,,41,,42,2026-08-25T15:12:28
ae_adwin_lstm,TSB-M-STABLE_063_SEG_200001_034_GHL_id_3_Sensor_tr_500,M,STABLE,none,ordered_per_window,per_sample_auroc,0.8448,0.5055,0.3164,670,5.0,42,2026-08-25T15:12:30
tdivdm,TSB-M-STABLE_063_SEG_200001_034_GHL_id_3_Sensor_tr_500,M,STABLE,none,ordered_per_window,per_sample_auroc,0.3651,0.1102,1.0,670,,42,2026-08-25T15:12:42
driftlens,TSB-M-STABLE_069_SEG_230400_089_SVDB_id_6_Medical_tr_5,M,STABLE,none,batch_level,batch_auroc,0.7028,,,54,,42,2026-08-25T15:15:45
ae_adwin_lstm,TSB-M-STABLE_069_SEG_230400_089_SVDB_id_6_Medical_tr_5,M,STABLE,none,ordered_per_window,per_sample_auroc,0.8468,0.8745,0.5513,869,4.0,42,2026-08-25T15:15:47
tdivdm,TSB-M-STABLE_069_SEG_230400_089_SVDB_id_6_Medical_tr_5,M,STABLE,none,ordered_per_window,per_sample_auroc,0.9501,0.967,0.3795,869,,42,2026-08-25T15:15:58
driftlens,TSB-M-STABLE_071_SEG_46660_177_Exathlon_id_4_Facility_,M,STABLE,none,batch_level,batch_auroc,0.2083,,,10,,42,2026-08-25T15:16:32
ae_adwin_lstm,TSB-M-STABLE_071_SEG_46660_177_Exathlon_id_4_Facility_,M,STABLE,none,ordered_per_window,per_sample_auroc,0.5573,0.7187,1.0,165,3.0,42,2026-08-25T15:16:32
tdivdm,TSB-M-STABLE_071_SEG_46660_177_Exathlon_id_4_Facility_,M,STABLE,none,ordered_per_window,per_sample_auroc,0.6813,0.7834,0.8095,165,,42,2026-08-25T15:16:34
driftlens,TSB-M-STABLE_073_SEG_46660_185_Exathlon_id_12_Facility,M,STABLE,none,batch_level,batch_auroc,0.2083,,,10,,42,2026-08-25T15:16:59
ae_adwin_lstm,TSB-M-STABLE_073_SEG_46660_185_Exathlon_id_12_Facility,M,STABLE,none,ordered_per_window,per_sample_auroc,0.5573,0.7187,1.0,165,3.0,42,2026-08-25T15:16:59
tdivdm,TSB-M-STABLE_073_SEG_46660_185_Exathlon_id_12_Facility,M,STABLE,none,ordered_per_window,per_sample_auroc,0.6813,0.7834,0.8095,165,,42,2026-08-25T15:17:01
driftlens,TSB-M-STABLE_078_SEG_200001_045_GHL_id_14_Sensor_tr_50,M,STABLE,none,batch_level,batch_auroc,0.6,,,33,,42,2026-08-25T15:19:55
ae_adwin_lstm,TSB-M-STABLE_078_SEG_200001_045_GHL_id_14_Sensor_tr_50,M,STABLE,none,ordered_per_window,per_sample_auroc,0.8712,0.7257,0.4762,542,7.0,42,2026-08-25T15:19:56
tdivdm,TSB-M-STABLE_078_SEG_200001_045_GHL_id_14_Sensor_tr_50,M,STABLE,none,ordered_per_window,per_sample_auroc,0.7598,0.504,0.7243,542,,42,2026-08-25T15:20:02
driftlens,TSB-M-STABLE_080_SEG_200001_044_GHL_id_13_Sensor_tr_50,M,STABLE,none,batch_level,batch_auroc,0.754,,,45,,42,2026-08-25T15:23:34
ae_adwin_lstm,TSB-M-STABLE_080_SEG_200001_044_GHL_id_13_Sensor_tr_50,M,STABLE,none,ordered_per_window,per_sample_auroc,0.5475,0.0758,0.7103,735,1.0,42,2026-08-25T15:23:35
tdivdm,TSB-M-STABLE_080_SEG_200001_044_GHL_id_13_Sensor_tr_50,M,STABLE,none,ordered_per_window,per_sample_auroc,0.7914,0.1729,0.6662,735,,42,2026-08-25T15:23:46
driftlens,TSB-M-STABLE_084_SEG_7029_159_SMAP_id_16_Sensor_tr_175,M,STABLE,none,batch_level,batch_auroc,0.25,,,4,,42,2026-08-25T15:23:54
ae_adwin_lstm,TSB-M-STABLE_084_SEG_7029_159_SMAP_id_16_Sensor_tr_175,M,STABLE,none,ordered_per_window,per_sample_auroc,0.5321,0.7073,1.0,25,5.0,42,2026-08-25T15:23:54
tdivdm,TSB-M-STABLE_084_SEG_7029_159_SMAP_id_16_Sensor_tr_175,M,STABLE,none,ordered_per_window,per_sample_auroc,0.9038,0.9274,1.0,25,,42,2026-08-25T15:23:55
driftlens,TSB-M-STABLE_085_SEG_46660_191_Exathlon_id_18_Facility,M,STABLE,none,batch_level,batch_auroc,0.2083,,,10,,42,2026-08-25T15:24:20
ae_adwin_lstm,TSB-M-STABLE_085_SEG_46660_191_Exathlon_id_18_Facility,M,STABLE,none,ordered_per_window,per_sample_auroc,0.5573,0.7187,1.0,165,3.0,42,2026-08-25T15:24:20
tdivdm,TSB-M-STABLE_085_SEG_46660_191_Exathlon_id_18_Facility,M,STABLE,none,ordered_per_window,per_sample_auroc,0.6813,0.7834,0.8095,165,,42,2026-08-25T15:24:22
driftlens,TSB-M-STABLE_086_SEG_8640_147_SMAP_id_4_Sensor_tr_2160,M,STABLE,none,batch_level,batch_auroc,0.0,,,4,,42,2026-08-25T15:24:51
ae_adwin_lstm,TSB-M-STABLE_086_SEG_8640_147_SMAP_id_4_Sensor_tr_2160,M,STABLE,none,ordered_per_window,per_sample_auroc,0.6167,0.4135,0.7,46,2.0,42,2026-08-25T15:24:51
tdivdm,TSB-M-STABLE_086_SEG_8640_147_SMAP_id_4_Sensor_tr_2160,M,STABLE,none,ordered_per_window,per_sample_auroc,0.6417,0.5777,1.0,46,,42,2026-08-25T15:24:52
driftlens,TSB-M-STABLE_088_SEG_43066_186_Exathlon_id_13_Facility,M,STABLE,none,batch_level,batch_auroc,0.75,,,14,,42,2026-08-25T15:25:44
ae_adwin_lstm,TSB-M-STABLE_088_SEG_43066_186_Exathlon_id_13_Facility,M,STABLE,none,ordered_per_window,per_sample_auroc,0.4752,0.7347,0.9831,237,11.0,42,2026-08-25T15:25:45
tdivdm,TSB-M-STABLE_088_SEG_43066_186_Exathlon_id_13_Facility,M,STABLE,none,ordered_per_window,per_sample_auroc,0.4637,0.7379,0.9661,237,,42,2026-08-25T15:25:48
driftlens,TSB-M-STABLE_089_SEG_230400_086_SVDB_id_3_Medical_tr_5,M,STABLE,none,batch_level,batch_auroc,,,,41,,42,2026-08-25T15:25:51
ae_adwin_lstm,TSB-M-STABLE_089_SEG_230400_086_SVDB_id_3_Medical_tr_5,M,STABLE,none,ordered_per_window,per_sample_auroc,0.6498,0.9975,1.0,656,507.0,42,2026-08-25T15:25:51
tdivdm,TSB-M-STABLE_089_SEG_230400_086_SVDB_id_3_Medical_tr_5,M,STABLE,none,ordered_per_window,per_sample_auroc,0.5666,0.9971,1.0,656,,42,2026-08-25T15:25:51
driftlens,TSB-M-STABLE_092_SEG_230400_086_SVDB_id_3_Medical_tr_5,M,STABLE,none,batch_level,batch_auroc,,,,76,,42,2026-08-25T15:25:54
ae_adwin_lstm,TSB-M-STABLE_092_SEG_230400_086_SVDB_id_3_Medical_tr_5,M,STABLE,none,ordered_per_window,per_sample_auroc,0.5634,0.998,1.0,1220,,42,2026-08-25T15:25:54
tdivdm,TSB-M-STABLE_092_SEG_230400_086_SVDB_id_3_Medical_tr_5,M,STABLE,none,ordered_per_window,per_sample_auroc,0.5089,0.9981,1.0,1220,,42,2026-08-25T15:25:55
driftlens,TSB-M-STABLE_093_SEG_230400_095_SVDB_id_12_Medical_tr_,M,STABLE,none,batch_level,batch_auroc,0.7368,,,21,,42,2026-08-25T15:26:05
ae_adwin_lstm,TSB-M-STABLE_093_SEG_230400_095_SVDB_id_12_Medical_tr_,M,STABLE,none,ordered_per_window,per_sample_auroc,0.3944,0.9055,1.0,342,5.0,42,2026-08-25T15:26:06
tdivdm,TSB-M-STABLE_093_SEG_230400_095_SVDB_id_12_Medical_tr_,M,STABLE,none,ordered_per_window,per_sample_auroc,0.819,0.9801,0.8,342,,42,2026-08-25T15:26:07
driftlens,TSB-M-STABLE_094_SEG_28713_068_SMD_id_12_Facility_tr_1,M,STABLE,none,batch_level,batch_auroc,0.0,,,4,,42,2026-08-25T15:26:14
ae_adwin_lstm,TSB-M-STABLE_094_SEG_28713_068_SMD_id_12_Facility_tr_1,M,STABLE,none,ordered_per_window,per_sample_auroc,,,,27,,42,2026-08-25T15:26:14
tdivdm,TSB-M-STABLE_094_SEG_28713_068_SMD_id_12_Facility_tr_1,M,STABLE,none,ordered_per_window,per_sample_auroc,0.5556,0.8019,1.0,27,,42,2026-08-25T15:26:15
driftlens,TSB-M-STABLE_095_SEG_150000_025_MITDB_id_7_Medical_tr_,M,STABLE,none,batch_level,batch_auroc,0.5882,,,43,,42,2026-08-25T15:31:19
ae_adwin_lstm,TSB-M-STABLE_095_SEG_150000_025_MITDB_id_7_Medical_tr_,M,STABLE,none,ordered_per_window,per_sample_auroc,0.6712,0.5825,0.8393,694,7.0,42,2026-08-25T15:31:21
tdivdm,TSB-M-STABLE_095_SEG_150000_025_MITDB_id_7_Medical_tr_,M,STABLE,none,ordered_per_window,per_sample_auroc,0.8359,0.7888,0.6211,694,,42,2026-08-25T15:31:34
driftlens,TSB-M-STABLE_096_SEG_28726_058_SMD_id_2_Facility_tr_10,M,STABLE,none,batch_level,batch_auroc,1.0,,,8,,42,2026-08-25T15:31:44
ae_adwin_lstm,TSB-M-STABLE_096_SEG_28726_058_SMD_id_2_Facility_tr_10,M,STABLE,none,ordered_per_window,per_sample_auroc,,,,90,3.0,42,2026-08-25T15:31:44
tdivdm,TSB-M-STABLE_096_SEG_28726_058_SMD_id_2_Facility_tr_10,M,STABLE,none,ordered_per_window,per_sample_auroc,0.5893,0.9516,1.0,90,,42,2026-08-25T15:31:44
driftlens,TSB-M-STABLE_097_SEG_8044_148_SMAP_id_5_Sensor_tr_2011,M,STABLE,none,batch_level,batch_auroc,0.0,,,4,,42,2026-08-25T15:31:55
ae_adwin_lstm,TSB-M-STABLE_097_SEG_8044_148_SMAP_id_5_Sensor_tr_2011,M,STABLE,none,ordered_per_window,per_sample_auroc,0.8,0.8345,1.0,29,0.0,42,2026-08-25T15:31:55
tdivdm,TSB-M-STABLE_097_SEG_8044_148_SMAP_id_5_Sensor_tr_2011,M,STABLE,none,ordered_per_window,per_sample_auroc,0.9,0.8345,1.0,29,,42,2026-08-25T15:31:55
driftlens,TSB-M-STABLE_099_SEG_28726_058_SMD_id_2_Facility_tr_10,M,STABLE,none,batch_level,batch_auroc,1.0,,,8,,42,2026-08-25T15:32:00
ae_adwin_lstm,TSB-M-STABLE_099_SEG_28726_058_SMD_id_2_Facility_tr_10,M,STABLE,none,ordered_per_window,per_sample_auroc,,,,86,3.0,42,2026-08-25T15:32:00
tdivdm,TSB-M-STABLE_099_SEG_28726_058_SMD_id_2_Facility_tr_10,M,STABLE,none,ordered_per_window,per_sample_auroc,0.5021,0.9372,1.0,86,,42,2026-08-25T15:32:00
driftlens,TSB-M-STABLE_100_SEG_8516_165_SMAP_id_22_Sensor_tr_212,M,STABLE,none,batch_level,batch_auroc,1.0,,,2,,42,2026-08-25T15:32:11
ae_adwin_lstm,TSB-M-STABLE_100_SEG_8516_165_SMAP_id_22_Sensor_tr_212,M,STABLE,none,ordered_per_window,per_sample_auroc,0.2833,0.3109,0.9167,39,9.0,42,2026-08-25T15:32:11
tdivdm,TSB-M-STABLE_100_SEG_8516_165_SMAP_id_22_Sensor_tr_212,M,STABLE,none,ordered_per_window,per_sample_auroc,0.8,0.8023,0.7083,39,,42,2026-08-25T15:32:11
