method,dataset,split,category,arm,eval_mode,metric,auroc,aupr,fpr95,n_eval,drift_delay,seed,timestamp
outlier_exposure,TSB-U-DRIFT_002_SEG_4031_019_NAB_id_19_Facility_tr_100,U,DRIFT,head_only,per_sample_finetune,per_sample_auroc,0.8889,0.8972,0.3333,12,,42,2026-08-24T13:34:57
outlier_exposure,TSB-U-DRIFT_002_SEG_4031_019_NAB_id_19_Facility_tr_100,U,DRIFT,full_net,per_sample_finetune,per_sample_auroc,0.7778,0.7996,0.5,12,,42,2026-08-24T13:34:59
divoe,TSB-U-DRIFT_002_SEG_4031_019_NAB_id_19_Facility_tr_100,U,DRIFT,head_only,per_sample_finetune,per_sample_auroc,0.8889,0.8972,0.3333,12,,42,2026-08-24T13:35:03
divoe,TSB-U-DRIFT_002_SEG_4031_019_NAB_id_19_Facility_tr_100,U,DRIFT,full_net,per_sample_finetune,per_sample_auroc,0.75,0.6917,0.6667,12,,42,2026-08-24T13:35:10
diversemix,TSB-U-DRIFT_002_SEG_4031_019_NAB_id_19_Facility_tr_100,U,DRIFT,head_only,per_sample_finetune,per_sample_auroc,0.8056,0.7861,0.5,12,,42,2026-08-24T13:35:20
diversemix,TSB-U-DRIFT_002_SEG_4031_019_NAB_id_19_Facility_tr_100,U,DRIFT,full_net,per_sample_finetune,per_sample_auroc,0.7222,0.7597,0.5,12,,42,2026-08-24T13:35:22
outlier_exposure,TSB-U-DRIFT_004_SEG_18380_105_WSD_id_77_WebService_tr_,U,DRIFT,head_only,per_sample_finetune,per_sample_auroc,0.3056,0.4168,0.9167,24,,42,2026-08-24T13:35:46
outlier_exposure,TSB-U-DRIFT_004_SEG_18380_105_WSD_id_77_WebService_tr_,U,DRIFT,full_net,per_sample_finetune,per_sample_auroc,0.4792,0.6395,1.0,24,,42,2026-08-24T13:35:48
divoe,TSB-U-DRIFT_004_SEG_18380_105_WSD_id_77_WebService_tr_,U,DRIFT,head_only,per_sample_finetune,per_sample_auroc,0.2986,0.4143,0.9167,24,,42,2026-08-24T13:35:53
divoe,TSB-U-DRIFT_004_SEG_18380_105_WSD_id_77_WebService_tr_,U,DRIFT,full_net,per_sample_finetune,per_sample_auroc,0.5972,0.7422,1.0,24,,42,2026-08-24T13:35:59
diversemix,TSB-U-DRIFT_004_SEG_18380_105_WSD_id_77_WebService_tr_,U,DRIFT,head_only,per_sample_finetune,per_sample_auroc,0.5625,0.6042,0.8333,24,,42,2026-08-24T13:36:08
diversemix,TSB-U-DRIFT_004_SEG_18380_105_WSD_id_77_WebService_tr_,U,DRIFT,full_net,per_sample_finetune,per_sample_auroc,0.5764,0.6515,1.0,24,,42,2026-08-24T13:36:10
outlier_exposure,TSB-U-DRIFT_006_SEG_18236_067_WSD_id_39_WebService_tr_,U,DRIFT,head_only,per_sample_finetune,per_sample_auroc,0.0612,0.3526,1.0,14,,42,2026-08-24T13:37:41
outlier_exposure,TSB-U-DRIFT_006_SEG_18236_067_WSD_id_39_WebService_tr_,U,DRIFT,full_net,per_sample_finetune,per_sample_auroc,0.5102,0.7009,1.0,14,,42,2026-08-24T13:37:47
divoe,TSB-U-DRIFT_006_SEG_18236_067_WSD_id_39_WebService_tr_,U,DRIFT,head_only,per_sample_finetune,per_sample_auroc,0.0612,0.3526,1.0,14,,42,2026-08-24T13:38:07
divoe,TSB-U-DRIFT_006_SEG_18236_067_WSD_id_39_WebService_tr_,U,DRIFT,full_net,per_sample_finetune,per_sample_auroc,0.4694,0.6351,1.0,14,,42,2026-08-24T13:38:34
diversemix,TSB-U-DRIFT_006_SEG_18236_067_WSD_id_39_WebService_tr_,U,DRIFT,head_only,per_sample_finetune,per_sample_auroc,0.9796,0.9821,0.1429,14,,42,2026-08-24T13:39:16
diversemix,TSB-U-DRIFT_006_SEG_18236_067_WSD_id_39_WebService_tr_,U,DRIFT,full_net,per_sample_finetune,per_sample_auroc,0.6122,0.5781,0.7143,14,,42,2026-08-24T13:39:28
outlier_exposure,TSB-U-DRIFT_007_SEG_18391_054_WSD_id_26_WebService_tr_,U,DRIFT,head_only,per_sample_finetune,per_sample_auroc,0.4082,0.5081,1.0,14,,42,2026-08-24T13:40:14
outlier_exposure,TSB-U-DRIFT_007_SEG_18391_054_WSD_id_26_WebService_tr_,U,DRIFT,full_net,per_sample_finetune,per_sample_auroc,0.551,0.6457,1.0,14,,42,2026-08-24T13:40:16
divoe,TSB-U-DRIFT_007_SEG_18391_054_WSD_id_26_WebService_tr_,U,DRIFT,head_only,per_sample_finetune,per_sample_auroc,0.4082,0.5081,1.0,14,,42,2026-08-24T13:40:22
divoe,TSB-U-DRIFT_007_SEG_18391_054_WSD_id_26_WebService_tr_,U,DRIFT,full_net,per_sample_finetune,per_sample_auroc,0.6939,0.8278,1.0,14,,42,2026-08-24T13:40:28
diversemix,TSB-U-DRIFT_007_SEG_18391_054_WSD_id_26_WebService_tr_,U,DRIFT,head_only,per_sample_finetune,per_sample_auroc,0.5918,0.6817,1.0,14,,42,2026-08-24T13:40:40
diversemix,TSB-U-DRIFT_007_SEG_18391_054_WSD_id_26_WebService_tr_,U,DRIFT,full_net,per_sample_finetune,per_sample_auroc,0.5306,0.5467,1.0,14,,42,2026-08-24T13:40:42
outlier_exposure,TSB-U-DRIFT_009_SEG_18236_047_WSD_id_19_WebService_tr_,U,DRIFT,head_only,per_sample_finetune,per_sample_auroc,1.0,1.0,0.0,6,,42,2026-08-24T13:42:14
outlier_exposure,TSB-U-DRIFT_009_SEG_18236_047_WSD_id_19_WebService_tr_,U,DRIFT,full_net,per_sample_finetune,per_sample_auroc,0.7778,0.8056,0.3333,6,,42,2026-08-24T13:42:19
divoe,TSB-U-DRIFT_009_SEG_18236_047_WSD_id_19_WebService_tr_,U,DRIFT,head_only,per_sample_finetune,per_sample_auroc,1.0,1.0,0.0,6,,42,2026-08-24T13:42:46
divoe,TSB-U-DRIFT_009_SEG_18236_047_WSD_id_19_WebService_tr_,U,DRIFT,full_net,per_sample_finetune,per_sample_auroc,0.5556,0.7,0.6667,6,,42,2026-08-24T13:43:24
diversemix,TSB-U-DRIFT_009_SEG_18236_047_WSD_id_19_WebService_tr_,U,DRIFT,head_only,per_sample_finetune,per_sample_auroc,0.2222,0.4444,1.0,6,,42,2026-08-24T13:44:24
diversemix,TSB-U-DRIFT_009_SEG_18236_047_WSD_id_19_WebService_tr_,U,DRIFT,full_net,per_sample_finetune,per_sample_auroc,0.5556,0.7222,1.0,6,,42,2026-08-24T13:44:34
outlier_exposure,TSB-U-DRIFT_010_SEG_12000_521_UCR_id_219_Facility_tr_3,U,DRIFT,head_only,per_sample_finetune,per_sample_auroc,0.1446,0.3422,0.9677,62,,42,2026-08-24T13:45:54
outlier_exposure,TSB-U-DRIFT_010_SEG_12000_521_UCR_id_219_Facility_tr_3,U,DRIFT,full_net,per_sample_finetune,per_sample_auroc,0.7711,0.7302,0.5161,62,,42,2026-08-24T13:46:00
divoe,TSB-U-DRIFT_010_SEG_12000_521_UCR_id_219_Facility_tr_3,U,DRIFT,head_only,per_sample_finetune,per_sample_auroc,0.1405,0.3414,0.9677,62,,42,2026-08-24T13:46:24
divoe,TSB-U-DRIFT_010_SEG_12000_521_UCR_id_219_Facility_tr_3,U,DRIFT,full_net,per_sample_finetune,per_sample_auroc,0.7274,0.6288,0.4839,62,,42,2026-08-24T13:46:45
diversemix,TSB-U-DRIFT_010_SEG_12000_521_UCR_id_219_Facility_tr_3,U,DRIFT,head_only,per_sample_finetune,per_sample_auroc,0.9709,0.9579,0.0645,62,,42,2026-08-24T13:47:16
diversemix,TSB-U-DRIFT_010_SEG_12000_521_UCR_id_219_Facility_tr_3,U,DRIFT,full_net,per_sample_finetune,per_sample_auroc,0.3257,0.4202,0.9355,62,,42,2026-08-24T13:47:21
outlier_exposure,TSB-U-DRIFT_012_SEG_18049_023_NAB_id_23_Facility_tr_45,U,DRIFT,head_only,per_sample_finetune,per_sample_auroc,0.271,0.4132,1.0,148,,42,2026-08-24T13:50:24
outlier_exposure,TSB-U-DRIFT_012_SEG_18049_023_NAB_id_23_Facility_tr_45,U,DRIFT,full_net,per_sample_finetune,per_sample_auroc,0.7865,0.7257,0.473,148,,42,2026-08-24T13:50:33
divoe,TSB-U-DRIFT_012_SEG_18049_023_NAB_id_23_Facility_tr_45,U,DRIFT,head_only,per_sample_finetune,per_sample_auroc,0.2334,0.3962,1.0,148,,42,2026-08-24T13:51:01
divoe,TSB-U-DRIFT_012_SEG_18049_023_NAB_id_23_Facility_tr_45,U,DRIFT,full_net,per_sample_finetune,per_sample_auroc,0.8059,0.7883,0.5676,148,,42,2026-08-24T13:51:40
diversemix,TSB-U-DRIFT_012_SEG_18049_023_NAB_id_23_Facility_tr_45,U,DRIFT,head_only,per_sample_finetune,per_sample_auroc,0.7743,0.8286,0.9189,148,,42,2026-08-24T13:53:03
diversemix,TSB-U-DRIFT_012_SEG_18049_023_NAB_id_23_Facility_tr_45,U,DRIFT,full_net,per_sample_finetune,per_sample_auroc,0.5603,0.6,0.9459,148,,42,2026-08-24T13:53:18
outlier_exposure,TSB-U-DRIFT_013_SEG_4031_022_NAB_id_22_Facility_tr_100,U,DRIFT,head_only,per_sample_finetune,per_sample_auroc,0.3622,0.5255,0.9286,28,,42,2026-08-24T13:54:18
outlier_exposure,TSB-U-DRIFT_013_SEG_4031_022_NAB_id_22_Facility_tr_100,U,DRIFT,full_net,per_sample_finetune,per_sample_auroc,0.8673,0.8842,0.5,28,,42,2026-08-24T13:54:20
divoe,TSB-U-DRIFT_013_SEG_4031_022_NAB_id_22_Facility_tr_100,U,DRIFT,head_only,per_sample_finetune,per_sample_auroc,0.3571,0.524,0.9286,28,,42,2026-08-24T13:54:24
divoe,TSB-U-DRIFT_013_SEG_4031_022_NAB_id_22_Facility_tr_100,U,DRIFT,full_net,per_sample_finetune,per_sample_auroc,0.7959,0.8458,0.5714,28,,42,2026-08-24T13:54:35
diversemix,TSB-U-DRIFT_013_SEG_4031_022_NAB_id_22_Facility_tr_100,U,DRIFT,head_only,per_sample_finetune,per_sample_auroc,0.3622,0.513,0.9286,28,,42,2026-08-24T13:54:46
diversemix,TSB-U-DRIFT_013_SEG_4031_022_NAB_id_22_Facility_tr_100,U,DRIFT,full_net,per_sample_finetune,per_sample_auroc,0.6429,0.6242,0.9286,28,,42,2026-08-24T13:54:48
outlier_exposure,TSB-U-DRIFT_014_SEG_18236_050_WSD_id_22_WebService_tr_,U,DRIFT,head_only,per_sample_finetune,per_sample_auroc,0.0,0.3655,1.0,8,,42,2026-08-24T13:56:19
outlier_exposure,TSB-U-DRIFT_014_SEG_18236_050_WSD_id_22_WebService_tr_,U,DRIFT,full_net,per_sample_finetune,per_sample_auroc,0.5,0.5595,0.75,8,,42,2026-08-24T13:56:25
divoe,TSB-U-DRIFT_014_SEG_18236_050_WSD_id_22_WebService_tr_,U,DRIFT,head_only,per_sample_finetune,per_sample_auroc,0.0,0.3655,1.0,8,,42,2026-08-24T13:56:55
divoe,TSB-U-DRIFT_014_SEG_18236_050_WSD_id_22_WebService_tr_,U,DRIFT,full_net,per_sample_finetune,per_sample_auroc,0.1875,0.4155,1.0,8,,42,2026-08-24T13:57:30
diversemix,TSB-U-DRIFT_014_SEG_18236_050_WSD_id_22_WebService_tr_,U,DRIFT,head_only,per_sample_finetune,per_sample_auroc,0.875,0.8875,0.25,8,,42,2026-08-24T13:58:29
diversemix,TSB-U-DRIFT_014_SEG_18236_050_WSD_id_22_WebService_tr_,U,DRIFT,full_net,per_sample_finetune,per_sample_auroc,0.625,0.7292,1.0,8,,42,2026-08-24T13:58:41
outlier_exposure,TSB-U-DRIFT_015_SEG_18236_095_WSD_id_67_WebService_tr_,U,DRIFT,head_only,per_sample_finetune,per_sample_auroc,0.5537,0.5152,0.7273,22,,42,2026-08-24T13:59:30
outlier_exposure,TSB-U-DRIFT_015_SEG_18236_095_WSD_id_67_WebService_tr_,U,DRIFT,full_net,per_sample_finetune,per_sample_auroc,0.4628,0.4902,0.9091,22,,42,2026-08-24T13:59:32
divoe,TSB-U-DRIFT_015_SEG_18236_095_WSD_id_67_WebService_tr_,U,DRIFT,head_only,per_sample_finetune,per_sample_auroc,0.5537,0.5152,0.7273,22,,42,2026-08-24T13:59:38
divoe,TSB-U-DRIFT_015_SEG_18236_095_WSD_id_67_WebService_tr_,U,DRIFT,full_net,per_sample_finetune,per_sample_auroc,0.5041,0.5605,0.8182,22,,42,2026-08-24T13:59:46
diversemix,TSB-U-DRIFT_015_SEG_18236_095_WSD_id_67_WebService_tr_,U,DRIFT,head_only,per_sample_finetune,per_sample_auroc,0.9752,0.9777,0.1818,22,,42,2026-08-24T13:59:56
diversemix,TSB-U-DRIFT_015_SEG_18236_095_WSD_id_67_WebService_tr_,U,DRIFT,full_net,per_sample_finetune,per_sample_auroc,0.6446,0.6247,0.8182,22,,42,2026-08-24T13:59:58
outlier_exposure,TSB-U-DRIFT_016_SEG_18236_100_WSD_id_72_WebService_tr_,U,DRIFT,head_only,per_sample_finetune,per_sample_auroc,0.4667,0.495,1.0,30,,42,2026-08-24T14:01:15
outlier_exposure,TSB-U-DRIFT_016_SEG_18236_100_WSD_id_72_WebService_tr_,U,DRIFT,full_net,per_sample_finetune,per_sample_auroc,0.4356,0.4643,0.8667,30,,42,2026-08-24T14:01:20
divoe,TSB-U-DRIFT_016_SEG_18236_100_WSD_id_72_WebService_tr_,U,DRIFT,head_only,per_sample_finetune,per_sample_auroc,0.4267,0.4762,1.0,30,,42,2026-08-24T14:01:40
divoe,TSB-U-DRIFT_016_SEG_18236_100_WSD_id_72_WebService_tr_,U,DRIFT,full_net,per_sample_finetune,per_sample_auroc,0.2622,0.3827,0.9333,30,,42,2026-08-24T14:02:13
diversemix,TSB-U-DRIFT_016_SEG_18236_100_WSD_id_72_WebService_tr_,U,DRIFT,head_only,per_sample_finetune,per_sample_auroc,0.5244,0.496,0.9333,30,,42,2026-08-24T14:02:56
diversemix,TSB-U-DRIFT_016_SEG_18236_100_WSD_id_72_WebService_tr_,U,DRIFT,full_net,per_sample_finetune,per_sample_auroc,0.4578,0.5288,1.0,30,,42,2026-08-24T14:03:03
outlier_exposure,TSB-U-DRIFT_017_SEG_8784_275_IOPS_id_16_WebService_tr_,U,DRIFT,head_only,per_sample_finetune,per_sample_auroc,0.4898,0.6714,1.0,14,,42,2026-08-24T14:03:48
outlier_exposure,TSB-U-DRIFT_017_SEG_8784_275_IOPS_id_16_WebService_tr_,U,DRIFT,full_net,per_sample_finetune,per_sample_auroc,0.2245,0.4053,1.0,14,,42,2026-08-24T14:03:51
divoe,TSB-U-DRIFT_017_SEG_8784_275_IOPS_id_16_WebService_tr_,U,DRIFT,head_only,per_sample_finetune,per_sample_auroc,0.4898,0.6714,1.0,14,,42,2026-08-24T14:03:57
divoe,TSB-U-DRIFT_017_SEG_8784_275_IOPS_id_16_WebService_tr_,U,DRIFT,full_net,per_sample_finetune,per_sample_auroc,0.3265,0.4327,1.0,14,,42,2026-08-24T14:04:06
diversemix,TSB-U-DRIFT_017_SEG_8784_275_IOPS_id_16_WebService_tr_,U,DRIFT,head_only,per_sample_finetune,per_sample_auroc,0.6122,0.7596,1.0,14,,42,2026-08-24T14:04:25
diversemix,TSB-U-DRIFT_017_SEG_8784_275_IOPS_id_16_WebService_tr_,U,DRIFT,full_net,per_sample_finetune,per_sample_auroc,0.7143,0.8516,1.0,14,,42,2026-08-24T14:04:34
outlier_exposure,TSB-U-DRIFT_020_SEG_18193_088_WSD_id_60_WebService_tr_,U,DRIFT,head_only,per_sample_finetune,per_sample_auroc,0.5536,0.6028,0.8235,34,,42,2026-08-24T14:05:58
outlier_exposure,TSB-U-DRIFT_020_SEG_18193_088_WSD_id_60_WebService_tr_,U,DRIFT,full_net,per_sample_finetune,per_sample_auroc,0.7059,0.6456,0.8235,34,,42,2026-08-24T14:06:01
divoe,TSB-U-DRIFT_020_SEG_18193_088_WSD_id_60_WebService_tr_,U,DRIFT,head_only,per_sample_finetune,per_sample_auroc,0.5675,0.6274,0.8235,34,,42,2026-08-24T14:06:18
divoe,TSB-U-DRIFT_020_SEG_18193_088_WSD_id_60_WebService_tr_,U,DRIFT,full_net,per_sample_finetune,per_sample_auroc,0.8962,0.8928,0.5294,34,,42,2026-08-24T14:06:31
diversemix,TSB-U-DRIFT_020_SEG_18193_088_WSD_id_60_WebService_tr_,U,DRIFT,head_only,per_sample_finetune,per_sample_auroc,0.2664,0.382,1.0,34,,42,2026-08-24T14:06:47
diversemix,TSB-U-DRIFT_020_SEG_18193_088_WSD_id_60_WebService_tr_,U,DRIFT,full_net,per_sample_finetune,per_sample_auroc,0.4394,0.472,1.0,34,,42,2026-08-24T14:06:51
outlier_exposure,TSB-U-DRIFT_023_SEG_10744_096_WSD_id_68_WebService_tr_,U,DRIFT,head_only,per_sample_finetune,per_sample_auroc,0.0278,0.3508,1.0,12,,42,2026-08-24T14:07:07
outlier_exposure,TSB-U-DRIFT_023_SEG_10744_096_WSD_id_68_WebService_tr_,U,DRIFT,full_net,per_sample_finetune,per_sample_auroc,0.2778,0.4222,1.0,12,,42,2026-08-24T14:07:08
divoe,TSB-U-DRIFT_023_SEG_10744_096_WSD_id_68_WebService_tr_,U,DRIFT,head_only,per_sample_finetune,per_sample_auroc,0.0278,0.3508,1.0,12,,42,2026-08-24T14:07:12
divoe,TSB-U-DRIFT_023_SEG_10744_096_WSD_id_68_WebService_tr_,U,DRIFT,full_net,per_sample_finetune,per_sample_auroc,0.3056,0.4532,1.0,12,,42,2026-08-24T14:07:17
diversemix,TSB-U-DRIFT_023_SEG_10744_096_WSD_id_68_WebService_tr_,U,DRIFT,head_only,per_sample_finetune,per_sample_auroc,0.9444,0.9583,0.3333,12,,42,2026-08-24T14:07:26
diversemix,TSB-U-DRIFT_023_SEG_10744_096_WSD_id_68_WebService_tr_,U,DRIFT,full_net,per_sample_finetune,per_sample_auroc,0.0556,0.3567,1.0,12,,42,2026-08-24T14:07:27
outlier_exposure,TSB-U-DRIFT_024_SEG_130400_241_SVDB_id_5_Medical_tr_11,U,DRIFT,head_only,per_sample_finetune,per_sample_auroc,0.563,0.5107,0.8727,110,,42,2026-08-24T14:08:28
outlier_exposure,TSB-U-DRIFT_024_SEG_130400_241_SVDB_id_5_Medical_tr_11,U,DRIFT,full_net,per_sample_finetune,per_sample_auroc,0.6331,0.6149,0.8545,110,,42,2026-08-24T14:08:32
divoe,TSB-U-DRIFT_024_SEG_130400_241_SVDB_id_5_Medical_tr_11,U,DRIFT,head_only,per_sample_finetune,per_sample_auroc,0.5336,0.4931,0.8909,110,,42,2026-08-24T14:08:48
divoe,TSB-U-DRIFT_024_SEG_130400_241_SVDB_id_5_Medical_tr_11,U,DRIFT,full_net,per_sample_finetune,per_sample_auroc,0.6869,0.6491,0.6909,110,,42,2026-08-24T14:09:11
diversemix,TSB-U-DRIFT_024_SEG_130400_241_SVDB_id_5_Medical_tr_11,U,DRIFT,head_only,per_sample_finetune,per_sample_auroc,0.4165,0.4857,0.9273,110,,42,2026-08-24T14:09:47
diversemix,TSB-U-DRIFT_024_SEG_130400_241_SVDB_id_5_Medical_tr_11,U,DRIFT,full_net,per_sample_finetune,per_sample_auroc,0.48,0.5315,0.9091,110,,42,2026-08-24T14:09:55
outlier_exposure,TSB-U-DRIFT_031_SEG_15736_116_WSD_id_88_WebService_tr_,U,DRIFT,head_only,per_sample_finetune,per_sample_auroc,0.1983,0.3715,0.9091,22,,42,2026-08-24T14:11:24
outlier_exposure,TSB-U-DRIFT_031_SEG_15736_116_WSD_id_88_WebService_tr_,U,DRIFT,full_net,per_sample_finetune,per_sample_auroc,0.6777,0.7638,0.7273,22,,42,2026-08-24T14:11:30
divoe,TSB-U-DRIFT_031_SEG_15736_116_WSD_id_88_WebService_tr_,U,DRIFT,head_only,per_sample_finetune,per_sample_auroc,0.1736,0.3644,0.9091,22,,42,2026-08-24T14:11:55
divoe,TSB-U-DRIFT_031_SEG_15736_116_WSD_id_88_WebService_tr_,U,DRIFT,full_net,per_sample_finetune,per_sample_auroc,0.7273,0.6759,0.7273,22,,42,2026-08-24T14:12:22
diversemix,TSB-U-DRIFT_031_SEG_15736_116_WSD_id_88_WebService_tr_,U,DRIFT,head_only,per_sample_finetune,per_sample_auroc,0.686,0.6152,0.5455,22,,42,2026-08-24T14:13:05
diversemix,TSB-U-DRIFT_031_SEG_15736_116_WSD_id_88_WebService_tr_,U,DRIFT,full_net,per_sample_finetune,per_sample_auroc,0.2645,0.4009,1.0,22,,42,2026-08-24T14:13:14
outlier_exposure,TSB-U-DRIFT_032_SEG_15000_073_WSD_id_45_WebService_tr_,U,DRIFT,head_only,per_sample_finetune,per_sample_auroc,0.6049,0.6014,0.4444,18,,42,2026-08-24T14:13:56
outlier_exposure,TSB-U-DRIFT_032_SEG_15000_073_WSD_id_45_WebService_tr_,U,DRIFT,full_net,per_sample_finetune,per_sample_auroc,0.2222,0.3874,1.0,18,,42,2026-08-24T14:13:59
divoe,TSB-U-DRIFT_032_SEG_15000_073_WSD_id_45_WebService_tr_,U,DRIFT,head_only,per_sample_finetune,per_sample_auroc,0.5926,0.5959,0.5556,18,,42,2026-08-24T14:14:06
divoe,TSB-U-DRIFT_032_SEG_15000_073_WSD_id_45_WebService_tr_,U,DRIFT,full_net,per_sample_finetune,per_sample_auroc,0.321,0.4272,1.0,18,,42,2026-08-24T14:14:18
diversemix,TSB-U-DRIFT_032_SEG_15000_073_WSD_id_45_WebService_tr_,U,DRIFT,head_only,per_sample_finetune,per_sample_auroc,0.4568,0.5966,0.8889,18,,42,2026-08-24T14:14:36
diversemix,TSB-U-DRIFT_032_SEG_15000_073_WSD_id_45_WebService_tr_,U,DRIFT,full_net,per_sample_finetune,per_sample_auroc,0.5309,0.5292,0.7778,18,,42,2026-08-24T14:14:38
outlier_exposure,TSB-U-DRIFT_033_SEG_13237_094_WSD_id_66_WebService_tr_,U,DRIFT,head_only,per_sample_finetune,per_sample_auroc,0.3827,0.4538,0.8889,18,,42,2026-08-24T14:15:06
outlier_exposure,TSB-U-DRIFT_033_SEG_13237_094_WSD_id_66_WebService_tr_,U,DRIFT,full_net,per_sample_finetune,per_sample_auroc,0.5185,0.5401,0.8889,18,,42,2026-08-24T14:15:08
divoe,TSB-U-DRIFT_033_SEG_13237_094_WSD_id_66_WebService_tr_,U,DRIFT,head_only,per_sample_finetune,per_sample_auroc,0.3704,0.4458,0.8889,18,,42,2026-08-24T14:15:17
divoe,TSB-U-DRIFT_033_SEG_13237_094_WSD_id_66_WebService_tr_,U,DRIFT,full_net,per_sample_finetune,per_sample_auroc,0.2593,0.4048,1.0,18,,42,2026-08-24T14:15:37
diversemix,TSB-U-DRIFT_033_SEG_13237_094_WSD_id_66_WebService_tr_,U,DRIFT,head_only,per_sample_finetune,per_sample_auroc,0.2963,0.4571,1.0,18,,42,2026-08-24T14:15:55
diversemix,TSB-U-DRIFT_033_SEG_13237_094_WSD_id_66_WebService_tr_,U,DRIFT,full_net,per_sample_finetune,per_sample_auroc,0.2963,0.4085,1.0,18,,42,2026-08-24T14:15:59
outlier_exposure,TSB-U-DRIFT_035_SEG_18391_054_WSD_id_26_WebService_tr_,U,DRIFT,head_only,per_sample_finetune,per_sample_auroc,0.4028,0.4524,1.0,24,,42,2026-08-24T14:16:30
outlier_exposure,TSB-U-DRIFT_035_SEG_18391_054_WSD_id_26_WebService_tr_,U,DRIFT,full_net,per_sample_finetune,per_sample_auroc,0.4514,0.5183,1.0,24,,42,2026-08-24T14:16:32
divoe,TSB-U-DRIFT_035_SEG_18391_054_WSD_id_26_WebService_tr_,U,DRIFT,head_only,per_sample_finetune,per_sample_auroc,0.4028,0.4524,1.0,24,,42,2026-08-24T14:16:41
divoe,TSB-U-DRIFT_035_SEG_18391_054_WSD_id_26_WebService_tr_,U,DRIFT,full_net,per_sample_finetune,per_sample_auroc,0.4097,0.5596,1.0,24,,42,2026-08-24T14:16:47
diversemix,TSB-U-DRIFT_035_SEG_18391_054_WSD_id_26_WebService_tr_,U,DRIFT,head_only,per_sample_finetune,per_sample_auroc,0.4931,0.5304,0.75,24,,42,2026-08-24T14:16:55
diversemix,TSB-U-DRIFT_035_SEG_18391_054_WSD_id_26_WebService_tr_,U,DRIFT,full_net,per_sample_finetune,per_sample_auroc,0.2153,0.3784,1.0,24,,42,2026-08-24T14:16:57
outlier_exposure,TSB-U-DRIFT_036_SEG_17189_049_WSD_id_21_WebService_tr_,U,DRIFT,head_only,per_sample_finetune,per_sample_auroc,0.2222,0.4011,1.0,12,,42,2026-08-24T14:17:31
outlier_exposure,TSB-U-DRIFT_036_SEG_17189_049_WSD_id_21_WebService_tr_,U,DRIFT,full_net,per_sample_finetune,per_sample_auroc,0.6111,0.6098,0.8333,12,,42,2026-08-24T14:17:35
divoe,TSB-U-DRIFT_036_SEG_17189_049_WSD_id_21_WebService_tr_,U,DRIFT,head_only,per_sample_finetune,per_sample_auroc,0.25,0.4103,1.0,12,,42,2026-08-24T14:17:48
divoe,TSB-U-DRIFT_036_SEG_17189_049_WSD_id_21_WebService_tr_,U,DRIFT,full_net,per_sample_finetune,per_sample_auroc,0.5,0.6667,1.0,12,,42,2026-08-24T14:18:08
diversemix,TSB-U-DRIFT_036_SEG_17189_049_WSD_id_21_WebService_tr_,U,DRIFT,head_only,per_sample_finetune,per_sample_auroc,0.7778,0.7579,0.3333,12,,42,2026-08-24T14:18:45
diversemix,TSB-U-DRIFT_036_SEG_17189_049_WSD_id_21_WebService_tr_,U,DRIFT,full_net,per_sample_finetune,per_sample_auroc,0.8056,0.8631,0.8333,12,,42,2026-08-24T14:18:50
outlier_exposure,TSB-U-DRIFT_037_SEG_22700_191_SMD_id_14_Facility_tr_45,U,DRIFT,head_only,per_sample_finetune,per_sample_auroc,0.4153,0.4354,0.8636,44,,42,2026-08-24T14:19:37
outlier_exposure,TSB-U-DRIFT_037_SEG_22700_191_SMD_id_14_Facility_tr_45,U,DRIFT,full_net,per_sample_finetune,per_sample_auroc,0.7996,0.832,0.8182,44,,42,2026-08-24T14:19:40
divoe,TSB-U-DRIFT_037_SEG_22700_191_SMD_id_14_Facility_tr_45,U,DRIFT,head_only,per_sample_finetune,per_sample_auroc,0.4174,0.4365,0.8636,44,,42,2026-08-24T14:19:51
divoe,TSB-U-DRIFT_037_SEG_22700_191_SMD_id_14_Facility_tr_45,U,DRIFT,full_net,per_sample_finetune,per_sample_auroc,0.8554,0.8804,0.7273,44,,42,2026-08-24T14:20:03
diversemix,TSB-U-DRIFT_037_SEG_22700_191_SMD_id_14_Facility_tr_45,U,DRIFT,head_only,per_sample_finetune,per_sample_auroc,0.7872,0.7523,0.6364,44,,42,2026-08-24T14:20:27
diversemix,TSB-U-DRIFT_037_SEG_22700_191_SMD_id_14_Facility_tr_45,U,DRIFT,full_net,per_sample_finetune,per_sample_auroc,0.345,0.4226,0.8636,44,,42,2026-08-24T14:20:31
outlier_exposure,TSB-U-DRIFT_041_SEG_15736_111_WSD_id_83_WebService_tr_,U,DRIFT,head_only,per_sample_finetune,per_sample_auroc,0.7778,0.8667,0.6667,6,,42,2026-08-24T14:21:22
outlier_exposure,TSB-U-DRIFT_041_SEG_15736_111_WSD_id_83_WebService_tr_,U,DRIFT,full_net,per_sample_finetune,per_sample_auroc,0.6667,0.7556,0.6667,6,,42,2026-08-24T14:21:30
divoe,TSB-U-DRIFT_041_SEG_15736_111_WSD_id_83_WebService_tr_,U,DRIFT,head_only,per_sample_finetune,per_sample_auroc,0.7778,0.8667,0.6667,6,,42,2026-08-24T14:21:43
divoe,TSB-U-DRIFT_041_SEG_15736_111_WSD_id_83_WebService_tr_,U,DRIFT,full_net,per_sample_finetune,per_sample_auroc,0.6667,0.6389,0.3333,6,,42,2026-08-24T14:22:03
diversemix,TSB-U-DRIFT_041_SEG_15736_111_WSD_id_83_WebService_tr_,U,DRIFT,head_only,per_sample_finetune,per_sample_auroc,0.4444,0.6667,1.0,6,,42,2026-08-24T14:22:30
diversemix,TSB-U-DRIFT_041_SEG_15736_111_WSD_id_83_WebService_tr_,U,DRIFT,full_net,per_sample_finetune,per_sample_auroc,0.0,0.3833,1.0,6,,42,2026-08-24T14:22:35
outlier_exposure,TSB-U-DRIFT_042_SEG_18236_029_WSD_id_1_WebService_tr_4,U,DRIFT,head_only,per_sample_finetune,per_sample_auroc,0.963,0.9627,0.1111,18,,42,2026-08-24T14:23:39
outlier_exposure,TSB-U-DRIFT_042_SEG_18236_029_WSD_id_1_WebService_tr_4,U,DRIFT,full_net,per_sample_finetune,per_sample_auroc,0.5432,0.647,0.8889,18,,42,2026-08-24T14:23:45
divoe,TSB-U-DRIFT_042_SEG_18236_029_WSD_id_1_WebService_tr_4,U,DRIFT,head_only,per_sample_finetune,per_sample_auroc,0.9259,0.9361,0.3333,18,,42,2026-08-24T14:24:02
divoe,TSB-U-DRIFT_042_SEG_18236_029_WSD_id_1_WebService_tr_4,U,DRIFT,full_net,per_sample_finetune,per_sample_auroc,0.5802,0.6213,0.8889,18,,42,2026-08-24T14:24:28
diversemix,TSB-U-DRIFT_042_SEG_18236_029_WSD_id_1_WebService_tr_4,U,DRIFT,head_only,per_sample_finetune,per_sample_auroc,0.0617,0.345,1.0,18,,42,2026-08-24T14:25:11
diversemix,TSB-U-DRIFT_042_SEG_18236_029_WSD_id_1_WebService_tr_4,U,DRIFT,full_net,per_sample_finetune,per_sample_auroc,0.7284,0.7769,1.0,18,,42,2026-08-24T14:25:18
outlier_exposure,TSB-U-DRIFT_045_SEG_18236_062_WSD_id_34_WebService_tr_,U,DRIFT,head_only,per_sample_finetune,per_sample_auroc,0.5606,0.5384,1.0,34,,42,2026-08-24T14:26:08
outlier_exposure,TSB-U-DRIFT_045_SEG_18236_062_WSD_id_34_WebService_tr_,U,DRIFT,full_net,per_sample_finetune,per_sample_auroc,0.4187,0.4881,0.8824,34,,42,2026-08-24T14:26:10
divoe,TSB-U-DRIFT_045_SEG_18236_062_WSD_id_34_WebService_tr_,U,DRIFT,head_only,per_sample_finetune,per_sample_auroc,0.5536,0.5299,1.0,34,,42,2026-08-24T14:26:18
divoe,TSB-U-DRIFT_045_SEG_18236_062_WSD_id_34_WebService_tr_,U,DRIFT,full_net,per_sample_finetune,per_sample_auroc,0.5467,0.5924,0.9412,34,,42,2026-08-24T14:26:30
diversemix,TSB-U-DRIFT_045_SEG_18236_062_WSD_id_34_WebService_tr_,U,DRIFT,head_only,per_sample_finetune,per_sample_auroc,0.2941,0.4374,1.0,34,,42,2026-08-24T14:26:45
diversemix,TSB-U-DRIFT_045_SEG_18236_062_WSD_id_34_WebService_tr_,U,DRIFT,full_net,per_sample_finetune,per_sample_auroc,0.6678,0.6117,0.7647,34,,42,2026-08-24T14:26:48
outlier_exposure,TSB-U-DRIFT_048_SEG_65000_314_UCR_id_12_HumanActivity_,U,DRIFT,head_only,per_sample_finetune,per_sample_auroc,0.4858,0.6208,1.0,46,,42,2026-08-24T14:29:47
outlier_exposure,TSB-U-DRIFT_048_SEG_65000_314_UCR_id_12_HumanActivity_,U,DRIFT,full_net,per_sample_finetune,per_sample_auroc,0.4253,0.4983,1.0,46,,42,2026-08-24T14:30:03
divoe,TSB-U-DRIFT_048_SEG_65000_314_UCR_id_12_HumanActivity_,U,DRIFT,head_only,per_sample_finetune,per_sample_auroc,0.518,0.6372,1.0,46,,42,2026-08-24T14:30:56
divoe,TSB-U-DRIFT_048_SEG_65000_314_UCR_id_12_HumanActivity_,U,DRIFT,full_net,per_sample_finetune,per_sample_auroc,0.2401,0.3694,1.0,46,,42,2026-08-24T14:32:25
diversemix,TSB-U-DRIFT_048_SEG_65000_314_UCR_id_12_HumanActivity_,U,DRIFT,head_only,per_sample_finetune,per_sample_auroc,0.8129,0.8373,0.5652,46,,42,2026-08-24T14:34:31
diversemix,TSB-U-DRIFT_048_SEG_65000_314_UCR_id_12_HumanActivity_,U,DRIFT,full_net,per_sample_finetune,per_sample_auroc,0.811,0.7976,0.6522,46,,42,2026-08-24T14:34:51
outlier_exposure,TSB-U-DRIFT_049_SEG_18236_122_WSD_id_94_WebService_tr_,U,DRIFT,head_only,per_sample_finetune,per_sample_auroc,0.6074,0.6599,0.878,82,,42,2026-08-24T14:36:35
outlier_exposure,TSB-U-DRIFT_049_SEG_18236_122_WSD_id_94_WebService_tr_,U,DRIFT,full_net,per_sample_finetune,per_sample_auroc,0.5919,0.6562,0.878,82,,42,2026-08-24T14:36:40
divoe,TSB-U-DRIFT_049_SEG_18236_122_WSD_id_94_WebService_tr_,U,DRIFT,head_only,per_sample_finetune,per_sample_auroc,0.6086,0.6571,0.9024,82,,42,2026-08-24T14:36:56
divoe,TSB-U-DRIFT_049_SEG_18236_122_WSD_id_94_WebService_tr_,U,DRIFT,full_net,per_sample_finetune,per_sample_auroc,0.6318,0.7192,0.9512,82,,42,2026-08-24T14:37:56
diversemix,TSB-U-DRIFT_049_SEG_18236_122_WSD_id_94_WebService_tr_,U,DRIFT,head_only,per_sample_finetune,per_sample_auroc,0.5247,0.536,0.8537,82,,42,2026-08-24T14:38:29
diversemix,TSB-U-DRIFT_049_SEG_18236_122_WSD_id_94_WebService_tr_,U,DRIFT,full_net,per_sample_finetune,per_sample_auroc,0.6032,0.6375,0.9024,82,,42,2026-08-24T14:38:34
outlier_exposure,TSB-U-DRIFT_050_SEG_650000_177_MITDB_id_8_Medical_tr_1,U,DRIFT,head_only,per_sample_finetune,per_sample_auroc,0.5323,0.5884,0.9405,168,,42,2026-08-24T14:40:24
outlier_exposure,TSB-U-DRIFT_050_SEG_650000_177_MITDB_id_8_Medical_tr_1,U,DRIFT,full_net,per_sample_finetune,per_sample_auroc,0.5639,0.572,0.9524,168,,42,2026-08-24T14:40:30
divoe,TSB-U-DRIFT_050_SEG_650000_177_MITDB_id_8_Medical_tr_1,U,DRIFT,head_only,per_sample_finetune,per_sample_auroc,0.5106,0.5157,0.9048,168,,42,2026-08-24T14:40:56
divoe,TSB-U-DRIFT_050_SEG_650000_177_MITDB_id_8_Medical_tr_1,U,DRIFT,full_net,per_sample_finetune,per_sample_auroc,0.5339,0.5385,0.9286,168,,42,2026-08-24T14:42:08
diversemix,TSB-U-DRIFT_050_SEG_650000_177_MITDB_id_8_Medical_tr_1,U,DRIFT,head_only,per_sample_finetune,per_sample_auroc,0.4606,0.494,0.9881,168,,42,2026-08-24T14:43:32
diversemix,TSB-U-DRIFT_050_SEG_650000_177_MITDB_id_8_Medical_tr_1,U,DRIFT,full_net,per_sample_finetune,per_sample_auroc,0.431,0.4679,0.9762,168,,42,2026-08-24T14:43:53
outlier_exposure,TSB-U-DRIFT_054_SEG_18084_030_WSD_id_2_WebService_tr_4,U,DRIFT,head_only,per_sample_finetune,per_sample_auroc,0.7333,0.7281,1.0,30,,42,2026-08-24T14:45:12
outlier_exposure,TSB-U-DRIFT_054_SEG_18084_030_WSD_id_2_WebService_tr_4,U,DRIFT,full_net,per_sample_finetune,per_sample_auroc,0.52,0.5022,0.9333,30,,42,2026-08-24T14:45:15
divoe,TSB-U-DRIFT_054_SEG_18084_030_WSD_id_2_WebService_tr_4,U,DRIFT,head_only,per_sample_finetune,per_sample_auroc,0.7289,0.7256,1.0,30,,42,2026-08-24T14:45:24
divoe,TSB-U-DRIFT_054_SEG_18084_030_WSD_id_2_WebService_tr_4,U,DRIFT,full_net,per_sample_finetune,per_sample_auroc,0.5689,0.5696,0.8667,30,,42,2026-08-24T14:45:37
diversemix,TSB-U-DRIFT_054_SEG_18084_030_WSD_id_2_WebService_tr_4,U,DRIFT,head_only,per_sample_finetune,per_sample_auroc,0.3022,0.4444,1.0,30,,42,2026-08-24T14:46:00
diversemix,TSB-U-DRIFT_054_SEG_18084_030_WSD_id_2_WebService_tr_4,U,DRIFT,full_net,per_sample_finetune,per_sample_auroc,0.4889,0.5692,1.0,30,,42,2026-08-24T14:46:03
outlier_exposure,TSB-U-DRIFT_055_SEG_18236_099_WSD_id_71_WebService_tr_,U,DRIFT,head_only,per_sample_finetune,per_sample_auroc,0.5,0.7321,1.0,8,,42,2026-08-24T14:47:29
outlier_exposure,TSB-U-DRIFT_055_SEG_18236_099_WSD_id_71_WebService_tr_,U,DRIFT,full_net,per_sample_finetune,per_sample_auroc,0.1875,0.4125,1.0,8,,42,2026-08-24T14:47:35
divoe,TSB-U-DRIFT_055_SEG_18236_099_WSD_id_71_WebService_tr_,U,DRIFT,head_only,per_sample_finetune,per_sample_auroc,0.625,0.7679,0.75,8,,42,2026-08-24T14:48:00
divoe,TSB-U-DRIFT_055_SEG_18236_099_WSD_id_71_WebService_tr_,U,DRIFT,full_net,per_sample_finetune,per_sample_auroc,0.4375,0.6488,1.0,8,,42,2026-08-24T14:48:28
diversemix,TSB-U-DRIFT_055_SEG_18236_099_WSD_id_71_WebService_tr_,U,DRIFT,head_only,per_sample_finetune,per_sample_auroc,0.875,0.8875,0.25,8,,42,2026-08-24T14:49:12
diversemix,TSB-U-DRIFT_055_SEG_18236_099_WSD_id_71_WebService_tr_,U,DRIFT,full_net,per_sample_finetune,per_sample_auroc,0.875,0.9167,0.5,8,,42,2026-08-24T14:49:21
outlier_exposure,TSB-U-DRIFT_056_SEG_17438_120_WSD_id_92_WebService_tr_,U,DRIFT,head_only,per_sample_finetune,per_sample_auroc,0.5417,0.6395,1.0,24,,42,2026-08-24T14:49:58
outlier_exposure,TSB-U-DRIFT_056_SEG_17438_120_WSD_id_92_WebService_tr_,U,DRIFT,full_net,per_sample_finetune,per_sample_auroc,0.3264,0.4186,1.0,24,,42,2026-08-24T14:50:00
divoe,TSB-U-DRIFT_056_SEG_17438_120_WSD_id_92_WebService_tr_,U,DRIFT,head_only,per_sample_finetune,per_sample_auroc,0.5417,0.6395,1.0,24,,42,2026-08-24T14:50:04
divoe,TSB-U-DRIFT_056_SEG_17438_120_WSD_id_92_WebService_tr_,U,DRIFT,full_net,per_sample_finetune,per_sample_auroc,0.3889,0.4411,1.0,24,,42,2026-08-24T14:50:11
diversemix,TSB-U-DRIFT_056_SEG_17438_120_WSD_id_92_WebService_tr_,U,DRIFT,head_only,per_sample_finetune,per_sample_auroc,0.4583,0.4818,1.0,24,,42,2026-08-24T14:50:19
diversemix,TSB-U-DRIFT_056_SEG_17438_120_WSD_id_92_WebService_tr_,U,DRIFT,full_net,per_sample_finetune,per_sample_auroc,0.2917,0.3976,0.8333,24,,42,2026-08-24T14:50:22
outlier_exposure,TSB-U-DRIFT_059_SEG_18236_052_WSD_id_24_WebService_tr_,U,DRIFT,head_only,per_sample_finetune,per_sample_auroc,0.4444,0.5234,0.8333,12,,42,2026-08-24T14:51:21
outlier_exposure,TSB-U-DRIFT_059_SEG_18236_052_WSD_id_24_WebService_tr_,U,DRIFT,full_net,per_sample_finetune,per_sample_auroc,0.5278,0.5656,1.0,12,,42,2026-08-24T14:51:26
divoe,TSB-U-DRIFT_059_SEG_18236_052_WSD_id_24_WebService_tr_,U,DRIFT,head_only,per_sample_finetune,per_sample_auroc,0.4722,0.5861,0.8333,12,,42,2026-08-24T14:51:43
divoe,TSB-U-DRIFT_059_SEG_18236_052_WSD_id_24_WebService_tr_,U,DRIFT,full_net,per_sample_finetune,per_sample_auroc,0.5833,0.6952,1.0,12,,42,2026-08-24T14:52:11
diversemix,TSB-U-DRIFT_059_SEG_18236_052_WSD_id_24_WebService_tr_,U,DRIFT,head_only,per_sample_finetune,per_sample_auroc,0.8611,0.8556,0.3333,12,,42,2026-08-24T14:52:48
diversemix,TSB-U-DRIFT_059_SEG_18236_052_WSD_id_24_WebService_tr_,U,DRIFT,full_net,per_sample_finetune,per_sample_auroc,0.1667,0.3862,0.8333,12,,42,2026-08-24T14:52:54
outlier_exposure,TSB-U-DRIFT_061_SEG_15736_116_WSD_id_88_WebService_tr_,U,DRIFT,head_only,per_sample_finetune,per_sample_auroc,0.2578,0.3812,0.9333,30,,42,2026-08-24T14:54:57
outlier_exposure,TSB-U-DRIFT_061_SEG_15736_116_WSD_id_88_WebService_tr_,U,DRIFT,full_net,per_sample_finetune,per_sample_auroc,0.4933,0.4886,0.9333,30,,42,2026-08-24T14:55:13
divoe,TSB-U-DRIFT_061_SEG_15736_116_WSD_id_88_WebService_tr_,U,DRIFT,head_only,per_sample_finetune,per_sample_auroc,0.2178,0.3697,1.0,30,,42,2026-08-24T14:55:54
divoe,TSB-U-DRIFT_061_SEG_15736_116_WSD_id_88_WebService_tr_,U,DRIFT,full_net,per_sample_finetune,per_sample_auroc,0.6711,0.6498,0.7333,30,,42,2026-08-24T14:56:58
diversemix,TSB-U-DRIFT_061_SEG_15736_116_WSD_id_88_WebService_tr_,U,DRIFT,head_only,per_sample_finetune,per_sample_auroc,0.7467,0.6753,0.7333,30,,42,2026-08-24T14:58:07
diversemix,TSB-U-DRIFT_061_SEG_15736_116_WSD_id_88_WebService_tr_,U,DRIFT,full_net,per_sample_finetune,per_sample_auroc,0.4222,0.5006,1.0,30,,42,2026-08-24T14:58:18
outlier_exposure,TSB-U-DRIFT_063_SEG_23703_179_SMD_id_2_Facility_tr_592,U,DRIFT,head_only,per_sample_finetune,per_sample_auroc,0.4844,0.5169,1.0,16,,42,2026-08-24T15:00:47
outlier_exposure,TSB-U-DRIFT_063_SEG_23703_179_SMD_id_2_Facility_tr_592,U,DRIFT,full_net,per_sample_finetune,per_sample_auroc,0.6406,0.6545,0.75,16,,42,2026-08-24T15:00:59
divoe,TSB-U-DRIFT_063_SEG_23703_179_SMD_id_2_Facility_tr_592,U,DRIFT,head_only,per_sample_finetune,per_sample_auroc,0.4062,0.4612,1.0,16,,42,2026-08-24T15:01:32
divoe,TSB-U-DRIFT_063_SEG_23703_179_SMD_id_2_Facility_tr_592,U,DRIFT,full_net,per_sample_finetune,per_sample_auroc,0.3906,0.5509,1.0,16,,42,2026-08-24T15:02:09
diversemix,TSB-U-DRIFT_063_SEG_23703_179_SMD_id_2_Facility_tr_592,U,DRIFT,head_only,per_sample_finetune,per_sample_auroc,0.3906,0.4702,1.0,16,,42,2026-08-24T15:03:11
diversemix,TSB-U-DRIFT_063_SEG_23703_179_SMD_id_2_Facility_tr_592,U,DRIFT,full_net,per_sample_finetune,per_sample_auroc,0.25,0.4063,1.0,16,,42,2026-08-24T15:03:25
outlier_exposure,TSB-U-DRIFT_064_SEG_15285_076_WSD_id_48_WebService_tr_,U,DRIFT,head_only,per_sample_finetune,per_sample_auroc,0.284,0.4037,0.9231,26,,42,2026-08-24T15:04:42
outlier_exposure,TSB-U-DRIFT_064_SEG_15285_076_WSD_id_48_WebService_tr_,U,DRIFT,full_net,per_sample_finetune,per_sample_auroc,0.3728,0.4411,0.9231,26,,42,2026-08-24T15:04:51
divoe,TSB-U-DRIFT_064_SEG_15285_076_WSD_id_48_WebService_tr_,U,DRIFT,head_only,per_sample_finetune,per_sample_auroc,0.2663,0.394,0.9231,26,,42,2026-08-24T15:05:04
divoe,TSB-U-DRIFT_064_SEG_15285_076_WSD_id_48_WebService_tr_,U,DRIFT,full_net,per_sample_finetune,per_sample_auroc,0.5503,0.5473,0.8462,26,,42,2026-08-24T15:05:28
diversemix,TSB-U-DRIFT_064_SEG_15285_076_WSD_id_48_WebService_tr_,U,DRIFT,head_only,per_sample_finetune,per_sample_auroc,0.787,0.703,0.6154,26,,42,2026-08-24T15:05:55
diversemix,TSB-U-DRIFT_064_SEG_15285_076_WSD_id_48_WebService_tr_,U,DRIFT,full_net,per_sample_finetune,per_sample_auroc,0.6805,0.6281,0.6923,26,,42,2026-08-24T15:06:00
outlier_exposure,TSB-U-DRIFT_065_SEG_28479_184_SMD_id_7_Facility_tr_711,U,DRIFT,head_only,per_sample_finetune,per_sample_auroc,0.4354,0.4476,0.8909,110,,42,2026-08-24T15:07:56
outlier_exposure,TSB-U-DRIFT_065_SEG_28479_184_SMD_id_7_Facility_tr_711,U,DRIFT,full_net,per_sample_finetune,per_sample_auroc,0.6271,0.638,0.7818,110,,42,2026-08-24T15:08:12
divoe,TSB-U-DRIFT_065_SEG_28479_184_SMD_id_7_Facility_tr_711,U,DRIFT,head_only,per_sample_finetune,per_sample_auroc,0.4258,0.4735,0.9455,110,,42,2026-08-24T15:09:07
divoe,TSB-U-DRIFT_065_SEG_28479_184_SMD_id_7_Facility_tr_711,U,DRIFT,full_net,per_sample_finetune,per_sample_auroc,0.5418,0.5203,0.9273,110,,42,2026-08-24T15:09:55
diversemix,TSB-U-DRIFT_065_SEG_28479_184_SMD_id_7_Facility_tr_711,U,DRIFT,head_only,per_sample_finetune,per_sample_auroc,0.48,0.4621,0.9455,110,,42,2026-08-24T15:10:51
diversemix,TSB-U-DRIFT_065_SEG_28479_184_SMD_id_7_Facility_tr_711,U,DRIFT,full_net,per_sample_finetune,per_sample_auroc,0.5061,0.5118,0.9091,110,,42,2026-08-24T15:11:00
outlier_exposure,TSB-U-DRIFT_066_SEG_650000_173_MITDB_id_4_Medical_tr_1,U,DRIFT,head_only,per_sample_finetune,per_sample_auroc,0.5124,0.5296,0.9385,130,,42,2026-08-24T15:13:08
outlier_exposure,TSB-U-DRIFT_066_SEG_650000_173_MITDB_id_4_Medical_tr_1,U,DRIFT,full_net,per_sample_finetune,per_sample_auroc,0.5714,0.5714,0.7846,130,,42,2026-08-24T15:13:14
divoe,TSB-U-DRIFT_066_SEG_650000_173_MITDB_id_4_Medical_tr_1,U,DRIFT,head_only,per_sample_finetune,per_sample_auroc,0.5067,0.5266,0.9231,130,,42,2026-08-24T15:13:36
divoe,TSB-U-DRIFT_066_SEG_650000_173_MITDB_id_4_Medical_tr_1,U,DRIFT,full_net,per_sample_finetune,per_sample_auroc,0.5657,0.5691,0.9077,130,,42,2026-08-24T15:14:08
diversemix,TSB-U-DRIFT_066_SEG_650000_173_MITDB_id_4_Medical_tr_1,U,DRIFT,head_only,per_sample_finetune,per_sample_auroc,0.6263,0.6332,0.9231,130,,42,2026-08-24T15:15:01
diversemix,TSB-U-DRIFT_066_SEG_650000_173_MITDB_id_4_Medical_tr_1,U,DRIFT,full_net,per_sample_finetune,per_sample_auroc,0.5581,0.5998,0.9692,130,,42,2026-08-24T15:15:09
outlier_exposure,TSB-U-DRIFT_068_SEG_18380_112_WSD_id_84_WebService_tr_,U,DRIFT,head_only,per_sample_finetune,per_sample_auroc,0.2569,0.3875,1.0,24,,42,2026-08-24T15:15:44
outlier_exposure,TSB-U-DRIFT_068_SEG_18380_112_WSD_id_84_WebService_tr_,U,DRIFT,full_net,per_sample_finetune,per_sample_auroc,0.5625,0.585,0.75,24,,42,2026-08-24T15:15:45
divoe,TSB-U-DRIFT_068_SEG_18380_112_WSD_id_84_WebService_tr_,U,DRIFT,head_only,per_sample_finetune,per_sample_auroc,0.2361,0.3804,1.0,24,,42,2026-08-24T15:15:49
divoe,TSB-U-DRIFT_068_SEG_18380_112_WSD_id_84_WebService_tr_,U,DRIFT,full_net,per_sample_finetune,per_sample_auroc,0.5556,0.5912,0.8333,24,,42,2026-08-24T15:15:55
diversemix,TSB-U-DRIFT_068_SEG_18380_112_WSD_id_84_WebService_tr_,U,DRIFT,head_only,per_sample_finetune,per_sample_auroc,0.7222,0.7269,0.75,24,,42,2026-08-24T15:16:06
diversemix,TSB-U-DRIFT_068_SEG_18380_112_WSD_id_84_WebService_tr_,U,DRIFT,full_net,per_sample_finetune,per_sample_auroc,0.1528,0.3581,1.0,24,,42,2026-08-24T15:16:09
outlier_exposure,TSB-U-DRIFT_069_SEG_17186_041_WSD_id_13_WebService_tr_,U,DRIFT,head_only,per_sample_finetune,per_sample_auroc,0.3719,0.4321,1.0,22,,42,2026-08-24T15:16:42
outlier_exposure,TSB-U-DRIFT_069_SEG_17186_041_WSD_id_13_WebService_tr_,U,DRIFT,full_net,per_sample_finetune,per_sample_auroc,0.7107,0.7646,0.7273,22,,42,2026-08-24T15:16:45
divoe,TSB-U-DRIFT_069_SEG_17186_041_WSD_id_13_WebService_tr_,U,DRIFT,head_only,per_sample_finetune,per_sample_auroc,0.3223,0.4107,1.0,22,,42,2026-08-24T15:16:53
divoe,TSB-U-DRIFT_069_SEG_17186_041_WSD_id_13_WebService_tr_,U,DRIFT,full_net,per_sample_finetune,per_sample_auroc,0.5785,0.6173,0.8182,22,,42,2026-08-24T15:17:05
diversemix,TSB-U-DRIFT_069_SEG_17186_041_WSD_id_13_WebService_tr_,U,DRIFT,head_only,per_sample_finetune,per_sample_auroc,0.9504,0.9633,0.4545,22,,42,2026-08-24T15:17:22
diversemix,TSB-U-DRIFT_069_SEG_17186_041_WSD_id_13_WebService_tr_,U,DRIFT,full_net,per_sample_finetune,per_sample_auroc,0.6281,0.5706,0.7273,22,,42,2026-08-24T15:17:25
outlier_exposure,TSB-U-DRIFT_070_SEG_18236_079_WSD_id_51_WebService_tr_,U,DRIFT,head_only,per_sample_finetune,per_sample_auroc,0.31,0.4099,0.9,20,,42,2026-08-24T15:18:35
outlier_exposure,TSB-U-DRIFT_070_SEG_18236_079_WSD_id_51_WebService_tr_,U,DRIFT,full_net,per_sample_finetune,per_sample_auroc,0.83,0.8536,0.5,20,,42,2026-08-24T15:18:40
divoe,TSB-U-DRIFT_070_SEG_18236_079_WSD_id_51_WebService_tr_,U,DRIFT,head_only,per_sample_finetune,per_sample_auroc,0.32,0.4147,1.0,20,,42,2026-08-24T15:19:02
divoe,TSB-U-DRIFT_070_SEG_18236_079_WSD_id_51_WebService_tr_,U,DRIFT,full_net,per_sample_finetune,per_sample_auroc,0.74,0.7085,0.4,20,,42,2026-08-24T15:19:26
diversemix,TSB-U-DRIFT_070_SEG_18236_079_WSD_id_51_WebService_tr_,U,DRIFT,head_only,per_sample_finetune,per_sample_auroc,0.73,0.7887,0.7,20,,42,2026-08-24T15:20:06
diversemix,TSB-U-DRIFT_070_SEG_18236_079_WSD_id_51_WebService_tr_,U,DRIFT,full_net,per_sample_finetune,per_sample_auroc,0.77,0.7371,0.4,20,,42,2026-08-24T15:20:13
outlier_exposure,TSB-U-DRIFT_073_SEG_15285_076_WSD_id_48_WebService_tr_,U,DRIFT,head_only,per_sample_finetune,per_sample_auroc,0.1224,0.367,1.0,14,,42,2026-08-24T15:21:04
outlier_exposure,TSB-U-DRIFT_073_SEG_15285_076_WSD_id_48_WebService_tr_,U,DRIFT,full_net,per_sample_finetune,per_sample_auroc,0.4082,0.462,1.0,14,,42,2026-08-24T15:21:09
divoe,TSB-U-DRIFT_073_SEG_15285_076_WSD_id_48_WebService_tr_,U,DRIFT,head_only,per_sample_finetune,per_sample_auroc,0.1837,0.3833,1.0,14,,42,2026-08-24T15:21:23
divoe,TSB-U-DRIFT_073_SEG_15285_076_WSD_id_48_WebService_tr_,U,DRIFT,full_net,per_sample_finetune,per_sample_auroc,0.5102,0.5138,1.0,14,,42,2026-08-24T15:21:42
diversemix,TSB-U-DRIFT_073_SEG_15285_076_WSD_id_48_WebService_tr_,U,DRIFT,head_only,per_sample_finetune,per_sample_auroc,0.7347,0.6806,0.7143,14,,42,2026-08-24T15:22:09
diversemix,TSB-U-DRIFT_073_SEG_15285_076_WSD_id_48_WebService_tr_,U,DRIFT,full_net,per_sample_finetune,per_sample_auroc,0.5918,0.5757,0.5714,14,,42,2026-08-24T15:22:13
outlier_exposure,TSB-U-DRIFT_074_SEG_230400_251_SVDB_id_15_Medical_tr_5,U,DRIFT,head_only,per_sample_finetune,per_sample_auroc,0.4098,0.4922,1.0,52,,42,2026-08-24T15:23:03
outlier_exposure,TSB-U-DRIFT_074_SEG_230400_251_SVDB_id_15_Medical_tr_5,U,DRIFT,full_net,per_sample_finetune,per_sample_auroc,0.6494,0.6932,0.9615,52,,42,2026-08-24T15:23:05
divoe,TSB-U-DRIFT_074_SEG_230400_251_SVDB_id_15_Medical_tr_5,U,DRIFT,head_only,per_sample_finetune,per_sample_auroc,0.4009,0.4775,1.0,52,,42,2026-08-24T15:23:15
divoe,TSB-U-DRIFT_074_SEG_230400_251_SVDB_id_15_Medical_tr_5,U,DRIFT,full_net,per_sample_finetune,per_sample_auroc,0.6287,0.6916,0.9615,52,,42,2026-08-24T15:23:29
diversemix,TSB-U-DRIFT_074_SEG_230400_251_SVDB_id_15_Medical_tr_5,U,DRIFT,head_only,per_sample_finetune,per_sample_auroc,0.6775,0.7425,0.8846,52,,42,2026-08-24T15:23:46
diversemix,TSB-U-DRIFT_074_SEG_230400_251_SVDB_id_15_Medical_tr_5,U,DRIFT,full_net,per_sample_finetune,per_sample_auroc,0.358,0.4352,0.9231,52,,42,2026-08-24T15:23:49
outlier_exposure,TSB-U-DRIFT_075_SEG_22700_191_SMD_id_14_Facility_tr_45,U,DRIFT,head_only,per_sample_finetune,per_sample_auroc,0.5469,0.5123,0.625,32,,42,2026-08-24T15:24:21
outlier_exposure,TSB-U-DRIFT_075_SEG_22700_191_SMD_id_14_Facility_tr_45,U,DRIFT,full_net,per_sample_finetune,per_sample_auroc,0.7227,0.7716,1.0,32,,42,2026-08-24T15:24:23
divoe,TSB-U-DRIFT_075_SEG_22700_191_SMD_id_14_Facility_tr_45,U,DRIFT,head_only,per_sample_finetune,per_sample_auroc,0.5508,0.5132,0.625,32,,42,2026-08-24T15:24:31
divoe,TSB-U-DRIFT_075_SEG_22700_191_SMD_id_14_Facility_tr_45,U,DRIFT,full_net,per_sample_finetune,per_sample_auroc,0.7109,0.7924,1.0,32,,42,2026-08-24T15:24:43
diversemix,TSB-U-DRIFT_075_SEG_22700_191_SMD_id_14_Facility_tr_45,U,DRIFT,head_only,per_sample_finetune,per_sample_auroc,0.6602,0.6407,0.8125,32,,42,2026-08-24T15:25:00
diversemix,TSB-U-DRIFT_075_SEG_22700_191_SMD_id_14_Facility_tr_45,U,DRIFT,full_net,per_sample_finetune,per_sample_auroc,0.4609,0.509,1.0,32,,42,2026-08-24T15:25:03
outlier_exposure,TSB-U-DRIFT_076_SEG_18242_113_WSD_id_85_WebService_tr_,U,DRIFT,head_only,per_sample_finetune,per_sample_auroc,1.0,1.0,0.0,4,,42,2026-08-24T15:25:22
outlier_exposure,TSB-U-DRIFT_076_SEG_18242_113_WSD_id_85_WebService_tr_,U,DRIFT,full_net,per_sample_finetune,per_sample_auroc,0.5,0.5833,0.5,4,,42,2026-08-24T15:25:23
divoe,TSB-U-DRIFT_076_SEG_18242_113_WSD_id_85_WebService_tr_,U,DRIFT,head_only,per_sample_finetune,per_sample_auroc,1.0,1.0,0.0,4,,42,2026-08-24T15:25:28
divoe,TSB-U-DRIFT_076_SEG_18242_113_WSD_id_85_WebService_tr_,U,DRIFT,full_net,per_sample_finetune,per_sample_auroc,0.5,0.5833,0.5,4,,42,2026-08-24T15:25:34
diversemix,TSB-U-DRIFT_076_SEG_18242_113_WSD_id_85_WebService_tr_,U,DRIFT,head_only,per_sample_finetune,per_sample_auroc,0.5,0.5833,0.5,4,,42,2026-08-24T15:25:42
diversemix,TSB-U-DRIFT_076_SEG_18242_113_WSD_id_85_WebService_tr_,U,DRIFT,full_net,per_sample_finetune,per_sample_auroc,0.75,0.8333,0.5,4,,42,2026-08-24T15:25:43
outlier_exposure,TSB-U-DRIFT_078_SEG_10744_096_WSD_id_68_WebService_tr_,U,DRIFT,head_only,per_sample_finetune,per_sample_auroc,0.1224,0.3949,1.0,14,,42,2026-08-24T15:25:52
outlier_exposure,TSB-U-DRIFT_078_SEG_10744_096_WSD_id_68_WebService_tr_,U,DRIFT,full_net,per_sample_finetune,per_sample_auroc,0.1633,0.3789,1.0,14,,42,2026-08-24T15:25:54
divoe,TSB-U-DRIFT_078_SEG_10744_096_WSD_id_68_WebService_tr_,U,DRIFT,head_only,per_sample_finetune,per_sample_auroc,0.1224,0.3949,1.0,14,,42,2026-08-24T15:25:57
divoe,TSB-U-DRIFT_078_SEG_10744_096_WSD_id_68_WebService_tr_,U,DRIFT,full_net,per_sample_finetune,per_sample_auroc,0.2653,0.5107,1.0,14,,42,2026-08-24T15:26:03
diversemix,TSB-U-DRIFT_078_SEG_10744_096_WSD_id_68_WebService_tr_,U,DRIFT,head_only,per_sample_finetune,per_sample_auroc,0.449,0.6397,1.0,14,,42,2026-08-24T15:26:10
diversemix,TSB-U-DRIFT_078_SEG_10744_096_WSD_id_68_WebService_tr_,U,DRIFT,full_net,per_sample_finetune,per_sample_auroc,0.2041,0.3895,1.0,14,,42,2026-08-24T15:26:11
outlier_exposure,TSB-U-DRIFT_083_SEG_17794_129_WSD_id_101_WebService_tr,U,DRIFT,head_only,per_sample_finetune,per_sample_auroc,0.8047,0.7933,0.3077,26,,42,2026-08-24T15:27:06
outlier_exposure,TSB-U-DRIFT_083_SEG_17794_129_WSD_id_101_WebService_tr,U,DRIFT,full_net,per_sample_finetune,per_sample_auroc,0.7811,0.7425,0.6923,26,,42,2026-08-24T15:27:11
divoe,TSB-U-DRIFT_083_SEG_17794_129_WSD_id_101_WebService_tr,U,DRIFT,head_only,per_sample_finetune,per_sample_auroc,0.8107,0.798,0.3077,26,,42,2026-08-24T15:27:27
divoe,TSB-U-DRIFT_083_SEG_17794_129_WSD_id_101_WebService_tr,U,DRIFT,full_net,per_sample_finetune,per_sample_auroc,0.787,0.7838,0.8462,26,,42,2026-08-24T15:27:43
diversemix,TSB-U-DRIFT_083_SEG_17794_129_WSD_id_101_WebService_tr,U,DRIFT,head_only,per_sample_finetune,per_sample_auroc,0.3373,0.413,1.0,26,,42,2026-08-24T15:28:21
diversemix,TSB-U-DRIFT_083_SEG_17794_129_WSD_id_101_WebService_tr,U,DRIFT,full_net,per_sample_finetune,per_sample_auroc,0.1598,0.3578,1.0,26,,42,2026-08-24T15:28:28
outlier_exposure,TSB-U-DRIFT_084_SEG_20000_208_SMD_id_31_Facility_tr_50,U,DRIFT,head_only,per_sample_finetune,per_sample_auroc,0.4626,0.537,1.0,142,,42,2026-08-24T15:30:00
outlier_exposure,TSB-U-DRIFT_084_SEG_20000_208_SMD_id_31_Facility_tr_50,U,DRIFT,full_net,per_sample_finetune,per_sample_auroc,0.6118,0.5735,0.9296,142,,42,2026-08-24T15:30:07
divoe,TSB-U-DRIFT_084_SEG_20000_208_SMD_id_31_Facility_tr_50,U,DRIFT,head_only,per_sample_finetune,per_sample_auroc,0.4261,0.5128,1.0,142,,42,2026-08-24T15:30:30
divoe,TSB-U-DRIFT_084_SEG_20000_208_SMD_id_31_Facility_tr_50,U,DRIFT,full_net,per_sample_finetune,per_sample_auroc,0.5779,0.6038,0.9859,142,,42,2026-08-24T15:31:03
diversemix,TSB-U-DRIFT_084_SEG_20000_208_SMD_id_31_Facility_tr_50,U,DRIFT,head_only,per_sample_finetune,per_sample_auroc,0.7141,0.6759,0.7183,142,,42,2026-08-24T15:31:53
diversemix,TSB-U-DRIFT_084_SEG_20000_208_SMD_id_31_Facility_tr_50,U,DRIFT,full_net,per_sample_finetune,per_sample_auroc,0.5312,0.5209,0.9014,142,,42,2026-08-24T15:32:02
outlier_exposure,TSB-U-DRIFT_085_SEG_18242_113_WSD_id_85_WebService_tr_,U,DRIFT,head_only,per_sample_finetune,per_sample_auroc,0.5,0.75,1.0,4,,42,2026-08-24T15:32:35
outlier_exposure,TSB-U-DRIFT_085_SEG_18242_113_WSD_id_85_WebService_tr_,U,DRIFT,full_net,per_sample_finetune,per_sample_auroc,0.25,0.5,1.0,4,,42,2026-08-24T15:32:36
divoe,TSB-U-DRIFT_085_SEG_18242_113_WSD_id_85_WebService_tr_,U,DRIFT,head_only,per_sample_finetune,per_sample_auroc,0.5,0.75,1.0,4,,42,2026-08-24T15:32:41
divoe,TSB-U-DRIFT_085_SEG_18242_113_WSD_id_85_WebService_tr_,U,DRIFT,full_net,per_sample_finetune,per_sample_auroc,0.25,0.5,1.0,4,,42,2026-08-24T15:32:50
diversemix,TSB-U-DRIFT_085_SEG_18242_113_WSD_id_85_WebService_tr_,U,DRIFT,head_only,per_sample_finetune,per_sample_auroc,0.0,0.4167,1.0,4,,42,2026-08-24T15:32:58
diversemix,TSB-U-DRIFT_085_SEG_18242_113_WSD_id_85_WebService_tr_,U,DRIFT,full_net,per_sample_finetune,per_sample_auroc,1.0,1.0,0.0,4,,42,2026-08-24T15:32:59
outlier_exposure,TSB-U-DRIFT_086_SEG_18219_039_WSD_id_11_WebService_tr_,U,DRIFT,head_only,per_sample_finetune,per_sample_auroc,0.2099,0.3807,0.8889,18,,42,2026-08-24T15:33:20
outlier_exposure,TSB-U-DRIFT_086_SEG_18219_039_WSD_id_11_WebService_tr_,U,DRIFT,full_net,per_sample_finetune,per_sample_auroc,0.4568,0.4756,0.8889,18,,42,2026-08-24T15:33:21
divoe,TSB-U-DRIFT_086_SEG_18219_039_WSD_id_11_WebService_tr_,U,DRIFT,head_only,per_sample_finetune,per_sample_auroc,0.2099,0.3807,0.8889,18,,42,2026-08-24T15:33:25
divoe,TSB-U-DRIFT_086_SEG_18219_039_WSD_id_11_WebService_tr_,U,DRIFT,full_net,per_sample_finetune,per_sample_auroc,0.3951,0.4485,0.8889,18,,42,2026-08-24T15:33:31
diversemix,TSB-U-DRIFT_086_SEG_18219_039_WSD_id_11_WebService_tr_,U,DRIFT,head_only,per_sample_finetune,per_sample_auroc,0.7407,0.6693,0.4444,18,,42,2026-08-24T15:33:40
diversemix,TSB-U-DRIFT_086_SEG_18219_039_WSD_id_11_WebService_tr_,U,DRIFT,full_net,per_sample_finetune,per_sample_auroc,0.9136,0.9514,0.7778,18,,42,2026-08-24T15:33:42
outlier_exposure,TSB-U-DRIFT_088_SEG_70001_388_UCR_id_86_Facility_tr_17,U,DRIFT,head_only,per_sample_finetune,per_sample_auroc,0.0,0.3096,1.0,180,,42,2026-08-24T15:35:34
outlier_exposure,TSB-U-DRIFT_088_SEG_70001_388_UCR_id_86_Facility_tr_17,U,DRIFT,full_net,per_sample_finetune,per_sample_auroc,0.0559,0.3156,1.0,180,,42,2026-08-24T15:35:45
divoe,TSB-U-DRIFT_088_SEG_70001_388_UCR_id_86_Facility_tr_17,U,DRIFT,head_only,per_sample_finetune,per_sample_auroc,0.0,0.3096,1.0,180,,42,2026-08-24T15:36:18
divoe,TSB-U-DRIFT_088_SEG_70001_388_UCR_id_86_Facility_tr_17,U,DRIFT,full_net,per_sample_finetune,per_sample_auroc,0.094,0.3214,1.0,180,,42,2026-08-24T15:37:12
diversemix,TSB-U-DRIFT_088_SEG_70001_388_UCR_id_86_Facility_tr_17,U,DRIFT,head_only,per_sample_finetune,per_sample_auroc,1.0,1.0,0.0,180,,42,2026-08-24T15:38:25
diversemix,TSB-U-DRIFT_088_SEG_70001_388_UCR_id_86_Facility_tr_17,U,DRIFT,full_net,per_sample_finetune,per_sample_auroc,0.9964,0.9969,0.0,180,,42,2026-08-24T15:38:37
outlier_exposure,TSB-U-DRIFT_089_SEG_17794_129_WSD_id_101_WebService_tr,U,DRIFT,head_only,per_sample_finetune,per_sample_auroc,0.72,0.6683,0.6,10,,42,2026-08-24T15:40:01
outlier_exposure,TSB-U-DRIFT_089_SEG_17794_129_WSD_id_101_WebService_tr,U,DRIFT,full_net,per_sample_finetune,per_sample_auroc,0.48,0.5193,0.6,10,,42,2026-08-24T15:40:06
divoe,TSB-U-DRIFT_089_SEG_17794_129_WSD_id_101_WebService_tr,U,DRIFT,head_only,per_sample_finetune,per_sample_auroc,0.72,0.6683,0.6,10,,42,2026-08-24T15:40:20
divoe,TSB-U-DRIFT_089_SEG_17794_129_WSD_id_101_WebService_tr,U,DRIFT,full_net,per_sample_finetune,per_sample_auroc,0.72,0.7893,0.6,10,,42,2026-08-24T15:40:42
diversemix,TSB-U-DRIFT_089_SEG_17794_129_WSD_id_101_WebService_tr,U,DRIFT,head_only,per_sample_finetune,per_sample_auroc,0.48,0.5121,0.8,10,,42,2026-08-24T15:41:20
diversemix,TSB-U-DRIFT_089_SEG_17794_129_WSD_id_101_WebService_tr,U,DRIFT,full_net,per_sample_finetune,per_sample_auroc,0.8,0.8711,0.8,10,,42,2026-08-24T15:41:25
outlier_exposure,TSB-U-DRIFT_090_SEG_18179_093_WSD_id_65_WebService_tr_,U,DRIFT,head_only,per_sample_finetune,per_sample_auroc,0.1667,0.3862,0.8333,12,,42,2026-08-24T15:41:46
outlier_exposure,TSB-U-DRIFT_090_SEG_18179_093_WSD_id_65_WebService_tr_,U,DRIFT,full_net,per_sample_finetune,per_sample_auroc,0.4722,0.5488,1.0,12,,42,2026-08-24T15:41:47
divoe,TSB-U-DRIFT_090_SEG_18179_093_WSD_id_65_WebService_tr_,U,DRIFT,head_only,per_sample_finetune,per_sample_auroc,0.1944,0.3918,0.8333,12,,42,2026-08-24T15:41:50
divoe,TSB-U-DRIFT_090_SEG_18179_093_WSD_id_65_WebService_tr_,U,DRIFT,full_net,per_sample_finetune,per_sample_auroc,0.7222,0.6681,0.5,12,,42,2026-08-24T15:41:55
diversemix,TSB-U-DRIFT_090_SEG_18179_093_WSD_id_65_WebService_tr_,U,DRIFT,head_only,per_sample_finetune,per_sample_auroc,0.7778,0.6968,0.3333,12,,42,2026-08-24T15:42:03
diversemix,TSB-U-DRIFT_090_SEG_18179_093_WSD_id_65_WebService_tr_,U,DRIFT,full_net,per_sample_finetune,per_sample_auroc,0.0833,0.3623,1.0,12,,42,2026-08-24T15:42:04
outlier_exposure,TSB-U-DRIFT_091_SEG_149156_272_IOPS_id_13_WebService_t,U,DRIFT,head_only,per_sample_finetune,per_sample_auroc,0.3599,0.5207,1.0,34,,42,2026-08-24T15:42:27
outlier_exposure,TSB-U-DRIFT_091_SEG_149156_272_IOPS_id_13_WebService_t,U,DRIFT,full_net,per_sample_finetune,per_sample_auroc,0.5467,0.5948,0.9412,34,,42,2026-08-24T15:42:29
divoe,TSB-U-DRIFT_091_SEG_149156_272_IOPS_id_13_WebService_t,U,DRIFT,head_only,per_sample_finetune,per_sample_auroc,0.3633,0.522,1.0,34,,42,2026-08-24T15:42:38
divoe,TSB-U-DRIFT_091_SEG_149156_272_IOPS_id_13_WebService_t,U,DRIFT,full_net,per_sample_finetune,per_sample_auroc,0.4879,0.5648,0.8824,34,,42,2026-08-24T15:42:50
diversemix,TSB-U-DRIFT_091_SEG_149156_272_IOPS_id_13_WebService_t,U,DRIFT,head_only,per_sample_finetune,per_sample_auroc,0.699,0.7535,0.9412,34,,42,2026-08-24T15:43:06
diversemix,TSB-U-DRIFT_091_SEG_149156_272_IOPS_id_13_WebService_t,U,DRIFT,full_net,per_sample_finetune,per_sample_auroc,0.3356,0.4483,0.9412,34,,42,2026-08-24T15:43:09
outlier_exposure,TSB-U-DRIFT_092_SEG_23703_205_SMD_id_28_Facility_tr_59,U,DRIFT,head_only,per_sample_finetune,per_sample_auroc,0.7969,0.7708,0.5,16,,42,2026-08-24T15:44:54
outlier_exposure,TSB-U-DRIFT_092_SEG_23703_205_SMD_id_28_Facility_tr_59,U,DRIFT,full_net,per_sample_finetune,per_sample_auroc,0.875,0.8701,0.25,16,,42,2026-08-24T15:45:03
divoe,TSB-U-DRIFT_092_SEG_23703_205_SMD_id_28_Facility_tr_59,U,DRIFT,head_only,per_sample_finetune,per_sample_auroc,0.75,0.7329,0.625,16,,42,2026-08-24T15:45:33
divoe,TSB-U-DRIFT_092_SEG_23703_205_SMD_id_28_Facility_tr_59,U,DRIFT,full_net,per_sample_finetune,per_sample_auroc,0.8125,0.7733,0.375,16,,42,2026-08-24T15:46:17
diversemix,TSB-U-DRIFT_092_SEG_23703_205_SMD_id_28_Facility_tr_59,U,DRIFT,head_only,per_sample_finetune,per_sample_auroc,0.2812,0.4119,0.875,16,,42,2026-08-24T15:47:11
diversemix,TSB-U-DRIFT_092_SEG_23703_205_SMD_id_28_Facility_tr_59,U,DRIFT,full_net,per_sample_finetune,per_sample_auroc,0.3281,0.4395,0.875,16,,42,2026-08-24T15:47:19
outlier_exposure,TSB-U-DRIFT_094_SEG_18197_068_WSD_id_40_WebService_tr_,U,DRIFT,head_only,per_sample_finetune,per_sample_auroc,0.3471,0.4224,1.0,22,,42,2026-08-24T15:49:16
outlier_exposure,TSB-U-DRIFT_094_SEG_18197_068_WSD_id_40_WebService_tr_,U,DRIFT,full_net,per_sample_finetune,per_sample_auroc,0.4876,0.5676,1.0,22,,42,2026-08-24T15:49:22
divoe,TSB-U-DRIFT_094_SEG_18197_068_WSD_id_40_WebService_tr_,U,DRIFT,head_only,per_sample_finetune,per_sample_auroc,0.314,0.4265,1.0,22,,42,2026-08-24T15:49:41
divoe,TSB-U-DRIFT_094_SEG_18197_068_WSD_id_40_WebService_tr_,U,DRIFT,full_net,per_sample_finetune,per_sample_auroc,0.2397,0.3857,1.0,22,,42,2026-08-24T15:50:22
diversemix,TSB-U-DRIFT_094_SEG_18197_068_WSD_id_40_WebService_tr_,U,DRIFT,head_only,per_sample_finetune,per_sample_auroc,0.5124,0.5641,0.9091,22,,42,2026-08-24T15:51:46
diversemix,TSB-U-DRIFT_094_SEG_18197_068_WSD_id_40_WebService_tr_,U,DRIFT,full_net,per_sample_finetune,per_sample_auroc,0.4959,0.5221,0.8182,22,,42,2026-08-24T15:51:55
outlier_exposure,TSB-U-DRIFT_096_SEG_18236_067_WSD_id_39_WebService_tr_,U,DRIFT,head_only,per_sample_finetune,per_sample_auroc,0.0972,0.345,1.0,24,,42,2026-08-24T15:53:40
outlier_exposure,TSB-U-DRIFT_096_SEG_18236_067_WSD_id_39_WebService_tr_,U,DRIFT,full_net,per_sample_finetune,per_sample_auroc,0.5694,0.5157,0.6667,24,,42,2026-08-24T15:53:44
divoe,TSB-U-DRIFT_096_SEG_18236_067_WSD_id_39_WebService_tr_,U,DRIFT,head_only,per_sample_finetune,per_sample_auroc,0.0694,0.3374,1.0,24,,42,2026-08-24T15:54:06
divoe,TSB-U-DRIFT_096_SEG_18236_067_WSD_id_39_WebService_tr_,U,DRIFT,full_net,per_sample_finetune,per_sample_auroc,0.6736,0.6317,0.5833,24,,42,2026-08-24T15:54:38
diversemix,TSB-U-DRIFT_096_SEG_18236_067_WSD_id_39_WebService_tr_,U,DRIFT,head_only,per_sample_finetune,per_sample_auroc,0.8333,0.7457,0.3333,24,,42,2026-08-24T15:55:16
diversemix,TSB-U-DRIFT_096_SEG_18236_067_WSD_id_39_WebService_tr_,U,DRIFT,full_net,per_sample_finetune,per_sample_auroc,0.6528,0.6223,0.5833,24,,42,2026-08-24T15:55:26
outlier_exposure,TSB-U-DRIFT_097_SEG_18380_105_WSD_id_77_WebService_tr_,U,DRIFT,head_only,per_sample_finetune,per_sample_auroc,0.5,0.6024,0.9167,24,,42,2026-08-24T15:56:05
outlier_exposure,TSB-U-DRIFT_097_SEG_18380_105_WSD_id_77_WebService_tr_,U,DRIFT,full_net,per_sample_finetune,per_sample_auroc,0.6181,0.7031,1.0,24,,42,2026-08-24T15:56:07
divoe,TSB-U-DRIFT_097_SEG_18380_105_WSD_id_77_WebService_tr_,U,DRIFT,head_only,per_sample_finetune,per_sample_auroc,0.4861,0.5701,0.9167,24,,42,2026-08-24T15:56:11
divoe,TSB-U-DRIFT_097_SEG_18380_105_WSD_id_77_WebService_tr_,U,DRIFT,full_net,per_sample_finetune,per_sample_auroc,0.6389,0.7654,1.0,24,,42,2026-08-24T15:56:17
diversemix,TSB-U-DRIFT_097_SEG_18380_105_WSD_id_77_WebService_tr_,U,DRIFT,head_only,per_sample_finetune,per_sample_auroc,0.5903,0.6097,0.8333,24,,42,2026-08-24T15:56:26
diversemix,TSB-U-DRIFT_097_SEG_18380_105_WSD_id_77_WebService_tr_,U,DRIFT,full_net,per_sample_finetune,per_sample_auroc,0.5903,0.64,0.8333,24,,42,2026-08-24T15:56:28
outlier_exposure,TSB-U-DRIFT_099_SEG_5000_294_TODS_id_8_Synthetic_tr_50,U,DRIFT,head_only,per_sample_finetune,per_sample_auroc,,,,24,,42,2026-08-24T15:56:39
outlier_exposure,TSB-U-DRIFT_099_SEG_5000_294_TODS_id_8_Synthetic_tr_50,U,DRIFT,full_net,per_sample_finetune,per_sample_auroc,,,,24,,42,2026-08-24T15:56:41
divoe,TSB-U-DRIFT_099_SEG_5000_294_TODS_id_8_Synthetic_tr_50,U,DRIFT,head_only,per_sample_finetune,per_sample_auroc,,,,24,,42,2026-08-24T15:56:44
divoe,TSB-U-DRIFT_099_SEG_5000_294_TODS_id_8_Synthetic_tr_50,U,DRIFT,full_net,per_sample_finetune,per_sample_auroc,,,,24,,42,2026-08-24T15:56:49
diversemix,TSB-U-DRIFT_099_SEG_5000_294_TODS_id_8_Synthetic_tr_50,U,DRIFT,head_only,per_sample_finetune,per_sample_auroc,,,,24,,42,2026-08-24T15:56:56
diversemix,TSB-U-DRIFT_099_SEG_5000_294_TODS_id_8_Synthetic_tr_50,U,DRIFT,full_net,per_sample_finetune,per_sample_auroc,,,,24,,42,2026-08-24T15:56:57
outlier_exposure,TSB-U-OOD_001_SEG_18236_118_WSD_id_90_WebService_tr_45,U,OOD,head_only,per_sample_finetune,per_sample_auroc,0.1504,0.3857,1.0,50,,42,2026-08-24T15:57:38
outlier_exposure,TSB-U-OOD_001_SEG_18236_118_WSD_id_90_WebService_tr_45,U,OOD,full_net,per_sample_finetune,per_sample_auroc,0.6256,0.6749,1.0,50,,42,2026-08-24T15:57:41
divoe,TSB-U-OOD_001_SEG_18236_118_WSD_id_90_WebService_tr_45,U,OOD,head_only,per_sample_finetune,per_sample_auroc,0.1472,0.3591,1.0,50,,42,2026-08-24T15:57:53
divoe,TSB-U-OOD_001_SEG_18236_118_WSD_id_90_WebService_tr_45,U,OOD,full_net,per_sample_finetune,per_sample_auroc,0.3296,0.5027,1.0,50,,42,2026-08-24T15:58:10
diversemix,TSB-U-OOD_001_SEG_18236_118_WSD_id_90_WebService_tr_45,U,OOD,head_only,per_sample_finetune,per_sample_auroc,0.7632,0.697,0.72,50,,42,2026-08-24T15:58:35
diversemix,TSB-U-OOD_001_SEG_18236_118_WSD_id_90_WebService_tr_45,U,OOD,full_net,per_sample_finetune,per_sample_auroc,0.7616,0.8206,0.96,50,,42,2026-08-24T15:58:39
outlier_exposure,TSB-U-OOD_002_SEG_4031_024_NAB_id_24_Synthetic_tr_1007,U,OOD,head_only,per_sample_finetune,per_sample_auroc,0.8343,0.8706,0.6154,26,,42,2026-08-24T15:59:05
outlier_exposure,TSB-U-OOD_002_SEG_4031_024_NAB_id_24_Synthetic_tr_1007,U,OOD,full_net,per_sample_finetune,per_sample_auroc,0.7041,0.7355,0.8462,26,,42,2026-08-24T15:59:06
divoe,TSB-U-OOD_002_SEG_4031_024_NAB_id_24_Synthetic_tr_1007,U,OOD,head_only,per_sample_finetune,per_sample_auroc,0.8402,0.873,0.6154,26,,42,2026-08-24T15:59:11
divoe,TSB-U-OOD_002_SEG_4031_024_NAB_id_24_Synthetic_tr_1007,U,OOD,full_net,per_sample_finetune,per_sample_auroc,0.6095,0.6494,1.0,26,,42,2026-08-24T15:59:16
diversemix,TSB-U-OOD_002_SEG_4031_024_NAB_id_24_Synthetic_tr_1007,U,OOD,head_only,per_sample_finetune,per_sample_auroc,0.503,0.48,0.6154,26,,42,2026-08-24T15:59:26
diversemix,TSB-U-OOD_002_SEG_4031_024_NAB_id_24_Synthetic_tr_1007,U,OOD,full_net,per_sample_finetune,per_sample_auroc,0.3491,0.5042,1.0,26,,42,2026-08-24T15:59:28
outlier_exposure,TSB-U-OOD_003_SEG_10028_306_UCR_id_4_Medical_tr_2507_1,U,OOD,head_only,per_sample_finetune,per_sample_auroc,0.6458,0.7191,0.9167,24,,42,2026-08-24T16:00:13
outlier_exposure,TSB-U-OOD_003_SEG_10028_306_UCR_id_4_Medical_tr_2507_1,U,OOD,full_net,per_sample_finetune,per_sample_auroc,0.8333,0.8759,0.6667,24,,42,2026-08-24T16:00:16
divoe,TSB-U-OOD_003_SEG_10028_306_UCR_id_4_Medical_tr_2507_1,U,OOD,head_only,per_sample_finetune,per_sample_auroc,0.5833,0.624,0.9167,24,,42,2026-08-24T16:00:28
divoe,TSB-U-OOD_003_SEG_10028_306_UCR_id_4_Medical_tr_2507_1,U,OOD,full_net,per_sample_finetune,per_sample_auroc,0.8472,0.8806,0.5833,24,,42,2026-08-24T16:00:47
diversemix,TSB-U-OOD_003_SEG_10028_306_UCR_id_4_Medical_tr_2507_1,U,OOD,head_only,per_sample_finetune,per_sample_auroc,1.0,1.0,0.0,24,,42,2026-08-24T16:01:18
diversemix,TSB-U-OOD_003_SEG_10028_306_UCR_id_4_Medical_tr_2507_1,U,OOD,full_net,per_sample_finetune,per_sample_auroc,0.6111,0.7092,0.9167,24,,42,2026-08-24T16:01:23
outlier_exposure,TSB-U-OOD_004_SEG_149123_263_IOPS_id_4_WebService_tr_3,U,OOD,head_only,per_sample_finetune,per_sample_auroc,0.2734,0.3936,1.0,34,,42,2026-08-24T16:01:59
outlier_exposure,TSB-U-OOD_004_SEG_149123_263_IOPS_id_4_WebService_tr_3,U,OOD,full_net,per_sample_finetune,per_sample_auroc,0.5329,0.6032,1.0,34,,42,2026-08-24T16:02:02
divoe,TSB-U-OOD_004_SEG_149123_263_IOPS_id_4_WebService_tr_3,U,OOD,head_only,per_sample_finetune,per_sample_auroc,0.2526,0.3878,1.0,34,,42,2026-08-24T16:02:10
divoe,TSB-U-OOD_004_SEG_149123_263_IOPS_id_4_WebService_tr_3,U,OOD,full_net,per_sample_finetune,per_sample_auroc,0.436,0.5655,1.0,34,,42,2026-08-24T16:02:22
diversemix,TSB-U-OOD_004_SEG_149123_263_IOPS_id_4_WebService_tr_3,U,OOD,head_only,per_sample_finetune,per_sample_auroc,0.7993,0.8422,0.8824,34,,42,2026-08-24T16:02:39
diversemix,TSB-U-OOD_004_SEG_149123_263_IOPS_id_4_WebService_tr_3,U,OOD,full_net,per_sample_finetune,per_sample_auroc,0.872,0.8916,0.5882,34,,42,2026-08-24T16:02:41
outlier_exposure,TSB-U-OOD_005_SEG_130400_237_SVDB_id_1_Medical_tr_1158,U,OOD,head_only,per_sample_finetune,per_sample_auroc,0.6112,0.657,0.9455,110,,42,2026-08-24T16:03:55
outlier_exposure,TSB-U-OOD_005_SEG_130400_237_SVDB_id_1_Medical_tr_1158,U,OOD,full_net,per_sample_finetune,per_sample_auroc,0.6301,0.621,0.9636,110,,42,2026-08-24T16:04:00
divoe,TSB-U-OOD_005_SEG_130400_237_SVDB_id_1_Medical_tr_1158,U,OOD,head_only,per_sample_finetune,per_sample_auroc,0.602,0.6541,0.9273,110,,42,2026-08-24T16:04:18
divoe,TSB-U-OOD_005_SEG_130400_237_SVDB_id_1_Medical_tr_1158,U,OOD,full_net,per_sample_finetune,per_sample_auroc,0.722,0.6811,0.8182,110,,42,2026-08-24T16:04:43
diversemix,TSB-U-OOD_005_SEG_130400_237_SVDB_id_1_Medical_tr_1158,U,OOD,head_only,per_sample_finetune,per_sample_auroc,0.5088,0.5536,0.8727,110,,42,2026-08-24T16:05:18
diversemix,TSB-U-OOD_005_SEG_130400_237_SVDB_id_1_Medical_tr_1158,U,OOD,full_net,per_sample_finetune,per_sample_auroc,0.4423,0.5008,0.9273,110,,42,2026-08-24T16:05:25
outlier_exposure,TSB-U-OOD_006_SEG_2430_147_MSL_id_8_Sensor_tr_590_1st_,U,OOD,head_only,per_sample_finetune,per_sample_auroc,0.3333,0.4778,0.6667,6,,42,2026-08-24T16:05:55
outlier_exposure,TSB-U-OOD_006_SEG_2430_147_MSL_id_8_Sensor_tr_590_1st_,U,OOD,full_net,per_sample_finetune,per_sample_auroc,1.0,1.0,0.0,6,,42,2026-08-24T16:05:56
divoe,TSB-U-OOD_006_SEG_2430_147_MSL_id_8_Sensor_tr_590_1st_,U,OOD,head_only,per_sample_finetune,per_sample_auroc,0.3333,0.4778,0.6667,6,,42,2026-08-24T16:06:00
divoe,TSB-U-OOD_006_SEG_2430_147_MSL_id_8_Sensor_tr_590_1st_,U,OOD,full_net,per_sample_finetune,per_sample_auroc,0.6667,0.6389,0.3333,6,,42,2026-08-24T16:06:07
diversemix,TSB-U-OOD_006_SEG_2430_147_MSL_id_8_Sensor_tr_590_1st_,U,OOD,head_only,per_sample_finetune,per_sample_auroc,0.8889,0.9167,0.3333,6,,42,2026-08-24T16:06:16
diversemix,TSB-U-OOD_006_SEG_2430_147_MSL_id_8_Sensor_tr_590_1st_,U,OOD,full_net,per_sample_finetune,per_sample_auroc,0.2222,0.4667,1.0,6,,42,2026-08-24T16:06:17
outlier_exposure,TSB-U-OOD_009_SEG_8184_504_UCR_id_202_Environment_tr_2,U,OOD,head_only,per_sample_finetune,per_sample_auroc,0.0625,0.378,1.0,8,,42,2026-08-24T16:06:48
outlier_exposure,TSB-U-OOD_009_SEG_8184_504_UCR_id_202_Environment_tr_2,U,OOD,full_net,per_sample_finetune,per_sample_auroc,0.625,0.6917,0.5,8,,42,2026-08-24T16:06:50
divoe,TSB-U-OOD_009_SEG_8184_504_UCR_id_202_Environment_tr_2,U,OOD,head_only,per_sample_finetune,per_sample_auroc,0.0625,0.378,1.0,8,,42,2026-08-24T16:06:58
divoe,TSB-U-OOD_009_SEG_8184_504_UCR_id_202_Environment_tr_2,U,OOD,full_net,per_sample_finetune,per_sample_auroc,0.5,0.525,0.5,8,,42,2026-08-24T16:07:10
diversemix,TSB-U-OOD_009_SEG_8184_504_UCR_id_202_Environment_tr_2,U,OOD,head_only,per_sample_finetune,per_sample_auroc,0.875,0.9167,0.5,8,,42,2026-08-24T16:07:26
diversemix,TSB-U-OOD_009_SEG_8184_504_UCR_id_202_Environment_tr_2,U,OOD,full_net,per_sample_finetune,per_sample_auroc,0.25,0.4333,1.0,8,,42,2026-08-24T16:07:30
outlier_exposure,TSB-U-OOD_011_SEG_4031_028_NAB_id_28_Facility_tr_1007_,U,OOD,head_only,per_sample_finetune,per_sample_auroc,0.52,0.6788,0.9,20,,42,2026-08-24T16:08:08
outlier_exposure,TSB-U-OOD_011_SEG_4031_028_NAB_id_28_Facility_tr_1007_,U,OOD,full_net,per_sample_finetune,per_sample_auroc,0.46,0.5496,1.0,20,,42,2026-08-24T16:08:10
divoe,TSB-U-OOD_011_SEG_4031_028_NAB_id_28_Facility_tr_1007_,U,OOD,head_only,per_sample_finetune,per_sample_auroc,0.51,0.6538,0.9,20,,42,2026-08-24T16:08:18
divoe,TSB-U-OOD_011_SEG_4031_028_NAB_id_28_Facility_tr_1007_,U,OOD,full_net,per_sample_finetune,per_sample_auroc,0.52,0.6213,1.0,20,,42,2026-08-24T16:08:32
diversemix,TSB-U-OOD_011_SEG_4031_028_NAB_id_28_Facility_tr_1007_,U,OOD,head_only,per_sample_finetune,per_sample_auroc,0.46,0.5456,1.0,20,,42,2026-08-24T16:08:48
diversemix,TSB-U-OOD_011_SEG_4031_028_NAB_id_28_Facility_tr_1007_,U,OOD,full_net,per_sample_finetune,per_sample_auroc,0.57,0.6825,1.0,20,,42,2026-08-24T16:08:50
outlier_exposure,TSB-U-OOD_012_SEG_18236_099_WSD_id_71_WebService_tr_45,U,OOD,head_only,per_sample_finetune,per_sample_auroc,0.24,0.5306,1.0,10,,42,2026-08-24T16:10:21
outlier_exposure,TSB-U-OOD_012_SEG_18236_099_WSD_id_71_WebService_tr_45,U,OOD,full_net,per_sample_finetune,per_sample_auroc,0.56,0.7389,1.0,10,,42,2026-08-24T16:10:26
divoe,TSB-U-OOD_012_SEG_18236_099_WSD_id_71_WebService_tr_45,U,OOD,head_only,per_sample_finetune,per_sample_auroc,0.32,0.5546,1.0,10,,42,2026-08-24T16:10:44
divoe,TSB-U-OOD_012_SEG_18236_099_WSD_id_71_WebService_tr_45,U,OOD,full_net,per_sample_finetune,per_sample_auroc,0.48,0.6889,1.0,10,,42,2026-08-24T16:11:13
diversemix,TSB-U-OOD_012_SEG_18236_099_WSD_id_71_WebService_tr_45,U,OOD,head_only,per_sample_finetune,per_sample_auroc,0.96,0.9667,0.2,10,,42,2026-08-24T16:11:55
diversemix,TSB-U-OOD_012_SEG_18236_099_WSD_id_71_WebService_tr_45,U,OOD,full_net,per_sample_finetune,per_sample_auroc,0.52,0.7089,1.0,10,,42,2026-08-24T16:12:05
outlier_exposure,TSB-U-OOD_013_SEG_100000_231_MGAB_id_7_Synthetic_tr_25,U,OOD,head_only,per_sample_finetune,per_sample_auroc,0.5363,0.5928,1.0,34,,42,2026-08-24T16:15:58
outlier_exposure,TSB-U-OOD_013_SEG_100000_231_MGAB_id_7_Synthetic_tr_25,U,OOD,full_net,per_sample_finetune,per_sample_auroc,0.4913,0.527,0.8824,34,,42,2026-08-24T16:16:17
divoe,TSB-U-OOD_013_SEG_100000_231_MGAB_id_7_Synthetic_tr_25,U,OOD,head_only,per_sample_finetune,per_sample_auroc,0.4983,0.5968,1.0,34,,42,2026-08-24T16:17:12
divoe,TSB-U-OOD_013_SEG_100000_231_MGAB_id_7_Synthetic_tr_25,U,OOD,full_net,per_sample_finetune,per_sample_auroc,0.5017,0.5124,1.0,34,,42,2026-08-24T16:18:31
diversemix,TSB-U-OOD_013_SEG_100000_231_MGAB_id_7_Synthetic_tr_25,U,OOD,head_only,per_sample_finetune,per_sample_auroc,0.5156,0.6328,0.9412,34,,42,2026-08-24T16:20:31
diversemix,TSB-U-OOD_013_SEG_100000_231_MGAB_id_7_Synthetic_tr_25,U,OOD,full_net,per_sample_finetune,per_sample_auroc,0.6367,0.6682,0.8824,34,,42,2026-08-24T16:20:52
outlier_exposure,TSB-U-OOD_014_SEG_130400_248_SVDB_id_12_Medical_tr_184,U,OOD,head_only,per_sample_finetune,per_sample_auroc,0.3866,0.429,0.9885,174,,42,2026-08-24T16:23:28
outlier_exposure,TSB-U-OOD_014_SEG_130400_248_SVDB_id_12_Medical_tr_184,U,OOD,full_net,per_sample_finetune,per_sample_auroc,0.5652,0.5701,0.908,174,,42,2026-08-24T16:23:37
divoe,TSB-U-OOD_014_SEG_130400_248_SVDB_id_12_Medical_tr_184,U,OOD,head_only,per_sample_finetune,per_sample_auroc,0.4501,0.484,0.9885,174,,42,2026-08-24T16:24:11
divoe,TSB-U-OOD_014_SEG_130400_248_SVDB_id_12_Medical_tr_184,U,OOD,full_net,per_sample_finetune,per_sample_auroc,0.5817,0.5748,0.977,174,,42,2026-08-24T16:25:00
diversemix,TSB-U-OOD_014_SEG_130400_248_SVDB_id_12_Medical_tr_184,U,OOD,head_only,per_sample_finetune,per_sample_auroc,0.6688,0.6436,0.8161,174,,42,2026-08-24T16:26:21
diversemix,TSB-U-OOD_014_SEG_130400_248_SVDB_id_12_Medical_tr_184,U,OOD,full_net,per_sample_finetune,per_sample_auroc,0.6134,0.6232,0.8966,174,,42,2026-08-24T16:26:33
outlier_exposure,TSB-U-OOD_015_SEG_43066_816_Exathlon_id_7_Facility_tr_,U,OOD,head_only,per_sample_finetune,per_sample_auroc,0.4378,0.4487,0.9831,118,,42,2026-08-24T16:28:11
outlier_exposure,TSB-U-OOD_015_SEG_43066_816_Exathlon_id_7_Facility_tr_,U,OOD,full_net,per_sample_finetune,per_sample_auroc,0.6165,0.5993,1.0,118,,42,2026-08-24T16:28:18
divoe,TSB-U-OOD_015_SEG_43066_816_Exathlon_id_7_Facility_tr_,U,OOD,head_only,per_sample_finetune,per_sample_auroc,0.4226,0.4404,0.9831,118,,42,2026-08-24T16:28:42
divoe,TSB-U-OOD_015_SEG_43066_816_Exathlon_id_7_Facility_tr_,U,OOD,full_net,per_sample_finetune,per_sample_auroc,0.6323,0.6418,1.0,118,,42,2026-08-24T16:29:08
diversemix,TSB-U-OOD_015_SEG_43066_816_Exathlon_id_7_Facility_tr_,U,OOD,head_only,per_sample_finetune,per_sample_auroc,0.4872,0.518,1.0,118,,42,2026-08-24T16:29:49
diversemix,TSB-U-OOD_015_SEG_43066_816_Exathlon_id_7_Facility_tr_,U,OOD,full_net,per_sample_finetune,per_sample_auroc,0.5335,0.5118,0.9322,118,,42,2026-08-24T16:29:56
outlier_exposure,TSB-U-OOD_018_SEG_29931_500_UCR_id_198_Facility_tr_748,U,OOD,head_only,per_sample_finetune,per_sample_auroc,0.7284,0.6489,0.3889,36,,42,2026-08-24T16:32:14
outlier_exposure,TSB-U-OOD_018_SEG_29931_500_UCR_id_198_Facility_tr_748,U,OOD,full_net,per_sample_finetune,per_sample_auroc,0.8364,0.8121,0.5,36,,42,2026-08-24T16:32:23
divoe,TSB-U-OOD_018_SEG_29931_500_UCR_id_198_Facility_tr_748,U,OOD,head_only,per_sample_finetune,per_sample_auroc,0.7253,0.6442,0.3889,36,,42,2026-08-24T16:33:01
divoe,TSB-U-OOD_018_SEG_29931_500_UCR_id_198_Facility_tr_748,U,OOD,full_net,per_sample_finetune,per_sample_auroc,0.716,0.6073,0.3333,36,,42,2026-08-24T16:33:56
diversemix,TSB-U-OOD_018_SEG_29931_500_UCR_id_198_Facility_tr_748,U,OOD,head_only,per_sample_finetune,per_sample_auroc,0.2623,0.381,1.0,36,,42,2026-08-24T16:35:04
diversemix,TSB-U-OOD_018_SEG_29931_500_UCR_id_198_Facility_tr_748,U,OOD,full_net,per_sample_finetune,per_sample_auroc,0.4383,0.4647,0.9444,36,,42,2026-08-24T16:35:18
outlier_exposure,TSB-U-OOD_020_SEG_419919_550_SWaT_id_1_Sensor_tr_43700,U,OOD,head_only,per_sample_finetune,per_sample_auroc,0.575,0.6089,0.8447,412,,42,2026-08-24T16:39:25
outlier_exposure,TSB-U-OOD_020_SEG_419919_550_SWaT_id_1_Sensor_tr_43700,U,OOD,full_net,per_sample_finetune,per_sample_auroc,0.4641,0.5569,0.7718,412,,42,2026-08-24T16:39:45
divoe,TSB-U-OOD_020_SEG_419919_550_SWaT_id_1_Sensor_tr_43700,U,OOD,head_only,per_sample_finetune,per_sample_auroc,0.4869,0.5524,0.8204,412,,42,2026-08-24T16:40:46
divoe,TSB-U-OOD_020_SEG_419919_550_SWaT_id_1_Sensor_tr_43700,U,OOD,full_net,per_sample_finetune,per_sample_auroc,0.7924,0.819,0.8641,412,,42,2026-08-24T16:42:14
diversemix,TSB-U-OOD_020_SEG_419919_550_SWaT_id_1_Sensor_tr_43700,U,OOD,head_only,per_sample_finetune,per_sample_auroc,0.1862,0.4281,0.9612,412,,42,2026-08-24T16:44:35
diversemix,TSB-U-OOD_020_SEG_419919_550_SWaT_id_1_Sensor_tr_43700,U,OOD,full_net,per_sample_finetune,per_sample_auroc,0.1599,0.39,1.0,412,,42,2026-08-24T16:45:01
outlier_exposure,TSB-U-OOD_022_SEG_4031_008_NAB_id_8_Synthetic_tr_1007_,U,OOD,head_only,per_sample_finetune,per_sample_auroc,0.4911,0.4774,0.8462,26,,42,2026-08-24T16:46:33
outlier_exposure,TSB-U-OOD_022_SEG_4031_008_NAB_id_8_Synthetic_tr_1007_,U,OOD,full_net,per_sample_finetune,per_sample_auroc,0.5207,0.5085,1.0,26,,42,2026-08-24T16:46:34
divoe,TSB-U-OOD_022_SEG_4031_008_NAB_id_8_Synthetic_tr_1007_,U,OOD,head_only,per_sample_finetune,per_sample_auroc,0.4852,0.4745,0.8462,26,,42,2026-08-24T16:46:38
divoe,TSB-U-OOD_022_SEG_4031_008_NAB_id_8_Synthetic_tr_1007_,U,OOD,full_net,per_sample_finetune,per_sample_auroc,0.5325,0.5457,0.6923,26,,42,2026-08-24T16:46:44
diversemix,TSB-U-OOD_022_SEG_4031_008_NAB_id_8_Synthetic_tr_1007_,U,OOD,head_only,per_sample_finetune,per_sample_auroc,0.8757,0.8779,0.3077,26,,42,2026-08-24T16:46:52
diversemix,TSB-U-OOD_022_SEG_4031_008_NAB_id_8_Synthetic_tr_1007_,U,OOD,full_net,per_sample_finetune,per_sample_auroc,0.2544,0.3853,1.0,26,,42,2026-08-24T16:46:55
outlier_exposure,TSB-U-OOD_028_SEG_80000_226_MGAB_id_2_Synthetic_tr_200,U,OOD,head_only,per_sample_finetune,per_sample_auroc,0.5385,0.6552,1.0,26,,42,2026-08-24T16:51:46
outlier_exposure,TSB-U-OOD_028_SEG_80000_226_MGAB_id_2_Synthetic_tr_200,U,OOD,full_net,per_sample_finetune,per_sample_auroc,0.5917,0.6565,0.9231,26,,42,2026-08-24T16:52:06
divoe,TSB-U-OOD_028_SEG_80000_226_MGAB_id_2_Synthetic_tr_200,U,OOD,head_only,per_sample_finetune,per_sample_auroc,0.3669,0.5512,1.0,26,,42,2026-08-24T16:53:24
divoe,TSB-U-OOD_028_SEG_80000_226_MGAB_id_2_Synthetic_tr_200,U,OOD,full_net,per_sample_finetune,per_sample_auroc,0.3728,0.4537,1.0,26,,42,2026-08-24T16:54:54
diversemix,TSB-U-OOD_028_SEG_80000_226_MGAB_id_2_Synthetic_tr_200,U,OOD,head_only,per_sample_finetune,per_sample_auroc,0.7751,0.8353,0.9231,26,,42,2026-08-24T16:57:25
diversemix,TSB-U-OOD_028_SEG_80000_226_MGAB_id_2_Synthetic_tr_200,U,OOD,full_net,per_sample_finetune,per_sample_auroc,0.5976,0.6426,0.7692,26,,42,2026-08-24T16:57:56
outlier_exposure,TSB-U-OOD_029_SEG_30000_382_UCR_id_80_Medical_tr_7500_,U,OOD,head_only,per_sample_finetune,per_sample_auroc,0.9008,0.9106,0.3636,22,,42,2026-08-24T17:00:46
outlier_exposure,TSB-U-OOD_029_SEG_30000_382_UCR_id_80_Medical_tr_7500_,U,OOD,full_net,per_sample_finetune,per_sample_auroc,0.7851,0.8366,0.6364,22,,42,2026-08-24T17:00:51
divoe,TSB-U-OOD_029_SEG_30000_382_UCR_id_80_Medical_tr_7500_,U,OOD,head_only,per_sample_finetune,per_sample_auroc,0.8678,0.8694,0.3636,22,,42,2026-08-24T17:01:07
divoe,TSB-U-OOD_029_SEG_30000_382_UCR_id_80_Medical_tr_7500_,U,OOD,full_net,per_sample_finetune,per_sample_auroc,0.7521,0.7152,0.5455,22,,42,2026-08-24T17:01:29
diversemix,TSB-U-OOD_029_SEG_30000_382_UCR_id_80_Medical_tr_7500_,U,OOD,head_only,per_sample_finetune,per_sample_auroc,0.1488,0.363,1.0,22,,42,2026-08-24T17:02:09
diversemix,TSB-U-OOD_029_SEG_30000_382_UCR_id_80_Medical_tr_7500_,U,OOD,full_net,per_sample_finetune,per_sample_auroc,0.4132,0.4509,0.8182,22,,42,2026-08-24T17:02:16
outlier_exposure,TSB-U-OOD_030_SEG_18220_108_WSD_id_80_WebService_tr_23,U,OOD,head_only,per_sample_finetune,per_sample_auroc,0.375,0.562,1.0,24,,42,2026-08-24T17:02:50
outlier_exposure,TSB-U-OOD_030_SEG_18220_108_WSD_id_80_WebService_tr_23,U,OOD,full_net,per_sample_finetune,per_sample_auroc,0.3472,0.4633,1.0,24,,42,2026-08-24T17:02:51
divoe,TSB-U-OOD_030_SEG_18220_108_WSD_id_80_WebService_tr_23,U,OOD,head_only,per_sample_finetune,per_sample_auroc,0.375,0.562,1.0,24,,42,2026-08-24T17:02:57
divoe,TSB-U-OOD_030_SEG_18220_108_WSD_id_80_WebService_tr_23,U,OOD,full_net,per_sample_finetune,per_sample_auroc,0.3403,0.4586,1.0,24,,42,2026-08-24T17:03:03
diversemix,TSB-U-OOD_030_SEG_18220_108_WSD_id_80_WebService_tr_23,U,OOD,head_only,per_sample_finetune,per_sample_auroc,0.4861,0.6019,1.0,24,,42,2026-08-24T17:03:13
diversemix,TSB-U-OOD_030_SEG_18220_108_WSD_id_80_WebService_tr_23,U,OOD,full_net,per_sample_finetune,per_sample_auroc,0.5972,0.5717,0.75,24,,42,2026-08-24T17:03:14
outlier_exposure,TSB-U-OOD_031_SEG_18236_098_WSD_id_70_WebService_tr_35,U,OOD,head_only,per_sample_finetune,per_sample_auroc,0.4375,0.525,1.0,8,,42,2026-08-24T17:03:47
outlier_exposure,TSB-U-OOD_031_SEG_18236_098_WSD_id_70_WebService_tr_35,U,OOD,full_net,per_sample_finetune,per_sample_auroc,0.625,0.7095,0.75,8,,42,2026-08-24T17:03:50
divoe,TSB-U-OOD_031_SEG_18236_098_WSD_id_70_WebService_tr_35,U,OOD,head_only,per_sample_finetune,per_sample_auroc,0.4375,0.525,1.0,8,,42,2026-08-24T17:03:57
divoe,TSB-U-OOD_031_SEG_18236_098_WSD_id_70_WebService_tr_35,U,OOD,full_net,per_sample_finetune,per_sample_auroc,0.625,0.7095,0.75,8,,42,2026-08-24T17:04:09
diversemix,TSB-U-OOD_031_SEG_18236_098_WSD_id_70_WebService_tr_35,U,OOD,head_only,per_sample_finetune,per_sample_auroc,0.5,0.525,0.5,8,,42,2026-08-24T17:04:24
diversemix,TSB-U-OOD_031_SEG_18236_098_WSD_id_70_WebService_tr_35,U,OOD,full_net,per_sample_finetune,per_sample_auroc,0.1875,0.4125,1.0,8,,42,2026-08-24T17:04:26
outlier_exposure,TSB-U-OOD_033_SEG_13227_102_WSD_id_74_WebService_tr_33,U,OOD,head_only,per_sample_finetune,per_sample_auroc,0.7439,0.759,0.8235,34,,42,2026-08-24T17:04:56
outlier_exposure,TSB-U-OOD_033_SEG_13227_102_WSD_id_74_WebService_tr_33,U,OOD,full_net,per_sample_finetune,per_sample_auroc,0.5052,0.5647,0.9412,34,,42,2026-08-24T17:04:59
divoe,TSB-U-OOD_033_SEG_13227_102_WSD_id_74_WebService_tr_33,U,OOD,head_only,per_sample_finetune,per_sample_auroc,0.737,0.7355,0.8235,34,,42,2026-08-24T17:05:06
divoe,TSB-U-OOD_033_SEG_13227_102_WSD_id_74_WebService_tr_33,U,OOD,full_net,per_sample_finetune,per_sample_auroc,0.5398,0.6238,1.0,34,,42,2026-08-24T17:05:15
diversemix,TSB-U-OOD_033_SEG_13227_102_WSD_id_74_WebService_tr_33,U,OOD,head_only,per_sample_finetune,per_sample_auroc,0.3668,0.5112,1.0,34,,42,2026-08-24T17:05:29
diversemix,TSB-U-OOD_033_SEG_13227_102_WSD_id_74_WebService_tr_33,U,OOD,full_net,per_sample_finetune,per_sample_auroc,0.4429,0.5106,1.0,34,,42,2026-08-24T17:05:31
outlier_exposure,TSB-U-OOD_034_SEG_30000_412_UCR_id_110_Medical_tr_7500,U,OOD,head_only,per_sample_finetune,per_sample_auroc,0.5556,0.6489,1.0,12,,42,2026-08-24T17:07:01
outlier_exposure,TSB-U-OOD_034_SEG_30000_412_UCR_id_110_Medical_tr_7500,U,OOD,full_net,per_sample_finetune,per_sample_auroc,0.6944,0.7133,0.5,12,,42,2026-08-24T17:07:07
divoe,TSB-U-OOD_034_SEG_30000_412_UCR_id_110_Medical_tr_7500,U,OOD,head_only,per_sample_finetune,per_sample_auroc,0.5,0.5537,1.0,12,,42,2026-08-24T17:07:31
divoe,TSB-U-OOD_034_SEG_30000_412_UCR_id_110_Medical_tr_7500,U,OOD,full_net,per_sample_finetune,per_sample_auroc,0.8611,0.8833,0.5,12,,42,2026-08-24T17:08:10
diversemix,TSB-U-OOD_034_SEG_30000_412_UCR_id_110_Medical_tr_7500,U,OOD,head_only,per_sample_finetune,per_sample_auroc,0.3056,0.4325,1.0,12,,42,2026-08-24T17:09:10
diversemix,TSB-U-OOD_034_SEG_30000_412_UCR_id_110_Medical_tr_7500,U,OOD,full_net,per_sample_finetune,per_sample_auroc,0.5,0.5236,0.8333,12,,42,2026-08-24T17:09:21
outlier_exposure,TSB-U-OOD_040_SEG_200000_440_UCR_id_138_Medical_tr_167,U,OOD,head_only,per_sample_finetune,per_sample_auroc,0.6263,0.6591,0.9412,34,,42,2026-08-24T17:11:23
outlier_exposure,TSB-U-OOD_040_SEG_200000_440_UCR_id_138_Medical_tr_167,U,OOD,full_net,per_sample_finetune,per_sample_auroc,0.7612,0.8022,0.8824,34,,42,2026-08-24T17:11:30
divoe,TSB-U-OOD_040_SEG_200000_440_UCR_id_138_Medical_tr_167,U,OOD,head_only,per_sample_finetune,per_sample_auroc,0.782,0.8006,0.6471,34,,42,2026-08-24T17:11:58
divoe,TSB-U-OOD_040_SEG_200000_440_UCR_id_138_Medical_tr_167,U,OOD,full_net,per_sample_finetune,per_sample_auroc,0.737,0.7627,0.8824,34,,42,2026-08-24T17:12:33
diversemix,TSB-U-OOD_040_SEG_200000_440_UCR_id_138_Medical_tr_167,U,OOD,head_only,per_sample_finetune,per_sample_auroc,0.7301,0.6998,0.9412,34,,42,2026-08-24T17:13:26
diversemix,TSB-U-OOD_040_SEG_200000_440_UCR_id_138_Medical_tr_167,U,OOD,full_net,per_sample_finetune,per_sample_auroc,0.6401,0.6266,0.7059,34,,42,2026-08-24T17:13:35
outlier_exposure,TSB-U-OOD_045_SEG_18236_074_WSD_id_46_WebService_tr_99,U,OOD,head_only,per_sample_finetune,per_sample_auroc,0.4,0.4693,0.6,10,,42,2026-08-24T17:14:11
outlier_exposure,TSB-U-OOD_045_SEG_18236_074_WSD_id_46_WebService_tr_99,U,OOD,full_net,per_sample_finetune,per_sample_auroc,0.68,0.8111,0.8,10,,42,2026-08-24T17:14:13
divoe,TSB-U-OOD_045_SEG_18236_074_WSD_id_46_WebService_tr_99,U,OOD,head_only,per_sample_finetune,per_sample_auroc,0.4,0.4693,0.6,10,,42,2026-08-24T17:14:19
divoe,TSB-U-OOD_045_SEG_18236_074_WSD_id_46_WebService_tr_99,U,OOD,full_net,per_sample_finetune,per_sample_auroc,0.84,0.8762,0.4,10,,42,2026-08-24T17:14:25
diversemix,TSB-U-OOD_045_SEG_18236_074_WSD_id_46_WebService_tr_99,U,OOD,head_only,per_sample_finetune,per_sample_auroc,0.4,0.5222,1.0,10,,42,2026-08-24T17:14:39
diversemix,TSB-U-OOD_045_SEG_18236_074_WSD_id_46_WebService_tr_99,U,OOD,full_net,per_sample_finetune,per_sample_auroc,0.04,0.361,1.0,10,,42,2026-08-24T17:14:42
outlier_exposure,TSB-U-OOD_049_SEG_15403_085_WSD_id_57_WebService_tr_78,U,OOD,head_only,per_sample_finetune,per_sample_auroc,0.0,0.3655,1.0,8,,42,2026-08-24T17:14:55
outlier_exposure,TSB-U-OOD_049_SEG_15403_085_WSD_id_57_WebService_tr_78,U,OOD,full_net,per_sample_finetune,per_sample_auroc,0.25,0.4405,1.0,8,,42,2026-08-24T17:14:56
divoe,TSB-U-OOD_049_SEG_15403_085_WSD_id_57_WebService_tr_78,U,OOD,head_only,per_sample_finetune,per_sample_auroc,0.0,0.3655,1.0,8,,42,2026-08-24T17:14:59
divoe,TSB-U-OOD_049_SEG_15403_085_WSD_id_57_WebService_tr_78,U,OOD,full_net,per_sample_finetune,per_sample_auroc,0.3125,0.4583,1.0,8,,42,2026-08-24T17:15:05
diversemix,TSB-U-OOD_049_SEG_15403_085_WSD_id_57_WebService_tr_78,U,OOD,head_only,per_sample_finetune,per_sample_auroc,1.0,1.0,0.0,8,,42,2026-08-24T17:15:13
diversemix,TSB-U-OOD_049_SEG_15403_085_WSD_id_57_WebService_tr_78,U,OOD,full_net,per_sample_finetune,per_sample_auroc,0.375,0.4762,0.75,8,,42,2026-08-24T17:15:15
outlier_exposure,TSB-U-OOD_050_SEG_130400_248_SVDB_id_12_Medical_tr_184,U,OOD,head_only,per_sample_finetune,per_sample_auroc,0.4192,0.4524,0.9885,174,,42,2026-08-24T17:16:48
outlier_exposure,TSB-U-OOD_050_SEG_130400_248_SVDB_id_12_Medical_tr_184,U,OOD,full_net,per_sample_finetune,per_sample_auroc,0.5604,0.5654,0.8966,174,,42,2026-08-24T17:16:55
divoe,TSB-U-OOD_050_SEG_130400_248_SVDB_id_12_Medical_tr_184,U,OOD,head_only,per_sample_finetune,per_sample_auroc,0.452,0.4893,0.9885,174,,42,2026-08-24T17:17:27
divoe,TSB-U-OOD_050_SEG_130400_248_SVDB_id_12_Medical_tr_184,U,OOD,full_net,per_sample_finetune,per_sample_auroc,0.577,0.5762,0.9425,174,,42,2026-08-24T17:18:06
diversemix,TSB-U-OOD_050_SEG_130400_248_SVDB_id_12_Medical_tr_184,U,OOD,head_only,per_sample_finetune,per_sample_auroc,0.6401,0.6295,0.908,174,,42,2026-08-24T17:19:20
diversemix,TSB-U-OOD_050_SEG_130400_248_SVDB_id_12_Medical_tr_184,U,OOD,full_net,per_sample_finetune,per_sample_auroc,0.6295,0.6364,0.8966,174,,42,2026-08-24T17:19:33
outlier_exposure,TSB-U-OOD_053_SEG_12000_309_UCR_id_7_Medical_tr_3000_1,U,OOD,head_only,per_sample_finetune,per_sample_auroc,0.5,0.552,0.8333,12,,42,2026-08-24T17:20:45
outlier_exposure,TSB-U-OOD_053_SEG_12000_309_UCR_id_7_Medical_tr_3000_1,U,OOD,full_net,per_sample_finetune,per_sample_auroc,0.8611,0.8179,0.1667,12,,42,2026-08-24T17:20:48
divoe,TSB-U-OOD_053_SEG_12000_309_UCR_id_7_Medical_tr_3000_1,U,OOD,head_only,per_sample_finetune,per_sample_auroc,0.5,0.552,0.8333,12,,42,2026-08-24T17:20:56
divoe,TSB-U-OOD_053_SEG_12000_309_UCR_id_7_Medical_tr_3000_1,U,OOD,full_net,per_sample_finetune,per_sample_auroc,0.8056,0.7802,0.3333,12,,42,2026-08-24T17:21:06
diversemix,TSB-U-OOD_053_SEG_12000_309_UCR_id_7_Medical_tr_3000_1,U,OOD,head_only,per_sample_finetune,per_sample_auroc,1.0,1.0,0.0,12,,42,2026-08-24T17:21:24
diversemix,TSB-U-OOD_053_SEG_12000_309_UCR_id_7_Medical_tr_3000_1,U,OOD,full_net,per_sample_finetune,per_sample_auroc,0.1944,0.4035,1.0,12,,42,2026-08-24T17:21:27
outlier_exposure,TSB-U-OOD_055_SEG_55000_420_UCR_id_118_Facility_tr_137,U,OOD,head_only,per_sample_finetune,per_sample_auroc,0.6529,0.6195,0.6364,22,,42,2026-08-24T17:25:55
outlier_exposure,TSB-U-OOD_055_SEG_55000_420_UCR_id_118_Facility_tr_137,U,OOD,full_net,per_sample_finetune,per_sample_auroc,0.8182,0.8357,0.7273,22,,42,2026-08-24T17:26:16
divoe,TSB-U-OOD_055_SEG_55000_420_UCR_id_118_Facility_tr_137,U,OOD,head_only,per_sample_finetune,per_sample_auroc,0.7521,0.7292,0.6364,22,,42,2026-08-24T17:27:27
divoe,TSB-U-OOD_055_SEG_55000_420_UCR_id_118_Facility_tr_137,U,OOD,full_net,per_sample_finetune,per_sample_auroc,0.4793,0.526,1.0,22,,42,2026-08-24T17:29:10
diversemix,TSB-U-OOD_055_SEG_55000_420_UCR_id_118_Facility_tr_137,U,OOD,head_only,per_sample_finetune,per_sample_auroc,0.6942,0.7333,0.7273,22,,42,2026-08-24T17:31:39
diversemix,TSB-U-OOD_055_SEG_55000_420_UCR_id_118_Facility_tr_137,U,OOD,full_net,per_sample_finetune,per_sample_auroc,0.9421,0.9255,0.0909,22,,42,2026-08-24T17:32:07
outlier_exposure,TSB-U-OOD_060_SEG_5000_295_TODS_id_9_Synthetic_tr_1250,U,OOD,head_only,per_sample_finetune,per_sample_auroc,0.49,0.5407,1.0,20,,42,2026-08-24T17:33:56
outlier_exposure,TSB-U-OOD_060_SEG_5000_295_TODS_id_9_Synthetic_tr_1250,U,OOD,full_net,per_sample_finetune,per_sample_auroc,0.64,0.716,1.0,20,,42,2026-08-24T17:33:57
divoe,TSB-U-OOD_060_SEG_5000_295_TODS_id_9_Synthetic_tr_1250,U,OOD,head_only,per_sample_finetune,per_sample_auroc,0.49,0.5407,1.0,20,,42,2026-08-24T17:34:02
divoe,TSB-U-OOD_060_SEG_5000_295_TODS_id_9_Synthetic_tr_1250,U,OOD,full_net,per_sample_finetune,per_sample_auroc,0.66,0.7266,1.0,20,,42,2026-08-24T17:34:08
diversemix,TSB-U-OOD_060_SEG_5000_295_TODS_id_9_Synthetic_tr_1250,U,OOD,head_only,per_sample_finetune,per_sample_auroc,0.86,0.8805,0.4,20,,42,2026-08-24T17:34:19
diversemix,TSB-U-OOD_060_SEG_5000_295_TODS_id_9_Synthetic_tr_1250,U,OOD,full_net,per_sample_finetune,per_sample_auroc,0.43,0.5274,1.0,20,,42,2026-08-24T17:34:20
outlier_exposure,TSB-U-OOD_061_SEG_15285_076_WSD_id_48_WebService_tr_38,U,OOD,head_only,per_sample_finetune,per_sample_auroc,1.0,1.0,0.0,4,,42,2026-08-24T17:34:59
outlier_exposure,TSB-U-OOD_061_SEG_15285_076_WSD_id_48_WebService_tr_38,U,OOD,full_net,per_sample_finetune,per_sample_auroc,0.75,0.8333,0.5,4,,42,2026-08-24T17:35:02
divoe,TSB-U-OOD_061_SEG_15285_076_WSD_id_48_WebService_tr_38,U,OOD,head_only,per_sample_finetune,per_sample_auroc,1.0,1.0,0.0,4,,42,2026-08-24T17:35:12
divoe,TSB-U-OOD_061_SEG_15285_076_WSD_id_48_WebService_tr_38,U,OOD,full_net,per_sample_finetune,per_sample_auroc,1.0,1.0,0.0,4,,42,2026-08-24T17:35:29
diversemix,TSB-U-OOD_061_SEG_15285_076_WSD_id_48_WebService_tr_38,U,OOD,head_only,per_sample_finetune,per_sample_auroc,0.0,0.4167,1.0,4,,42,2026-08-24T17:35:54
diversemix,TSB-U-OOD_061_SEG_15285_076_WSD_id_48_WebService_tr_38,U,OOD,full_net,per_sample_finetune,per_sample_auroc,0.75,0.8333,0.5,4,,42,2026-08-24T17:35:59
outlier_exposure,TSB-U-OOD_062_SEG_650000_176_MITDB_id_7_Medical_tr_623,U,OOD,head_only,per_sample_finetune,per_sample_auroc,0.48,0.5126,0.8333,60,,42,2026-08-24T17:36:47
outlier_exposure,TSB-U-OOD_062_SEG_650000_176_MITDB_id_7_Medical_tr_623,U,OOD,full_net,per_sample_finetune,per_sample_auroc,0.5678,0.6054,0.8,60,,42,2026-08-24T17:36:51
divoe,TSB-U-OOD_062_SEG_650000_176_MITDB_id_7_Medical_tr_623,U,OOD,head_only,per_sample_finetune,per_sample_auroc,0.5033,0.5299,0.8333,60,,42,2026-08-24T17:37:02
divoe,TSB-U-OOD_062_SEG_650000_176_MITDB_id_7_Medical_tr_623,U,OOD,full_net,per_sample_finetune,per_sample_auroc,0.6067,0.602,0.8667,60,,42,2026-08-24T17:37:17
diversemix,TSB-U-OOD_062_SEG_650000_176_MITDB_id_7_Medical_tr_623,U,OOD,head_only,per_sample_finetune,per_sample_auroc,0.3922,0.4209,0.8667,60,,42,2026-08-24T17:37:42
diversemix,TSB-U-OOD_062_SEG_650000_176_MITDB_id_7_Medical_tr_623,U,OOD,full_net,per_sample_finetune,per_sample_auroc,0.6222,0.6664,0.7667,60,,42,2026-08-24T17:37:45
outlier_exposure,TSB-U-OOD_063_SEG_149123_263_IOPS_id_4_WebService_tr_3,U,OOD,head_only,per_sample_finetune,per_sample_auroc,0.2803,0.3941,1.0,34,,42,2026-08-24T17:38:19
outlier_exposure,TSB-U-OOD_063_SEG_149123_263_IOPS_id_4_WebService_tr_3,U,OOD,full_net,per_sample_finetune,per_sample_auroc,0.6817,0.6697,0.8824,34,,42,2026-08-24T17:38:21
divoe,TSB-U-OOD_063_SEG_149123_263_IOPS_id_4_WebService_tr_3,U,OOD,head_only,per_sample_finetune,per_sample_auroc,0.263,0.3893,1.0,34,,42,2026-08-24T17:38:28
divoe,TSB-U-OOD_063_SEG_149123_263_IOPS_id_4_WebService_tr_3,U,OOD,full_net,per_sample_finetune,per_sample_auroc,0.4775,0.5343,0.9412,34,,42,2026-08-24T17:38:39
diversemix,TSB-U-OOD_063_SEG_149123_263_IOPS_id_4_WebService_tr_3,U,OOD,head_only,per_sample_finetune,per_sample_auroc,0.8478,0.8699,0.5882,34,,42,2026-08-24T17:38:57
diversemix,TSB-U-OOD_063_SEG_149123_263_IOPS_id_4_WebService_tr_3,U,OOD,full_net,per_sample_finetune,per_sample_auroc,0.8824,0.9053,0.5882,34,,42,2026-08-24T17:39:00
outlier_exposure,TSB-U-OOD_065_SEG_1427_594_YAHOO_id_44_WebService_tr_5,U,OOD,head_only,per_sample_finetune,per_sample_auroc,0.1111,0.4111,1.0,6,,42,2026-08-24T17:39:14
outlier_exposure,TSB-U-OOD_065_SEG_1427_594_YAHOO_id_44_WebService_tr_5,U,OOD,full_net,per_sample_finetune,per_sample_auroc,0.4444,0.6667,1.0,6,,42,2026-08-24T17:39:15
divoe,TSB-U-OOD_065_SEG_1427_594_YAHOO_id_44_WebService_tr_5,U,OOD,head_only,per_sample_finetune,per_sample_auroc,0.1111,0.4111,1.0,6,,42,2026-08-24T17:39:19
divoe,TSB-U-OOD_065_SEG_1427_594_YAHOO_id_44_WebService_tr_5,U,OOD,full_net,per_sample_finetune,per_sample_auroc,0.3333,0.5,1.0,6,,42,2026-08-24T17:39:24
diversemix,TSB-U-OOD_065_SEG_1427_594_YAHOO_id_44_WebService_tr_5,U,OOD,head_only,per_sample_finetune,per_sample_auroc,1.0,1.0,0.0,6,,42,2026-08-24T17:39:30
diversemix,TSB-U-OOD_065_SEG_1427_594_YAHOO_id_44_WebService_tr_5,U,OOD,full_net,per_sample_finetune,per_sample_auroc,1.0,1.0,0.0,6,,42,2026-08-24T17:39:31
outlier_exposure,TSB-U-OOD_066_SEG_30000_441_UCR_id_139_Facility_tr_750,U,OOD,head_only,per_sample_finetune,per_sample_auroc,0.321,0.4458,1.0,18,,42,2026-08-24T17:40:40
outlier_exposure,TSB-U-OOD_066_SEG_30000_441_UCR_id_139_Facility_tr_750,U,OOD,full_net,per_sample_finetune,per_sample_auroc,0.4815,0.4815,0.6667,18,,42,2026-08-24T17:40:47
divoe,TSB-U-OOD_066_SEG_30000_441_UCR_id_139_Facility_tr_750,U,OOD,head_only,per_sample_finetune,per_sample_auroc,0.3951,0.5302,1.0,18,,42,2026-08-24T17:41:09
divoe,TSB-U-OOD_066_SEG_30000_441_UCR_id_139_Facility_tr_750,U,OOD,full_net,per_sample_finetune,per_sample_auroc,0.4691,0.5669,0.8889,18,,42,2026-08-24T17:41:37
diversemix,TSB-U-OOD_066_SEG_30000_441_UCR_id_139_Facility_tr_750,U,OOD,head_only,per_sample_finetune,per_sample_auroc,0.6914,0.7738,1.0,18,,42,2026-08-24T17:42:23
diversemix,TSB-U-OOD_066_SEG_30000_441_UCR_id_139_Facility_tr_750,U,OOD,full_net,per_sample_finetune,per_sample_auroc,0.642,0.6217,1.0,18,,42,2026-08-24T17:42:30
outlier_exposure,TSB-U-OOD_068_SEG_100000_232_MGAB_id_8_Synthetic_tr_25,U,OOD,head_only,per_sample_finetune,per_sample_auroc,0.6798,0.7203,0.8182,44,,42,2026-08-24T17:46:01
outlier_exposure,TSB-U-OOD_068_SEG_100000_232_MGAB_id_8_Synthetic_tr_25,U,OOD,full_net,per_sample_finetune,per_sample_auroc,0.6198,0.6689,0.8182,44,,42,2026-08-24T17:46:20
divoe,TSB-U-OOD_068_SEG_100000_232_MGAB_id_8_Synthetic_tr_25,U,OOD,head_only,per_sample_finetune,per_sample_auroc,0.7087,0.7615,0.9091,44,,42,2026-08-24T17:47:09
divoe,TSB-U-OOD_068_SEG_100000_232_MGAB_id_8_Synthetic_tr_25,U,OOD,full_net,per_sample_finetune,per_sample_auroc,0.4814,0.5918,0.8636,44,,42,2026-08-24T17:48:10
diversemix,TSB-U-OOD_068_SEG_100000_232_MGAB_id_8_Synthetic_tr_25,U,OOD,head_only,per_sample_finetune,per_sample_auroc,0.7314,0.7484,0.8182,44,,42,2026-08-24T17:49:54
diversemix,TSB-U-OOD_068_SEG_100000_232_MGAB_id_8_Synthetic_tr_25,U,OOD,full_net,per_sample_finetune,per_sample_auroc,0.5434,0.6054,0.9545,44,,42,2026-08-24T17:50:11
outlier_exposure,TSB-U-OOD_069_SEG_38269_367_UCR_id_65_Medical_tr_9567_,U,OOD,head_only,per_sample_finetune,per_sample_auroc,0.5625,0.75,1.0,8,,42,2026-08-24T17:52:25
outlier_exposure,TSB-U-OOD_069_SEG_38269_367_UCR_id_65_Medical_tr_9567_,U,OOD,full_net,per_sample_finetune,per_sample_auroc,0.25,0.4571,1.0,8,,42,2026-08-24T17:52:33
divoe,TSB-U-OOD_069_SEG_38269_367_UCR_id_65_Medical_tr_9567_,U,OOD,head_only,per_sample_finetune,per_sample_auroc,0.5625,0.75,1.0,8,,42,2026-08-24T17:52:57
divoe,TSB-U-OOD_069_SEG_38269_367_UCR_id_65_Medical_tr_9567_,U,OOD,full_net,per_sample_finetune,per_sample_auroc,0.25,0.4333,1.0,8,,42,2026-08-24T17:53:31
diversemix,TSB-U-OOD_069_SEG_38269_367_UCR_id_65_Medical_tr_9567_,U,OOD,head_only,per_sample_finetune,per_sample_auroc,0.9375,0.95,0.25,8,,42,2026-08-24T17:54:18
diversemix,TSB-U-OOD_069_SEG_38269_367_UCR_id_65_Medical_tr_9567_,U,OOD,full_net,per_sample_finetune,per_sample_auroc,0.25,0.4333,1.0,8,,42,2026-08-24T17:54:27
outlier_exposure,TSB-U-OOD_074_SEG_128001_472_UCR_id_170_Facility_tr_32,U,OOD,head_only,per_sample_finetune,per_sample_auroc,0.0,0.3833,1.0,6,,42,2026-08-24T18:00:26
outlier_exposure,TSB-U-OOD_074_SEG_128001_472_UCR_id_170_Facility_tr_32,U,OOD,full_net,per_sample_finetune,per_sample_auroc,0.0,0.3833,1.0,6,,42,2026-08-24T18:00:55
divoe,TSB-U-OOD_074_SEG_128001_472_UCR_id_170_Facility_tr_32,U,OOD,head_only,per_sample_finetune,per_sample_auroc,0.0,0.3833,1.0,6,,42,2026-08-24T18:02:32
divoe,TSB-U-OOD_074_SEG_128001_472_UCR_id_170_Facility_tr_32,U,OOD,full_net,per_sample_finetune,per_sample_auroc,0.3333,0.6333,1.0,6,,42,2026-08-24T18:05:00
diversemix,TSB-U-OOD_074_SEG_128001_472_UCR_id_170_Facility_tr_32,U,OOD,head_only,per_sample_finetune,per_sample_auroc,1.0,1.0,0.0,6,,42,2026-08-24T18:08:32
diversemix,TSB-U-OOD_074_SEG_128001_472_UCR_id_170_Facility_tr_32,U,OOD,full_net,per_sample_finetune,per_sample_auroc,1.0,1.0,0.0,6,,42,2026-08-24T18:09:12
outlier_exposure,TSB-U-OOD_077_SEG_100000_222_LTDB_id_7_Medical_tr_3618,U,OOD,head_only,per_sample_finetune,per_sample_auroc,0.608,0.6729,0.8333,36,,42,2026-08-24T18:11:28
outlier_exposure,TSB-U-OOD_077_SEG_100000_222_LTDB_id_7_Medical_tr_3618,U,OOD,full_net,per_sample_finetune,per_sample_auroc,0.7315,0.7598,0.8333,36,,42,2026-08-24T18:11:30
divoe,TSB-U-OOD_077_SEG_100000_222_LTDB_id_7_Medical_tr_3618,U,OOD,head_only,per_sample_finetune,per_sample_auroc,0.6049,0.6728,0.8333,36,,42,2026-08-24T18:11:38
divoe,TSB-U-OOD_077_SEG_100000_222_LTDB_id_7_Medical_tr_3618,U,OOD,full_net,per_sample_finetune,per_sample_auroc,0.7407,0.7577,0.8333,36,,42,2026-08-24T18:11:49
diversemix,TSB-U-OOD_077_SEG_100000_222_LTDB_id_7_Medical_tr_3618,U,OOD,head_only,per_sample_finetune,per_sample_auroc,0.5772,0.6087,0.7222,36,,42,2026-08-24T18:12:12
diversemix,TSB-U-OOD_077_SEG_100000_222_LTDB_id_7_Medical_tr_3618,U,OOD,full_net,per_sample_finetune,per_sample_auroc,0.6574,0.7034,0.9444,36,,42,2026-08-24T18:12:15
outlier_exposure,TSB-U-OOD_079_SEG_100000_224_LTDB_id_9_Medical_tr_4456,U,OOD,head_only,per_sample_finetune,per_sample_auroc,0.6839,0.7645,1.0,44,,42,2026-08-24T18:13:10
outlier_exposure,TSB-U-OOD_079_SEG_100000_224_LTDB_id_9_Medical_tr_4456,U,OOD,full_net,per_sample_finetune,per_sample_auroc,0.7955,0.824,0.7727,44,,42,2026-08-24T18:13:13
divoe,TSB-U-OOD_079_SEG_100000_224_LTDB_id_9_Medical_tr_4456,U,OOD,head_only,per_sample_finetune,per_sample_auroc,0.6798,0.745,1.0,44,,42,2026-08-24T18:13:21
divoe,TSB-U-OOD_079_SEG_100000_224_LTDB_id_9_Medical_tr_4456,U,OOD,full_net,per_sample_finetune,per_sample_auroc,0.7665,0.7593,0.9091,44,,42,2026-08-24T18:13:33
diversemix,TSB-U-OOD_079_SEG_100000_224_LTDB_id_9_Medical_tr_4456,U,OOD,head_only,per_sample_finetune,per_sample_auroc,0.3678,0.5528,0.8636,44,,42,2026-08-24T18:13:55
diversemix,TSB-U-OOD_079_SEG_100000_224_LTDB_id_9_Medical_tr_4456,U,OOD,full_net,per_sample_finetune,per_sample_auroc,0.6116,0.6099,0.5909,44,,42,2026-08-24T18:13:58
outlier_exposure,TSB-U-OOD_081_SEG_29950_464_UCR_id_162_Medical_tr_7487,U,OOD,head_only,per_sample_finetune,per_sample_auroc,0.1875,0.4125,1.0,8,,42,2026-08-24T18:15:39
outlier_exposure,TSB-U-OOD_081_SEG_29950_464_UCR_id_162_Medical_tr_7487,U,OOD,full_net,per_sample_finetune,per_sample_auroc,0.625,0.622,0.75,8,,42,2026-08-24T18:15:47
divoe,TSB-U-OOD_081_SEG_29950_464_UCR_id_162_Medical_tr_7487,U,OOD,head_only,per_sample_finetune,per_sample_auroc,0.125,0.3946,1.0,8,,42,2026-08-24T18:16:13
divoe,TSB-U-OOD_081_SEG_29950_464_UCR_id_162_Medical_tr_7487,U,OOD,full_net,per_sample_finetune,per_sample_auroc,0.75,0.8167,0.5,8,,42,2026-08-24T18:16:48
diversemix,TSB-U-OOD_081_SEG_29950_464_UCR_id_162_Medical_tr_7487,U,OOD,head_only,per_sample_finetune,per_sample_auroc,1.0,1.0,0.0,8,,42,2026-08-24T18:17:40
diversemix,TSB-U-OOD_081_SEG_29950_464_UCR_id_162_Medical_tr_7487,U,OOD,full_net,per_sample_finetune,per_sample_auroc,0.4375,0.525,1.0,8,,42,2026-08-24T18:17:49
outlier_exposure,TSB-U-OOD_082_SEG_1421_582_YAHOO_id_32_Synthetic_tr_50,U,OOD,head_only,per_sample_finetune,per_sample_auroc,0.4444,0.6667,1.0,6,,42,2026-08-24T18:18:27
outlier_exposure,TSB-U-OOD_082_SEG_1421_582_YAHOO_id_32_Synthetic_tr_50,U,OOD,full_net,per_sample_finetune,per_sample_auroc,0.7778,0.8056,0.3333,6,,42,2026-08-24T18:18:28
divoe,TSB-U-OOD_082_SEG_1421_582_YAHOO_id_32_Synthetic_tr_50,U,OOD,head_only,per_sample_finetune,per_sample_auroc,0.4444,0.6667,1.0,6,,42,2026-08-24T18:18:31
divoe,TSB-U-OOD_082_SEG_1421_582_YAHOO_id_32_Synthetic_tr_50,U,OOD,full_net,per_sample_finetune,per_sample_auroc,1.0,1.0,0.0,6,,42,2026-08-24T18:18:36
diversemix,TSB-U-OOD_082_SEG_1421_582_YAHOO_id_32_Synthetic_tr_50,U,OOD,head_only,per_sample_finetune,per_sample_auroc,0.4444,0.6667,1.0,6,,42,2026-08-24T18:18:44
diversemix,TSB-U-OOD_082_SEG_1421_582_YAHOO_id_32_Synthetic_tr_50,U,OOD,full_net,per_sample_finetune,per_sample_auroc,0.7778,0.8667,0.6667,6,,42,2026-08-24T18:18:45
outlier_exposure,TSB-U-OOD_085_SEG_2430_147_MSL_id_8_Sensor_tr_590_1st_,U,OOD,head_only,per_sample_finetune,per_sample_auroc,0.7778,0.8056,0.3333,6,,42,2026-08-24T18:18:55
outlier_exposure,TSB-U-OOD_085_SEG_2430_147_MSL_id_8_Sensor_tr_590_1st_,U,OOD,full_net,per_sample_finetune,per_sample_auroc,0.4444,0.5556,1.0,6,,42,2026-08-24T18:18:56
divoe,TSB-U-OOD_085_SEG_2430_147_MSL_id_8_Sensor_tr_590_1st_,U,OOD,head_only,per_sample_finetune,per_sample_auroc,0.7778,0.8056,0.3333,6,,42,2026-08-24T18:18:59
divoe,TSB-U-OOD_085_SEG_2430_147_MSL_id_8_Sensor_tr_590_1st_,U,OOD,full_net,per_sample_finetune,per_sample_auroc,0.4444,0.6667,1.0,6,,42,2026-08-24T18:19:05
diversemix,TSB-U-OOD_085_SEG_2430_147_MSL_id_8_Sensor_tr_590_1st_,U,OOD,head_only,per_sample_finetune,per_sample_auroc,0.5556,0.5889,0.6667,6,,42,2026-08-24T18:19:13
diversemix,TSB-U-OOD_085_SEG_2430_147_MSL_id_8_Sensor_tr_590_1st_,U,OOD,full_net,per_sample_finetune,per_sample_auroc,0.2222,0.4667,1.0,6,,42,2026-08-24T18:19:14
outlier_exposure,TSB-U-OOD_086_SEG_6138_267_IOPS_id_8_WebService_tr_153,U,OOD,head_only,per_sample_finetune,per_sample_auroc,0.5312,0.5459,0.75,16,,42,2026-08-24T18:19:30
outlier_exposure,TSB-U-OOD_086_SEG_6138_267_IOPS_id_8_WebService_tr_153,U,OOD,full_net,per_sample_finetune,per_sample_auroc,0.3906,0.5202,1.0,16,,42,2026-08-24T18:19:32
divoe,TSB-U-OOD_086_SEG_6138_267_IOPS_id_8_WebService_tr_153,U,OOD,head_only,per_sample_finetune,per_sample_auroc,0.5312,0.5459,0.75,16,,42,2026-08-24T18:19:35
divoe,TSB-U-OOD_086_SEG_6138_267_IOPS_id_8_WebService_tr_153,U,OOD,full_net,per_sample_finetune,per_sample_auroc,0.3281,0.4803,1.0,16,,42,2026-08-24T18:19:41
diversemix,TSB-U-OOD_086_SEG_6138_267_IOPS_id_8_WebService_tr_153,U,OOD,head_only,per_sample_finetune,per_sample_auroc,0.7656,0.816,0.5,16,,42,2026-08-24T18:19:48
diversemix,TSB-U-OOD_086_SEG_6138_267_IOPS_id_8_WebService_tr_153,U,OOD,full_net,per_sample_finetune,per_sample_auroc,0.7031,0.7376,0.875,16,,42,2026-08-24T18:19:50
outlier_exposure,TSB-U-OOD_088_SEG_9998_514_UCR_id_212_Medical_tr_2499_,U,OOD,head_only,per_sample_finetune,per_sample_auroc,0.1875,0.4125,1.0,8,,42,2026-08-24T18:20:32
outlier_exposure,TSB-U-OOD_088_SEG_9998_514_UCR_id_212_Medical_tr_2499_,U,OOD,full_net,per_sample_finetune,per_sample_auroc,0.5625,0.6042,1.0,8,,42,2026-08-24T18:20:35
divoe,TSB-U-OOD_088_SEG_9998_514_UCR_id_212_Medical_tr_2499_,U,OOD,head_only,per_sample_finetune,per_sample_auroc,0.1875,0.4125,1.0,8,,42,2026-08-24T18:20:48
divoe,TSB-U-OOD_088_SEG_9998_514_UCR_id_212_Medical_tr_2499_,U,OOD,full_net,per_sample_finetune,per_sample_auroc,0.75,0.875,1.0,8,,42,2026-08-24T18:21:05
diversemix,TSB-U-OOD_088_SEG_9998_514_UCR_id_212_Medical_tr_2499_,U,OOD,head_only,per_sample_finetune,per_sample_auroc,1.0,1.0,0.0,8,,42,2026-08-24T18:21:37
diversemix,TSB-U-OOD_088_SEG_9998_514_UCR_id_212_Medical_tr_2499_,U,OOD,full_net,per_sample_finetune,per_sample_auroc,0.75,0.8304,0.75,8,,42,2026-08-24T18:21:43
outlier_exposure,TSB-U-OOD_089_SEG_41790_470_UCR_id_168_Medical_tr_1044,U,OOD,head_only,per_sample_finetune,per_sample_auroc,0.56,0.7111,0.8,10,,42,2026-08-24T18:22:57
outlier_exposure,TSB-U-OOD_089_SEG_41790_470_UCR_id_168_Medical_tr_1044,U,OOD,full_net,per_sample_finetune,per_sample_auroc,0.96,0.9667,0.2,10,,42,2026-08-24T18:23:01
divoe,TSB-U-OOD_089_SEG_41790_470_UCR_id_168_Medical_tr_1044,U,OOD,head_only,per_sample_finetune,per_sample_auroc,0.56,0.7111,0.8,10,,42,2026-08-24T18:23:18
divoe,TSB-U-OOD_089_SEG_41790_470_UCR_id_168_Medical_tr_1044,U,OOD,full_net,per_sample_finetune,per_sample_auroc,0.96,0.9667,0.2,10,,42,2026-08-24T18:23:40
diversemix,TSB-U-OOD_089_SEG_41790_470_UCR_id_168_Medical_tr_1044,U,OOD,head_only,per_sample_finetune,per_sample_auroc,0.28,0.4302,0.8,10,,42,2026-08-24T18:24:16
diversemix,TSB-U-OOD_089_SEG_41790_470_UCR_id_168_Medical_tr_1044,U,OOD,full_net,per_sample_finetune,per_sample_auroc,0.4,0.4693,0.6,10,,42,2026-08-24T18:24:22
outlier_exposure,TSB-U-OOD_090_SEG_211502_416_UCR_id_114_Medical_tr_500,U,OOD,head_only,per_sample_finetune,per_sample_auroc,0.4844,0.5143,0.8,30,,42,2026-08-24T18:32:17
outlier_exposure,TSB-U-OOD_090_SEG_211502_416_UCR_id_114_Medical_tr_500,U,OOD,full_net,per_sample_finetune,per_sample_auroc,0.3378,0.4123,0.9333,30,,42,2026-08-24T18:32:58
divoe,TSB-U-OOD_090_SEG_211502_416_UCR_id_114_Medical_tr_500,U,OOD,head_only,per_sample_finetune,per_sample_auroc,0.5822,0.6526,0.8,30,,42,2026-08-24T18:35:08
divoe,TSB-U-OOD_090_SEG_211502_416_UCR_id_114_Medical_tr_500,U,OOD,full_net,per_sample_finetune,per_sample_auroc,0.3644,0.4235,0.9333,30,,42,2026-08-24T18:38:09
diversemix,TSB-U-OOD_090_SEG_211502_416_UCR_id_114_Medical_tr_500,U,OOD,head_only,per_sample_finetune,per_sample_auroc,0.5556,0.6095,1.0,30,,42,2026-08-24T18:42:41
diversemix,TSB-U-OOD_090_SEG_211502_416_UCR_id_114_Medical_tr_500,U,OOD,full_net,per_sample_finetune,per_sample_auroc,0.68,0.6443,0.8,30,,42,2026-08-24T18:43:31
outlier_exposure,TSB-U-OOD_091_SEG_100000_232_MGAB_id_8_Synthetic_tr_25,U,OOD,head_only,per_sample_finetune,per_sample_auroc,0.4735,0.5687,0.9792,96,,42,2026-08-24T18:49:01
outlier_exposure,TSB-U-OOD_091_SEG_100000_232_MGAB_id_8_Synthetic_tr_25,U,OOD,full_net,per_sample_finetune,per_sample_auroc,0.4865,0.5835,0.9583,96,,42,2026-08-24T18:49:14
divoe,TSB-U-OOD_091_SEG_100000_232_MGAB_id_8_Synthetic_tr_25,U,OOD,head_only,per_sample_finetune,per_sample_auroc,0.4831,0.5826,0.9792,96,,42,2026-08-24T18:50:00
divoe,TSB-U-OOD_091_SEG_100000_232_MGAB_id_8_Synthetic_tr_25,U,OOD,full_net,per_sample_finetune,per_sample_auroc,0.444,0.5442,0.9583,96,,42,2026-08-24T18:51:09
diversemix,TSB-U-OOD_091_SEG_100000_232_MGAB_id_8_Synthetic_tr_25,U,OOD,head_only,per_sample_finetune,per_sample_auroc,0.5699,0.625,0.9375,96,,42,2026-08-24T18:52:54
diversemix,TSB-U-OOD_091_SEG_100000_232_MGAB_id_8_Synthetic_tr_25,U,OOD,full_net,per_sample_finetune,per_sample_auroc,0.6515,0.7079,1.0,96,,42,2026-08-24T18:53:14
outlier_exposure,TSB-U-OOD_092_SEG_2430_145_MSL_id_6_Sensor_tr_530_1st_,U,OOD,head_only,per_sample_finetune,per_sample_auroc,0.0,0.3833,1.0,6,,42,2026-08-24T18:54:17
outlier_exposure,TSB-U-OOD_092_SEG_2430_145_MSL_id_6_Sensor_tr_530_1st_,U,OOD,full_net,per_sample_finetune,per_sample_auroc,1.0,1.0,0.0,6,,42,2026-08-24T18:54:19
divoe,TSB-U-OOD_092_SEG_2430_145_MSL_id_6_Sensor_tr_530_1st_,U,OOD,head_only,per_sample_finetune,per_sample_auroc,0.1111,0.4111,1.0,6,,42,2026-08-24T18:54:22
divoe,TSB-U-OOD_092_SEG_2430_145_MSL_id_6_Sensor_tr_530_1st_,U,OOD,full_net,per_sample_finetune,per_sample_auroc,0.8889,0.9167,0.3333,6,,42,2026-08-24T18:54:28
diversemix,TSB-U-OOD_092_SEG_2430_145_MSL_id_6_Sensor_tr_530_1st_,U,OOD,head_only,per_sample_finetune,per_sample_auroc,1.0,1.0,0.0,6,,42,2026-08-24T18:54:35
diversemix,TSB-U-OOD_092_SEG_2430_145_MSL_id_6_Sensor_tr_530_1st_,U,OOD,full_net,per_sample_finetune,per_sample_auroc,0.0,0.3833,1.0,6,,42,2026-08-24T18:54:36
outlier_exposure,TSB-U-OOD_094_SEG_10744_096_WSD_id_68_WebService_tr_13,U,OOD,head_only,per_sample_finetune,per_sample_auroc,0.3673,0.5226,1.0,14,,42,2026-08-24T18:54:47
outlier_exposure,TSB-U-OOD_094_SEG_10744_096_WSD_id_68_WebService_tr_13,U,OOD,full_net,per_sample_finetune,per_sample_auroc,0.2857,0.5774,1.0,14,,42,2026-08-24T18:54:48
divoe,TSB-U-OOD_094_SEG_10744_096_WSD_id_68_WebService_tr_13,U,OOD,head_only,per_sample_finetune,per_sample_auroc,0.3673,0.5226,1.0,14,,42,2026-08-24T18:54:52
divoe,TSB-U-OOD_094_SEG_10744_096_WSD_id_68_WebService_tr_13,U,OOD,full_net,per_sample_finetune,per_sample_auroc,0.2857,0.4683,1.0,14,,42,2026-08-24T18:54:57
diversemix,TSB-U-OOD_094_SEG_10744_096_WSD_id_68_WebService_tr_13,U,OOD,head_only,per_sample_finetune,per_sample_auroc,0.4082,0.5642,1.0,14,,42,2026-08-24T18:55:07
diversemix,TSB-U-OOD_094_SEG_10744_096_WSD_id_68_WebService_tr_13,U,OOD,full_net,per_sample_finetune,per_sample_auroc,0.102,0.3612,1.0,14,,42,2026-08-24T18:55:08
outlier_exposure,TSB-U-OOD_095_SEG_17189_049_WSD_id_21_WebService_tr_42,U,OOD,head_only,per_sample_finetune,per_sample_auroc,0.1719,0.3752,0.875,16,,42,2026-08-24T18:55:46
outlier_exposure,TSB-U-OOD_095_SEG_17189_049_WSD_id_21_WebService_tr_42,U,OOD,full_net,per_sample_finetune,per_sample_auroc,0.9844,0.9861,0.125,16,,42,2026-08-24T18:55:51
divoe,TSB-U-OOD_095_SEG_17189_049_WSD_id_21_WebService_tr_42,U,OOD,head_only,per_sample_finetune,per_sample_auroc,0.1719,0.3752,0.875,16,,42,2026-08-24T18:56:04
divoe,TSB-U-OOD_095_SEG_17189_049_WSD_id_21_WebService_tr_42,U,OOD,full_net,per_sample_finetune,per_sample_auroc,1.0,1.0,0.0,16,,42,2026-08-24T18:56:20
diversemix,TSB-U-OOD_095_SEG_17189_049_WSD_id_21_WebService_tr_42,U,OOD,head_only,per_sample_finetune,per_sample_auroc,0.9531,0.9526,0.125,16,,42,2026-08-24T18:56:44
diversemix,TSB-U-OOD_095_SEG_17189_049_WSD_id_21_WebService_tr_42,U,OOD,full_net,per_sample_finetune,per_sample_auroc,0.9844,0.9861,0.125,16,,42,2026-08-24T18:56:49
outlier_exposure,TSB-U-OOD_099_SEG_8184_504_UCR_id_202_Environment_tr_2,U,OOD,head_only,per_sample_finetune,per_sample_auroc,1.0,1.0,0.0,6,,42,2026-08-24T18:57:35
outlier_exposure,TSB-U-OOD_099_SEG_8184_504_UCR_id_202_Environment_tr_2,U,OOD,full_net,per_sample_finetune,per_sample_auroc,0.7778,0.8667,0.6667,6,,42,2026-08-24T18:57:37
divoe,TSB-U-OOD_099_SEG_8184_504_UCR_id_202_Environment_tr_2,U,OOD,head_only,per_sample_finetune,per_sample_auroc,1.0,1.0,0.0,6,,42,2026-08-24T18:57:46
divoe,TSB-U-OOD_099_SEG_8184_504_UCR_id_202_Environment_tr_2,U,OOD,full_net,per_sample_finetune,per_sample_auroc,0.6667,0.7556,0.6667,6,,42,2026-08-24T18:57:59
diversemix,TSB-U-OOD_099_SEG_8184_504_UCR_id_202_Environment_tr_2,U,OOD,head_only,per_sample_finetune,per_sample_auroc,0.8889,0.9167,0.3333,6,,42,2026-08-24T18:58:18
diversemix,TSB-U-OOD_099_SEG_8184_504_UCR_id_202_Environment_tr_2,U,OOD,full_net,per_sample_finetune,per_sample_auroc,0.4444,0.5556,1.0,6,,42,2026-08-24T18:58:21
outlier_exposure,TSB-U-OOD_100_SEG_18236_067_WSD_id_39_WebService_tr_45,U,OOD,head_only,per_sample_finetune,per_sample_auroc,0.6,0.6944,0.8,10,,42,2026-08-24T18:59:54
outlier_exposure,TSB-U-OOD_100_SEG_18236_067_WSD_id_39_WebService_tr_45,U,OOD,full_net,per_sample_finetune,per_sample_auroc,1.0,1.0,0.0,10,,42,2026-08-24T19:00:00
divoe,TSB-U-OOD_100_SEG_18236_067_WSD_id_39_WebService_tr_45,U,OOD,head_only,per_sample_finetune,per_sample_auroc,0.68,0.8111,0.8,10,,42,2026-08-24T19:00:22
divoe,TSB-U-OOD_100_SEG_18236_067_WSD_id_39_WebService_tr_45,U,OOD,full_net,per_sample_finetune,per_sample_auroc,1.0,1.0,0.0,10,,42,2026-08-24T19:00:51
diversemix,TSB-U-OOD_100_SEG_18236_067_WSD_id_39_WebService_tr_45,U,OOD,head_only,per_sample_finetune,per_sample_auroc,0.68,0.7754,0.8,10,,42,2026-08-24T19:01:37
diversemix,TSB-U-OOD_100_SEG_18236_067_WSD_id_39_WebService_tr_45,U,OOD,full_net,per_sample_finetune,per_sample_auroc,0.76,0.8083,0.6,10,,42,2026-08-24T19:01:46
outlier_exposure,TSB-U-STABLE_002_SEG_18236_048_WSD_id_20_WebService_tr,U,STABLE,head_only,per_sample_finetune,per_sample_auroc,0.0,0.3833,1.0,6,,42,2026-08-24T19:03:14
outlier_exposure,TSB-U-STABLE_002_SEG_18236_048_WSD_id_20_WebService_tr,U,STABLE,full_net,per_sample_finetune,per_sample_auroc,0.2222,0.4444,1.0,6,,42,2026-08-24T19:03:20
divoe,TSB-U-STABLE_002_SEG_18236_048_WSD_id_20_WebService_tr,U,STABLE,head_only,per_sample_finetune,per_sample_auroc,0.0,0.3833,1.0,6,,42,2026-08-24T19:03:38
divoe,TSB-U-STABLE_002_SEG_18236_048_WSD_id_20_WebService_tr,U,STABLE,full_net,per_sample_finetune,per_sample_auroc,0.1111,0.4111,1.0,6,,42,2026-08-24T19:04:09
diversemix,TSB-U-STABLE_002_SEG_18236_048_WSD_id_20_WebService_tr,U,STABLE,head_only,per_sample_finetune,per_sample_auroc,1.0,1.0,0.0,6,,42,2026-08-24T19:04:52
diversemix,TSB-U-STABLE_002_SEG_18236_048_WSD_id_20_WebService_tr,U,STABLE,full_net,per_sample_finetune,per_sample_auroc,0.2222,0.4667,1.0,6,,42,2026-08-24T19:04:59
outlier_exposure,TSB-U-STABLE_003_SEG_1680_580_YAHOO_id_30_WebService_t,U,STABLE,head_only,per_sample_finetune,per_sample_auroc,0.0,0.5,1.0,2,,42,2026-08-24T19:05:25
outlier_exposure,TSB-U-STABLE_003_SEG_1680_580_YAHOO_id_30_WebService_t,U,STABLE,full_net,per_sample_finetune,per_sample_auroc,0.0,0.5,1.0,2,,42,2026-08-24T19:05:26
divoe,TSB-U-STABLE_003_SEG_1680_580_YAHOO_id_30_WebService_t,U,STABLE,head_only,per_sample_finetune,per_sample_auroc,0.0,0.5,1.0,2,,42,2026-08-24T19:05:29
divoe,TSB-U-STABLE_003_SEG_1680_580_YAHOO_id_30_WebService_t,U,STABLE,full_net,per_sample_finetune,per_sample_auroc,0.0,0.5,1.0,2,,42,2026-08-24T19:05:34
diversemix,TSB-U-STABLE_003_SEG_1680_580_YAHOO_id_30_WebService_t,U,STABLE,head_only,per_sample_finetune,per_sample_auroc,0.0,0.5,1.0,2,,42,2026-08-24T19:05:42
diversemix,TSB-U-STABLE_003_SEG_1680_580_YAHOO_id_30_WebService_t,U,STABLE,full_net,per_sample_finetune,per_sample_auroc,1.0,1.0,0.0,2,,42,2026-08-24T19:05:43
outlier_exposure,TSB-U-STABLE_004_SEG_1680_561_YAHOO_id_11_WebService_t,U,STABLE,head_only,per_sample_finetune,per_sample_auroc,0.0,0.4167,1.0,4,,42,2026-08-24T19:05:53
outlier_exposure,TSB-U-STABLE_004_SEG_1680_561_YAHOO_id_11_WebService_t,U,STABLE,full_net,per_sample_finetune,per_sample_auroc,0.25,0.5,1.0,4,,42,2026-08-24T19:05:54
divoe,TSB-U-STABLE_004_SEG_1680_561_YAHOO_id_11_WebService_t,U,STABLE,head_only,per_sample_finetune,per_sample_auroc,0.0,0.4167,1.0,4,,42,2026-08-24T19:05:56
divoe,TSB-U-STABLE_004_SEG_1680_561_YAHOO_id_11_WebService_t,U,STABLE,full_net,per_sample_finetune,per_sample_auroc,0.25,0.5,1.0,4,,42,2026-08-24T19:06:01
diversemix,TSB-U-STABLE_004_SEG_1680_561_YAHOO_id_11_WebService_t,U,STABLE,head_only,per_sample_finetune,per_sample_auroc,0.0,0.4167,1.0,4,,42,2026-08-24T19:06:08
diversemix,TSB-U-STABLE_004_SEG_1680_561_YAHOO_id_11_WebService_t,U,STABLE,full_net,per_sample_finetune,per_sample_auroc,0.5,0.5833,0.5,4,,42,2026-08-24T19:06:09
outlier_exposure,TSB-U-STABLE_009_SEG_1680_686_YAHOO_id_136_WebService_,U,STABLE,head_only,per_sample_finetune,per_sample_auroc,0.5625,0.6917,1.0,8,,42,2026-08-24T19:06:16
outlier_exposure,TSB-U-STABLE_009_SEG_1680_686_YAHOO_id_136_WebService_,U,STABLE,full_net,per_sample_finetune,per_sample_auroc,0.0625,0.378,1.0,8,,42,2026-08-24T19:06:17
divoe,TSB-U-STABLE_009_SEG_1680_686_YAHOO_id_136_WebService_,U,STABLE,head_only,per_sample_finetune,per_sample_auroc,0.5625,0.6917,1.0,8,,42,2026-08-24T19:06:21
divoe,TSB-U-STABLE_009_SEG_1680_686_YAHOO_id_136_WebService_,U,STABLE,full_net,per_sample_finetune,per_sample_auroc,0.0,0.3655,1.0,8,,42,2026-08-24T19:06:26
diversemix,TSB-U-STABLE_009_SEG_1680_686_YAHOO_id_136_WebService_,U,STABLE,head_only,per_sample_finetune,per_sample_auroc,0.9375,0.95,0.25,8,,42,2026-08-24T19:06:33
diversemix,TSB-U-STABLE_009_SEG_1680_686_YAHOO_id_136_WebService_,U,STABLE,full_net,per_sample_finetune,per_sample_auroc,0.5,0.7321,1.0,8,,42,2026-08-24T19:06:35
outlier_exposure,TSB-U-STABLE_010_SEG_18391_054_WSD_id_26_WebService_tr,U,STABLE,head_only,per_sample_finetune,per_sample_auroc,0.4722,0.5401,1.0,24,,42,2026-08-24T19:06:51
outlier_exposure,TSB-U-STABLE_010_SEG_18391_054_WSD_id_26_WebService_tr,U,STABLE,full_net,per_sample_finetune,per_sample_auroc,0.7361,0.78,0.6667,24,,42,2026-08-24T19:06:52
divoe,TSB-U-STABLE_010_SEG_18391_054_WSD_id_26_WebService_tr,U,STABLE,head_only,per_sample_finetune,per_sample_auroc,0.4653,0.5363,1.0,24,,42,2026-08-24T19:06:56
divoe,TSB-U-STABLE_010_SEG_18391_054_WSD_id_26_WebService_tr,U,STABLE,full_net,per_sample_finetune,per_sample_auroc,0.7014,0.8105,0.9167,24,,42,2026-08-24T19:07:01
diversemix,TSB-U-STABLE_010_SEG_18391_054_WSD_id_26_WebService_tr,U,STABLE,head_only,per_sample_finetune,per_sample_auroc,0.5278,0.5969,1.0,24,,42,2026-08-24T19:07:11
diversemix,TSB-U-STABLE_010_SEG_18391_054_WSD_id_26_WebService_tr,U,STABLE,full_net,per_sample_finetune,per_sample_auroc,0.3819,0.4909,1.0,24,,42,2026-08-24T19:07:13
outlier_exposure,TSB-U-STABLE_014_SEG_1680_555_YAHOO_id_5_WebService_tr,U,STABLE,head_only,per_sample_finetune,per_sample_auroc,0.0625,0.378,1.0,8,,42,2026-08-24T19:07:23
outlier_exposure,TSB-U-STABLE_014_SEG_1680_555_YAHOO_id_5_WebService_tr,U,STABLE,full_net,per_sample_finetune,per_sample_auroc,0.9375,0.95,0.25,8,,42,2026-08-24T19:07:24
divoe,TSB-U-STABLE_014_SEG_1680_555_YAHOO_id_5_WebService_tr,U,STABLE,head_only,per_sample_finetune,per_sample_auroc,0.0625,0.378,1.0,8,,42,2026-08-24T19:07:27
divoe,TSB-U-STABLE_014_SEG_1680_555_YAHOO_id_5_WebService_tr,U,STABLE,full_net,per_sample_finetune,per_sample_auroc,0.625,0.775,1.0,8,,42,2026-08-24T19:07:32
diversemix,TSB-U-STABLE_014_SEG_1680_555_YAHOO_id_5_WebService_tr,U,STABLE,head_only,per_sample_finetune,per_sample_auroc,0.8125,0.8929,0.75,8,,42,2026-08-24T19:07:44
diversemix,TSB-U-STABLE_014_SEG_1680_555_YAHOO_id_5_WebService_tr,U,STABLE,full_net,per_sample_finetune,per_sample_auroc,1.0,1.0,0.0,8,,42,2026-08-24T19:07:46
outlier_exposure,TSB-U-STABLE_018_SEG_59000_490_UCR_id_188_Medical_tr_1,U,STABLE,head_only,per_sample_finetune,per_sample_auroc,0.7656,0.7954,0.625,16,,42,2026-08-24T19:11:44
outlier_exposure,TSB-U-STABLE_018_SEG_59000_490_UCR_id_188_Medical_tr_1,U,STABLE,full_net,per_sample_finetune,per_sample_auroc,0.7344,0.7437,0.875,16,,42,2026-08-24T19:12:06
divoe,TSB-U-STABLE_018_SEG_59000_490_UCR_id_188_Medical_tr_1,U,STABLE,head_only,per_sample_finetune,per_sample_auroc,0.7656,0.8003,0.75,16,,42,2026-08-24T19:13:14
divoe,TSB-U-STABLE_018_SEG_59000_490_UCR_id_188_Medical_tr_1,U,STABLE,full_net,per_sample_finetune,per_sample_auroc,0.6406,0.756,0.875,16,,42,2026-08-24T19:14:50
diversemix,TSB-U-STABLE_018_SEG_59000_490_UCR_id_188_Medical_tr_1,U,STABLE,head_only,per_sample_finetune,per_sample_auroc,0.6406,0.7267,1.0,16,,42,2026-08-24T19:17:09
diversemix,TSB-U-STABLE_018_SEG_59000_490_UCR_id_188_Medical_tr_1,U,STABLE,full_net,per_sample_finetune,per_sample_auroc,0.5,0.5287,0.875,16,,42,2026-08-24T19:17:34
outlier_exposure,TSB-U-STABLE_021_SEG_10686_032_WSD_id_4_WebService_tr_,U,STABLE,head_only,per_sample_finetune,per_sample_auroc,0.1406,0.3683,1.0,16,,42,2026-08-24T19:19:10
outlier_exposure,TSB-U-STABLE_021_SEG_10686_032_WSD_id_4_WebService_tr_,U,STABLE,full_net,per_sample_finetune,per_sample_auroc,0.6875,0.7417,1.0,16,,42,2026-08-24T19:19:12
divoe,TSB-U-STABLE_021_SEG_10686_032_WSD_id_4_WebService_tr_,U,STABLE,head_only,per_sample_finetune,per_sample_auroc,0.125,0.3649,1.0,16,,42,2026-08-24T19:19:19
divoe,TSB-U-STABLE_021_SEG_10686_032_WSD_id_4_WebService_tr_,U,STABLE,full_net,per_sample_finetune,per_sample_auroc,0.8281,0.8292,0.625,16,,42,2026-08-24T19:19:30
diversemix,TSB-U-STABLE_021_SEG_10686_032_WSD_id_4_WebService_tr_,U,STABLE,head_only,per_sample_finetune,per_sample_auroc,0.9688,0.9705,0.125,16,,42,2026-08-24T19:19:47
diversemix,TSB-U-STABLE_021_SEG_10686_032_WSD_id_4_WebService_tr_,U,STABLE,full_net,per_sample_finetune,per_sample_auroc,0.6719,0.7051,0.75,16,,42,2026-08-24T19:19:49
outlier_exposure,TSB-U-STABLE_022_SEG_7415_371_UCR_id_69_Medical_tr_185,U,STABLE,head_only,per_sample_finetune,per_sample_auroc,0.8056,0.8135,0.3333,12,,42,2026-08-24T19:20:31
outlier_exposure,TSB-U-STABLE_022_SEG_7415_371_UCR_id_69_Medical_tr_185,U,STABLE,full_net,per_sample_finetune,per_sample_auroc,0.7778,0.7885,0.3333,12,,42,2026-08-24T19:20:35
divoe,TSB-U-STABLE_022_SEG_7415_371_UCR_id_69_Medical_tr_185,U,STABLE,head_only,per_sample_finetune,per_sample_auroc,0.8056,0.8135,0.3333,12,,42,2026-08-24T19:20:46
divoe,TSB-U-STABLE_022_SEG_7415_371_UCR_id_69_Medical_tr_185,U,STABLE,full_net,per_sample_finetune,per_sample_auroc,0.6111,0.7187,0.8333,12,,42,2026-08-24T19:21:02
diversemix,TSB-U-STABLE_022_SEG_7415_371_UCR_id_69_Medical_tr_185,U,STABLE,head_only,per_sample_finetune,per_sample_auroc,1.0,1.0,0.0,12,,42,2026-08-24T19:21:30
diversemix,TSB-U-STABLE_022_SEG_7415_371_UCR_id_69_Medical_tr_185,U,STABLE,full_net,per_sample_finetune,per_sample_auroc,0.9444,0.9484,0.1667,12,,42,2026-08-24T19:21:34
outlier_exposure,TSB-U-STABLE_024_SEG_1461_622_YAHOO_id_72_WebService_t,U,STABLE,head_only,per_sample_finetune,per_sample_auroc,1.0,1.0,0.0,4,,42,2026-08-24T19:21:53
outlier_exposure,TSB-U-STABLE_024_SEG_1461_622_YAHOO_id_72_WebService_t,U,STABLE,full_net,per_sample_finetune,per_sample_auroc,0.0,0.4167,1.0,4,,42,2026-08-24T19:21:54
divoe,TSB-U-STABLE_024_SEG_1461_622_YAHOO_id_72_WebService_t,U,STABLE,head_only,per_sample_finetune,per_sample_auroc,1.0,1.0,0.0,4,,42,2026-08-24T19:21:57
divoe,TSB-U-STABLE_024_SEG_1461_622_YAHOO_id_72_WebService_t,U,STABLE,full_net,per_sample_finetune,per_sample_auroc,0.0,0.4167,1.0,4,,42,2026-08-24T19:22:05
diversemix,TSB-U-STABLE_024_SEG_1461_622_YAHOO_id_72_WebService_t,U,STABLE,head_only,per_sample_finetune,per_sample_auroc,0.0,0.4167,1.0,4,,42,2026-08-24T19:22:12
diversemix,TSB-U-STABLE_024_SEG_1461_622_YAHOO_id_72_WebService_t,U,STABLE,full_net,per_sample_finetune,per_sample_auroc,0.75,0.8333,0.5,4,,42,2026-08-24T19:22:13
outlier_exposure,TSB-U-STABLE_025_SEG_1421_584_YAHOO_id_34_Synthetic_tr,U,STABLE,head_only,per_sample_finetune,per_sample_auroc,0.6667,0.7556,0.6667,6,,42,2026-08-24T19:22:23
outlier_exposure,TSB-U-STABLE_025_SEG_1421_584_YAHOO_id_34_Synthetic_tr,U,STABLE,full_net,per_sample_finetune,per_sample_auroc,0.8889,0.9167,0.3333,6,,42,2026-08-24T19:22:24
divoe,TSB-U-STABLE_025_SEG_1421_584_YAHOO_id_34_Synthetic_tr,U,STABLE,head_only,per_sample_finetune,per_sample_auroc,0.6667,0.7556,0.6667,6,,42,2026-08-24T19:22:27
divoe,TSB-U-STABLE_025_SEG_1421_584_YAHOO_id_34_Synthetic_tr,U,STABLE,full_net,per_sample_finetune,per_sample_auroc,1.0,1.0,0.0,6,,42,2026-08-24T19:22:33
diversemix,TSB-U-STABLE_025_SEG_1421_584_YAHOO_id_34_Synthetic_tr,U,STABLE,head_only,per_sample_finetune,per_sample_auroc,0.6667,0.6389,0.3333,6,,42,2026-08-24T19:22:43
diversemix,TSB-U-STABLE_025_SEG_1421_584_YAHOO_id_34_Synthetic_tr,U,STABLE,full_net,per_sample_finetune,per_sample_auroc,1.0,1.0,0.0,6,,42,2026-08-24T19:22:45
outlier_exposure,TSB-U-STABLE_026_SEG_10028_366_UCR_id_64_Medical_tr_25,U,STABLE,head_only,per_sample_finetune,per_sample_auroc,0.0,0.3468,1.0,12,,42,2026-08-24T19:23:31
outlier_exposure,TSB-U-STABLE_026_SEG_10028_366_UCR_id_64_Medical_tr_25,U,STABLE,full_net,per_sample_finetune,per_sample_auroc,0.8333,0.8417,0.5,12,,42,2026-08-24T19:23:36
divoe,TSB-U-STABLE_026_SEG_10028_366_UCR_id_64_Medical_tr_25,U,STABLE,head_only,per_sample_finetune,per_sample_auroc,0.0,0.3468,1.0,12,,42,2026-08-24T19:23:48
divoe,TSB-U-STABLE_026_SEG_10028_366_UCR_id_64_Medical_tr_25,U,STABLE,full_net,per_sample_finetune,per_sample_auroc,0.9444,0.9583,0.3333,12,,42,2026-08-24T19:24:01
diversemix,TSB-U-STABLE_026_SEG_10028_366_UCR_id_64_Medical_tr_25,U,STABLE,head_only,per_sample_finetune,per_sample_auroc,0.0,0.3468,1.0,12,,42,2026-08-24T19:24:24
diversemix,TSB-U-STABLE_026_SEG_10028_366_UCR_id_64_Medical_tr_25,U,STABLE,full_net,per_sample_finetune,per_sample_auroc,0.6111,0.5772,0.5,12,,42,2026-08-24T19:24:28
outlier_exposure,TSB-U-STABLE_031_SEG_1421_650_YAHOO_id_100_Synthetic_t,U,STABLE,head_only,per_sample_finetune,per_sample_auroc,0.3333,0.6333,1.0,6,,42,2026-08-24T19:24:51
outlier_exposure,TSB-U-STABLE_031_SEG_1421_650_YAHOO_id_100_Synthetic_t,U,STABLE,full_net,per_sample_finetune,per_sample_auroc,0.3333,0.6333,1.0,6,,42,2026-08-24T19:24:52
divoe,TSB-U-STABLE_031_SEG_1421_650_YAHOO_id_100_Synthetic_t,U,STABLE,head_only,per_sample_finetune,per_sample_auroc,0.3333,0.6333,1.0,6,,42,2026-08-24T19:24:56
divoe,TSB-U-STABLE_031_SEG_1421_650_YAHOO_id_100_Synthetic_t,U,STABLE,full_net,per_sample_finetune,per_sample_auroc,0.4444,0.5556,1.0,6,,42,2026-08-24T19:25:01
diversemix,TSB-U-STABLE_031_SEG_1421_650_YAHOO_id_100_Synthetic_t,U,STABLE,head_only,per_sample_finetune,per_sample_auroc,0.3333,0.6333,1.0,6,,42,2026-08-24T19:25:10
diversemix,TSB-U-STABLE_031_SEG_1421_650_YAHOO_id_100_Synthetic_t,U,STABLE,full_net,per_sample_finetune,per_sample_auroc,1.0,1.0,0.0,6,,42,2026-08-24T19:25:12
outlier_exposure,TSB-U-STABLE_032_SEG_23703_212_SMD_id_35_Facility_tr_5,U,STABLE,head_only,per_sample_finetune,per_sample_auroc,0.6735,0.6309,0.5714,14,,42,2026-08-24T19:26:41
outlier_exposure,TSB-U-STABLE_032_SEG_23703_212_SMD_id_35_Facility_tr_5,U,STABLE,full_net,per_sample_finetune,per_sample_auroc,0.7143,0.7473,0.7143,14,,42,2026-08-24T19:26:49
divoe,TSB-U-STABLE_032_SEG_23703_212_SMD_id_35_Facility_tr_5,U,STABLE,head_only,per_sample_finetune,per_sample_auroc,0.5714,0.54,0.7143,14,,42,2026-08-24T19:27:11
divoe,TSB-U-STABLE_032_SEG_23703_212_SMD_id_35_Facility_tr_5,U,STABLE,full_net,per_sample_finetune,per_sample_auroc,0.6735,0.7328,0.7143,14,,42,2026-08-24T19:27:44
diversemix,TSB-U-STABLE_032_SEG_23703_212_SMD_id_35_Facility_tr_5,U,STABLE,head_only,per_sample_finetune,per_sample_auroc,0.2857,0.4376,1.0,14,,42,2026-08-24T19:28:37
diversemix,TSB-U-STABLE_032_SEG_23703_212_SMD_id_35_Facility_tr_5,U,STABLE,full_net,per_sample_finetune,per_sample_auroc,0.6531,0.6282,1.0,14,,42,2026-08-24T19:28:47
outlier_exposure,TSB-U-STABLE_033_SEG_1421_635_YAHOO_id_85_Synthetic_tr,U,STABLE,head_only,per_sample_finetune,per_sample_auroc,0.7778,0.8667,0.6667,6,,42,2026-08-24T19:29:21
outlier_exposure,TSB-U-STABLE_033_SEG_1421_635_YAHOO_id_85_Synthetic_tr,U,STABLE,full_net,per_sample_finetune,per_sample_auroc,0.8889,0.9167,0.3333,6,,42,2026-08-24T19:29:22
divoe,TSB-U-STABLE_033_SEG_1421_635_YAHOO_id_85_Synthetic_tr,U,STABLE,head_only,per_sample_finetune,per_sample_auroc,0.7778,0.8667,0.6667,6,,42,2026-08-24T19:29:26
divoe,TSB-U-STABLE_033_SEG_1421_635_YAHOO_id_85_Synthetic_tr,U,STABLE,full_net,per_sample_finetune,per_sample_auroc,0.7778,0.8056,0.3333,6,,42,2026-08-24T19:29:33
diversemix,TSB-U-STABLE_033_SEG_1421_635_YAHOO_id_85_Synthetic_tr,U,STABLE,head_only,per_sample_finetune,per_sample_auroc,0.7778,0.8056,0.3333,6,,42,2026-08-24T19:29:41
diversemix,TSB-U-STABLE_033_SEG_1421_635_YAHOO_id_85_Synthetic_tr,U,STABLE,full_net,per_sample_finetune,per_sample_auroc,0.6667,0.6389,0.3333,6,,42,2026-08-24T19:29:42
outlier_exposure,TSB-U-STABLE_036_SEG_18236_064_WSD_id_36_WebService_tr,U,STABLE,head_only,per_sample_finetune,per_sample_auroc,0.4375,0.5012,0.75,8,,42,2026-08-24T19:30:36
outlier_exposure,TSB-U-STABLE_036_SEG_18236_064_WSD_id_36_WebService_tr,U,STABLE,full_net,per_sample_finetune,per_sample_auroc,0.75,0.8304,0.75,8,,42,2026-08-24T19:30:41
divoe,TSB-U-STABLE_036_SEG_18236_064_WSD_id_36_WebService_tr,U,STABLE,head_only,per_sample_finetune,per_sample_auroc,0.375,0.4833,1.0,8,,42,2026-08-24T19:30:57
divoe,TSB-U-STABLE_036_SEG_18236_064_WSD_id_36_WebService_tr,U,STABLE,full_net,per_sample_finetune,per_sample_auroc,0.6875,0.747,0.75,8,,42,2026-08-24T19:31:21
diversemix,TSB-U-STABLE_036_SEG_18236_064_WSD_id_36_WebService_tr,U,STABLE,head_only,per_sample_finetune,per_sample_auroc,0.4375,0.6179,0.75,8,,42,2026-08-24T19:31:54
diversemix,TSB-U-STABLE_036_SEG_18236_064_WSD_id_36_WebService_tr,U,STABLE,full_net,per_sample_finetune,per_sample_auroc,0.5,0.5429,0.75,8,,42,2026-08-24T19:32:01
outlier_exposure,TSB-U-STABLE_038_SEG_60000_327_UCR_id_25_Medical_tr_15,U,STABLE,head_only,per_sample_finetune,per_sample_auroc,0.321,0.4325,1.0,18,,42,2026-08-24T19:36:39
outlier_exposure,TSB-U-STABLE_038_SEG_60000_327_UCR_id_25_Medical_tr_15,U,STABLE,full_net,per_sample_finetune,per_sample_auroc,0.321,0.5803,1.0,18,,42,2026-08-24T19:36:59
divoe,TSB-U-STABLE_038_SEG_60000_327_UCR_id_25_Medical_tr_15,U,STABLE,head_only,per_sample_finetune,per_sample_auroc,0.3951,0.4776,1.0,18,,42,2026-08-24T19:38:09
divoe,TSB-U-STABLE_038_SEG_60000_327_UCR_id_25_Medical_tr_15,U,STABLE,full_net,per_sample_finetune,per_sample_auroc,0.3457,0.4819,1.0,18,,42,2026-08-24T19:39:56
diversemix,TSB-U-STABLE_038_SEG_60000_327_UCR_id_25_Medical_tr_15,U,STABLE,head_only,per_sample_finetune,per_sample_auroc,0.7531,0.8253,0.7778,18,,42,2026-08-24T19:42:43
diversemix,TSB-U-STABLE_038_SEG_60000_327_UCR_id_25_Medical_tr_15,U,STABLE,full_net,per_sample_finetune,per_sample_auroc,0.7901,0.8459,0.8889,18,,42,2026-08-24T19:43:12
outlier_exposure,TSB-U-STABLE_039_SEG_1680_649_YAHOO_id_99_WebService_t,U,STABLE,head_only,per_sample_finetune,per_sample_auroc,0.3061,0.4326,1.0,14,,42,2026-08-24T19:44:46
outlier_exposure,TSB-U-STABLE_039_SEG_1680_649_YAHOO_id_99_WebService_t,U,STABLE,full_net,per_sample_finetune,per_sample_auroc,0.1429,0.4663,1.0,14,,42,2026-08-24T19:44:47
divoe,TSB-U-STABLE_039_SEG_1680_649_YAHOO_id_99_WebService_t,U,STABLE,head_only,per_sample_finetune,per_sample_auroc,0.3061,0.4326,1.0,14,,42,2026-08-24T19:44:51
divoe,TSB-U-STABLE_039_SEG_1680_649_YAHOO_id_99_WebService_t,U,STABLE,full_net,per_sample_finetune,per_sample_auroc,0.7143,0.8113,1.0,14,,42,2026-08-24T19:44:58
diversemix,TSB-U-STABLE_039_SEG_1680_649_YAHOO_id_99_WebService_t,U,STABLE,head_only,per_sample_finetune,per_sample_auroc,0.7551,0.8626,0.8571,14,,42,2026-08-24T19:45:07
diversemix,TSB-U-STABLE_039_SEG_1680_649_YAHOO_id_99_WebService_t,U,STABLE,full_net,per_sample_finetune,per_sample_auroc,0.4694,0.6411,1.0,14,,42,2026-08-24T19:45:09
outlier_exposure,TSB-U-STABLE_042_SEG_1680_637_YAHOO_id_87_WebService_t,U,STABLE,head_only,per_sample_finetune,per_sample_auroc,0.5,0.75,1.0,4,,42,2026-08-24T19:45:20
outlier_exposure,TSB-U-STABLE_042_SEG_1680_637_YAHOO_id_87_WebService_t,U,STABLE,full_net,per_sample_finetune,per_sample_auroc,0.25,0.5,1.0,4,,42,2026-08-24T19:45:22
divoe,TSB-U-STABLE_042_SEG_1680_637_YAHOO_id_87_WebService_t,U,STABLE,head_only,per_sample_finetune,per_sample_auroc,0.5,0.75,1.0,4,,42,2026-08-24T19:45:27
divoe,TSB-U-STABLE_042_SEG_1680_637_YAHOO_id_87_WebService_t,U,STABLE,full_net,per_sample_finetune,per_sample_auroc,0.5,0.75,1.0,4,,42,2026-08-24T19:45:33
diversemix,TSB-U-STABLE_042_SEG_1680_637_YAHOO_id_87_WebService_t,U,STABLE,head_only,per_sample_finetune,per_sample_auroc,0.0,0.4167,1.0,4,,42,2026-08-24T19:45:44
diversemix,TSB-U-STABLE_042_SEG_1680_637_YAHOO_id_87_WebService_t,U,STABLE,full_net,per_sample_finetune,per_sample_auroc,0.75,0.8333,0.5,4,,42,2026-08-24T19:45:45
outlier_exposure,TSB-U-STABLE_044_SEG_18179_093_WSD_id_65_WebService_tr,U,STABLE,head_only,per_sample_finetune,per_sample_auroc,0.2778,0.4421,1.0,12,,42,2026-08-24T19:45:55
outlier_exposure,TSB-U-STABLE_044_SEG_18179_093_WSD_id_65_WebService_tr,U,STABLE,full_net,per_sample_finetune,per_sample_auroc,0.2778,0.4361,1.0,12,,42,2026-08-24T19:45:56
divoe,TSB-U-STABLE_044_SEG_18179_093_WSD_id_65_WebService_tr,U,STABLE,head_only,per_sample_finetune,per_sample_auroc,0.2778,0.4421,1.0,12,,42,2026-08-24T19:46:01
divoe,TSB-U-STABLE_044_SEG_18179_093_WSD_id_65_WebService_tr,U,STABLE,full_net,per_sample_finetune,per_sample_auroc,0.1944,0.4202,1.0,12,,42,2026-08-24T19:46:06
diversemix,TSB-U-STABLE_044_SEG_18179_093_WSD_id_65_WebService_tr,U,STABLE,head_only,per_sample_finetune,per_sample_auroc,0.5556,0.5772,1.0,12,,42,2026-08-24T19:46:17
diversemix,TSB-U-STABLE_044_SEG_18179_093_WSD_id_65_WebService_tr,U,STABLE,full_net,per_sample_finetune,per_sample_auroc,0.5278,0.6833,1.0,12,,42,2026-08-24T19:46:18
outlier_exposure,TSB-U-STABLE_045_SEG_18302_066_WSD_id_38_WebService_tr,U,STABLE,head_only,per_sample_finetune,per_sample_auroc,0.6172,0.7032,1.0,32,,42,2026-08-24T19:46:44
outlier_exposure,TSB-U-STABLE_045_SEG_18302_066_WSD_id_38_WebService_tr,U,STABLE,full_net,per_sample_finetune,per_sample_auroc,0.7305,0.7584,0.6875,32,,42,2026-08-24T19:46:47
divoe,TSB-U-STABLE_045_SEG_18302_066_WSD_id_38_WebService_tr,U,STABLE,head_only,per_sample_finetune,per_sample_auroc,0.6133,0.7018,1.0,32,,42,2026-08-24T19:46:56
divoe,TSB-U-STABLE_045_SEG_18302_066_WSD_id_38_WebService_tr,U,STABLE,full_net,per_sample_finetune,per_sample_auroc,0.6641,0.7074,0.875,32,,42,2026-08-24T19:47:08
diversemix,TSB-U-STABLE_045_SEG_18302_066_WSD_id_38_WebService_tr,U,STABLE,head_only,per_sample_finetune,per_sample_auroc,0.5898,0.5309,0.6875,32,,42,2026-08-24T19:47:28
diversemix,TSB-U-STABLE_045_SEG_18302_066_WSD_id_38_WebService_tr,U,STABLE,full_net,per_sample_finetune,per_sample_auroc,0.6719,0.6617,0.9375,32,,42,2026-08-24T19:47:31
outlier_exposure,TSB-U-STABLE_046_SEG_1421_552_YAHOO_id_2_Synthetic_tr_,U,STABLE,head_only,per_sample_finetune,per_sample_auroc,0.1875,0.4155,1.0,8,,42,2026-08-24T19:47:45
outlier_exposure,TSB-U-STABLE_046_SEG_1421_552_YAHOO_id_2_Synthetic_tr_,U,STABLE,full_net,per_sample_finetune,per_sample_auroc,0.3125,0.5821,1.0,8,,42,2026-08-24T19:47:46
divoe,TSB-U-STABLE_046_SEG_1421_552_YAHOO_id_2_Synthetic_tr_,U,STABLE,head_only,per_sample_finetune,per_sample_auroc,0.1875,0.4155,1.0,8,,42,2026-08-24T19:47:49
divoe,TSB-U-STABLE_046_SEG_1421_552_YAHOO_id_2_Synthetic_tr_,U,STABLE,full_net,per_sample_finetune,per_sample_auroc,0.3125,0.5821,1.0,8,,42,2026-08-24T19:47:54
diversemix,TSB-U-STABLE_046_SEG_1421_552_YAHOO_id_2_Synthetic_tr_,U,STABLE,head_only,per_sample_finetune,per_sample_auroc,0.75,0.875,1.0,8,,42,2026-08-24T19:48:01
diversemix,TSB-U-STABLE_046_SEG_1421_552_YAHOO_id_2_Synthetic_tr_,U,STABLE,full_net,per_sample_finetune,per_sample_auroc,0.6875,0.6458,0.5,8,,42,2026-08-24T19:48:02
outlier_exposure,TSB-U-STABLE_048_SEG_15736_111_WSD_id_83_WebService_tr,U,STABLE,head_only,per_sample_finetune,per_sample_auroc,0.375,0.4501,1.0,16,,42,2026-08-24T19:48:46
outlier_exposure,TSB-U-STABLE_048_SEG_15736_111_WSD_id_83_WebService_tr,U,STABLE,full_net,per_sample_finetune,per_sample_auroc,0.6875,0.7098,0.625,16,,42,2026-08-24T19:48:49
divoe,TSB-U-STABLE_048_SEG_15736_111_WSD_id_83_WebService_tr,U,STABLE,head_only,per_sample_finetune,per_sample_auroc,0.3594,0.4591,1.0,16,,42,2026-08-24T19:49:00
divoe,TSB-U-STABLE_048_SEG_15736_111_WSD_id_83_WebService_tr,U,STABLE,full_net,per_sample_finetune,per_sample_auroc,0.5781,0.6451,0.875,16,,42,2026-08-24T19:49:17
diversemix,TSB-U-STABLE_048_SEG_15736_111_WSD_id_83_WebService_tr,U,STABLE,head_only,per_sample_finetune,per_sample_auroc,0.7031,0.7283,0.75,16,,42,2026-08-24T19:49:42
diversemix,TSB-U-STABLE_048_SEG_15736_111_WSD_id_83_WebService_tr,U,STABLE,full_net,per_sample_finetune,per_sample_auroc,0.4844,0.5078,0.875,16,,42,2026-08-24T19:49:47
outlier_exposure,TSB-U-STABLE_049_SEG_1680_555_YAHOO_id_5_WebService_tr,U,STABLE,head_only,per_sample_finetune,per_sample_auroc,0.3125,0.4583,1.0,8,,42,2026-08-24T19:50:06
outlier_exposure,TSB-U-STABLE_049_SEG_1680_555_YAHOO_id_5_WebService_tr,U,STABLE,full_net,per_sample_finetune,per_sample_auroc,0.625,0.7292,1.0,8,,42,2026-08-24T19:50:08
divoe,TSB-U-STABLE_049_SEG_1680_555_YAHOO_id_5_WebService_tr,U,STABLE,head_only,per_sample_finetune,per_sample_auroc,0.375,0.5,1.0,8,,42,2026-08-24T19:50:11
divoe,TSB-U-STABLE_049_SEG_1680_555_YAHOO_id_5_WebService_tr,U,STABLE,full_net,per_sample_finetune,per_sample_auroc,0.75,0.875,1.0,8,,42,2026-08-24T19:50:16
diversemix,TSB-U-STABLE_049_SEG_1680_555_YAHOO_id_5_WebService_tr,U,STABLE,head_only,per_sample_finetune,per_sample_auroc,0.5,0.5429,0.75,8,,42,2026-08-24T19:50:24
diversemix,TSB-U-STABLE_049_SEG_1680_555_YAHOO_id_5_WebService_tr,U,STABLE,full_net,per_sample_finetune,per_sample_auroc,1.0,1.0,0.0,8,,42,2026-08-24T19:50:25
outlier_exposure,TSB-U-STABLE_050_SEG_89155_266_IOPS_id_7_WebService_tr,U,STABLE,head_only,per_sample_finetune,per_sample_auroc,0.32,0.4395,1.0,40,,42,2026-08-24T19:50:50
outlier_exposure,TSB-U-STABLE_050_SEG_89155_266_IOPS_id_7_WebService_tr,U,STABLE,full_net,per_sample_finetune,per_sample_auroc,0.7225,0.7361,0.6,40,,42,2026-08-24T19:50:52
divoe,TSB-U-STABLE_050_SEG_89155_266_IOPS_id_7_WebService_tr,U,STABLE,head_only,per_sample_finetune,per_sample_auroc,0.32,0.4418,1.0,40,,42,2026-08-24T19:50:59
divoe,TSB-U-STABLE_050_SEG_89155_266_IOPS_id_7_WebService_tr,U,STABLE,full_net,per_sample_finetune,per_sample_auroc,0.7175,0.7729,0.85,40,,42,2026-08-24T19:51:10
diversemix,TSB-U-STABLE_050_SEG_89155_266_IOPS_id_7_WebService_tr,U,STABLE,head_only,per_sample_finetune,per_sample_auroc,0.7975,0.8586,0.6,40,,42,2026-08-24T19:51:28
diversemix,TSB-U-STABLE_050_SEG_89155_266_IOPS_id_7_WebService_tr,U,STABLE,full_net,per_sample_finetune,per_sample_auroc,0.52,0.6336,0.95,40,,42,2026-08-24T19:51:30
outlier_exposure,TSB-U-STABLE_053_SEG_1680_716_YAHOO_id_166_WebService_,U,STABLE,head_only,per_sample_finetune,per_sample_auroc,0.5556,0.7222,1.0,6,,42,2026-08-24T19:51:46
outlier_exposure,TSB-U-STABLE_053_SEG_1680_716_YAHOO_id_166_WebService_,U,STABLE,full_net,per_sample_finetune,per_sample_auroc,0.7778,0.8667,0.6667,6,,42,2026-08-24T19:51:47
divoe,TSB-U-STABLE_053_SEG_1680_716_YAHOO_id_166_WebService_,U,STABLE,head_only,per_sample_finetune,per_sample_auroc,0.5556,0.7222,1.0,6,,42,2026-08-24T19:51:50
divoe,TSB-U-STABLE_053_SEG_1680_716_YAHOO_id_166_WebService_,U,STABLE,full_net,per_sample_finetune,per_sample_auroc,0.6667,0.7556,0.6667,6,,42,2026-08-24T19:51:56
diversemix,TSB-U-STABLE_053_SEG_1680_716_YAHOO_id_166_WebService_,U,STABLE,head_only,per_sample_finetune,per_sample_auroc,0.5556,0.7222,1.0,6,,42,2026-08-24T19:52:06
diversemix,TSB-U-STABLE_053_SEG_1680_716_YAHOO_id_166_WebService_,U,STABLE,full_net,per_sample_finetune,per_sample_auroc,0.6667,0.8333,1.0,6,,42,2026-08-24T19:52:07
outlier_exposure,TSB-U-STABLE_054_SEG_1421_639_YAHOO_id_89_Synthetic_tr,U,STABLE,head_only,per_sample_finetune,per_sample_auroc,0.5,0.5833,0.5,4,,42,2026-08-24T19:52:16
outlier_exposure,TSB-U-STABLE_054_SEG_1421_639_YAHOO_id_89_Synthetic_tr,U,STABLE,full_net,per_sample_finetune,per_sample_auroc,0.25,0.5,1.0,4,,42,2026-08-24T19:52:17
divoe,TSB-U-STABLE_054_SEG_1421_639_YAHOO_id_89_Synthetic_tr,U,STABLE,head_only,per_sample_finetune,per_sample_auroc,0.5,0.5833,0.5,4,,42,2026-08-24T19:52:20
divoe,TSB-U-STABLE_054_SEG_1421_639_YAHOO_id_89_Synthetic_tr,U,STABLE,full_net,per_sample_finetune,per_sample_auroc,0.75,0.8333,0.5,4,,42,2026-08-24T19:52:26
diversemix,TSB-U-STABLE_054_SEG_1421_639_YAHOO_id_89_Synthetic_tr,U,STABLE,head_only,per_sample_finetune,per_sample_auroc,0.75,0.8333,0.5,4,,42,2026-08-24T19:52:33
diversemix,TSB-U-STABLE_054_SEG_1421_639_YAHOO_id_89_Synthetic_tr,U,STABLE,full_net,per_sample_finetune,per_sample_auroc,0.5,0.75,1.0,4,,42,2026-08-24T19:52:34
outlier_exposure,TSB-U-STABLE_055_SEG_10001_374_UCR_id_72_Medical_tr_25,U,STABLE,head_only,per_sample_finetune,per_sample_auroc,0.0625,0.378,1.0,8,,42,2026-08-24T19:53:15
outlier_exposure,TSB-U-STABLE_055_SEG_10001_374_UCR_id_72_Medical_tr_25,U,STABLE,full_net,per_sample_finetune,per_sample_auroc,0.75,0.875,1.0,8,,42,2026-08-24T19:53:18
divoe,TSB-U-STABLE_055_SEG_10001_374_UCR_id_72_Medical_tr_25,U,STABLE,head_only,per_sample_finetune,per_sample_auroc,0.0625,0.378,1.0,8,,42,2026-08-24T19:53:29
divoe,TSB-U-STABLE_055_SEG_10001_374_UCR_id_72_Medical_tr_25,U,STABLE,full_net,per_sample_finetune,per_sample_auroc,1.0,1.0,0.0,8,,42,2026-08-24T19:53:46
diversemix,TSB-U-STABLE_055_SEG_10001_374_UCR_id_72_Medical_tr_25,U,STABLE,head_only,per_sample_finetune,per_sample_auroc,0.9375,0.95,0.25,8,,42,2026-08-24T19:54:14
diversemix,TSB-U-STABLE_055_SEG_10001_374_UCR_id_72_Medical_tr_25,U,STABLE,full_net,per_sample_finetune,per_sample_auroc,0.6875,0.747,0.75,8,,42,2026-08-24T19:54:19
outlier_exposure,TSB-U-STABLE_058_SEG_298340_455_UCR_id_153_Facility_tr,U,STABLE,head_only,per_sample_finetune,per_sample_auroc,0.4688,0.5216,0.8696,46,,42,2026-08-24T20:08:16
outlier_exposure,TSB-U-STABLE_058_SEG_298340_455_UCR_id_153_Facility_tr,U,STABLE,full_net,per_sample_finetune,per_sample_auroc,0.5747,0.6215,1.0,46,,42,2026-08-24T20:09:16
divoe,TSB-U-STABLE_058_SEG_298340_455_UCR_id_153_Facility_tr,U,STABLE,head_only,per_sample_finetune,per_sample_auroc,0.5104,0.5942,0.9565,46,,42,2026-08-24T20:13:36
divoe,TSB-U-STABLE_058_SEG_298340_455_UCR_id_153_Facility_tr,U,STABLE,full_net,per_sample_finetune,per_sample_auroc,0.586,0.605,1.0,46,,42,2026-08-24T20:19:10
diversemix,TSB-U-STABLE_058_SEG_298340_455_UCR_id_153_Facility_tr,U,STABLE,head_only,per_sample_finetune,per_sample_auroc,0.4291,0.4816,0.9565,46,,42,2026-08-24T20:27:27
diversemix,TSB-U-STABLE_058_SEG_298340_455_UCR_id_153_Facility_tr,U,STABLE,full_net,per_sample_finetune,per_sample_auroc,0.4272,0.4537,1.0,46,,42,2026-08-24T20:28:56
outlier_exposure,TSB-U-STABLE_059_SEG_1421_576_YAHOO_id_26_Synthetic_tr,U,STABLE,head_only,per_sample_finetune,per_sample_auroc,0.3333,0.5,1.0,6,,42,2026-08-24T20:33:31
outlier_exposure,TSB-U-STABLE_059_SEG_1421_576_YAHOO_id_26_Synthetic_tr,U,STABLE,full_net,per_sample_finetune,per_sample_auroc,0.2222,0.4667,1.0,6,,42,2026-08-24T20:33:32
divoe,TSB-U-STABLE_059_SEG_1421_576_YAHOO_id_26_Synthetic_tr,U,STABLE,head_only,per_sample_finetune,per_sample_auroc,0.3333,0.5,1.0,6,,42,2026-08-24T20:33:36
divoe,TSB-U-STABLE_059_SEG_1421_576_YAHOO_id_26_Synthetic_tr,U,STABLE,full_net,per_sample_finetune,per_sample_auroc,0.7778,0.8056,0.3333,6,,42,2026-08-24T20:33:41
diversemix,TSB-U-STABLE_059_SEG_1421_576_YAHOO_id_26_Synthetic_tr,U,STABLE,head_only,per_sample_finetune,per_sample_auroc,1.0,1.0,0.0,6,,42,2026-08-24T20:33:50
diversemix,TSB-U-STABLE_059_SEG_1421_576_YAHOO_id_26_Synthetic_tr,U,STABLE,full_net,per_sample_finetune,per_sample_auroc,0.6667,0.8333,1.0,6,,42,2026-08-24T20:33:52
outlier_exposure,TSB-U-STABLE_061_SEG_7500_383_UCR_id_81_Medical_tr_187,U,STABLE,head_only,per_sample_finetune,per_sample_auroc,0.25,0.5146,1.0,12,,42,2026-08-24T20:34:17
outlier_exposure,TSB-U-STABLE_061_SEG_7500_383_UCR_id_81_Medical_tr_187,U,STABLE,full_net,per_sample_finetune,per_sample_auroc,0.8611,0.9242,0.8333,12,,42,2026-08-24T20:34:19
divoe,TSB-U-STABLE_061_SEG_7500_383_UCR_id_81_Medical_tr_187,U,STABLE,head_only,per_sample_finetune,per_sample_auroc,0.25,0.5146,1.0,12,,42,2026-08-24T20:34:26
divoe,TSB-U-STABLE_061_SEG_7500_383_UCR_id_81_Medical_tr_187,U,STABLE,full_net,per_sample_finetune,per_sample_auroc,0.8611,0.9242,0.8333,12,,42,2026-08-24T20:34:37
diversemix,TSB-U-STABLE_061_SEG_7500_383_UCR_id_81_Medical_tr_187,U,STABLE,head_only,per_sample_finetune,per_sample_auroc,0.8889,0.9333,0.6667,12,,42,2026-08-24T20:34:52
diversemix,TSB-U-STABLE_061_SEG_7500_383_UCR_id_81_Medical_tr_187,U,STABLE,full_net,per_sample_finetune,per_sample_auroc,0.8611,0.8556,0.3333,12,,42,2026-08-24T20:34:54
outlier_exposure,TSB-U-STABLE_063_SEG_190001_375_UCR_id_73_Medical_tr_4,U,STABLE,head_only,per_sample_finetune,per_sample_auroc,0.4898,0.4934,0.5714,14,,42,2026-08-24T20:45:17
outlier_exposure,TSB-U-STABLE_063_SEG_190001_375_UCR_id_73_Medical_tr_4,U,STABLE,full_net,per_sample_finetune,per_sample_auroc,0.4898,0.5811,0.8571,14,,42,2026-08-24T20:46:12
divoe,TSB-U-STABLE_063_SEG_190001_375_UCR_id_73_Medical_tr_4,U,STABLE,head_only,per_sample_finetune,per_sample_auroc,0.5102,0.5062,0.7143,14,,42,2026-08-24T20:49:30
divoe,TSB-U-STABLE_063_SEG_190001_375_UCR_id_73_Medical_tr_4,U,STABLE,full_net,per_sample_finetune,per_sample_auroc,0.6327,0.6123,0.8571,14,,42,2026-08-24T20:53:28
diversemix,TSB-U-STABLE_063_SEG_190001_375_UCR_id_73_Medical_tr_4,U,STABLE,head_only,per_sample_finetune,per_sample_auroc,0.4286,0.6161,0.8571,14,,42,2026-08-24T20:59:29
diversemix,TSB-U-STABLE_063_SEG_190001_375_UCR_id_73_Medical_tr_4,U,STABLE,full_net,per_sample_finetune,per_sample_auroc,0.3265,0.4343,1.0,14,,42,2026-08-24T21:00:33
outlier_exposure,TSB-U-STABLE_066_SEG_1421_578_YAHOO_id_28_Synthetic_tr,U,STABLE,head_only,per_sample_finetune,per_sample_auroc,0.0,0.3833,1.0,6,,42,2026-08-24T21:03:55
outlier_exposure,TSB-U-STABLE_066_SEG_1421_578_YAHOO_id_28_Synthetic_tr,U,STABLE,full_net,per_sample_finetune,per_sample_auroc,0.3333,0.6333,1.0,6,,42,2026-08-24T21:03:56
divoe,TSB-U-STABLE_066_SEG_1421_578_YAHOO_id_28_Synthetic_tr,U,STABLE,head_only,per_sample_finetune,per_sample_auroc,0.0,0.3833,1.0,6,,42,2026-08-24T21:03:59
divoe,TSB-U-STABLE_066_SEG_1421_578_YAHOO_id_28_Synthetic_tr,U,STABLE,full_net,per_sample_finetune,per_sample_auroc,0.3333,0.6333,1.0,6,,42,2026-08-24T21:04:04
diversemix,TSB-U-STABLE_066_SEG_1421_578_YAHOO_id_28_Synthetic_tr,U,STABLE,head_only,per_sample_finetune,per_sample_auroc,1.0,1.0,0.0,6,,42,2026-08-24T21:04:15
diversemix,TSB-U-STABLE_066_SEG_1421_578_YAHOO_id_28_Synthetic_tr,U,STABLE,full_net,per_sample_finetune,per_sample_auroc,1.0,1.0,0.0,6,,42,2026-08-24T21:04:16
outlier_exposure,TSB-U-STABLE_067_SEG_199753_487_UCR_id_185_Medical_tr_,U,STABLE,head_only,per_sample_finetune,per_sample_auroc,0.3967,0.4543,0.9091,22,,42,2026-08-24T21:20:02
outlier_exposure,TSB-U-STABLE_067_SEG_199753_487_UCR_id_185_Medical_tr_,U,STABLE,full_net,per_sample_finetune,per_sample_auroc,0.562,0.6285,0.8182,22,,42,2026-08-24T21:21:13
divoe,TSB-U-STABLE_067_SEG_199753_487_UCR_id_185_Medical_tr_,U,STABLE,head_only,per_sample_finetune,per_sample_auroc,0.3058,0.4065,0.9091,22,,42,2026-08-24T21:25:35
divoe,TSB-U-STABLE_067_SEG_199753_487_UCR_id_185_Medical_tr_,U,STABLE,full_net,per_sample_finetune,per_sample_auroc,0.5124,0.5922,0.8182,22,,42,2026-08-24T21:31:50
diversemix,TSB-U-STABLE_067_SEG_199753_487_UCR_id_185_Medical_tr_,U,STABLE,head_only,per_sample_finetune,per_sample_auroc,0.1736,0.4296,1.0,22,,42,2026-08-24T21:41:40
diversemix,TSB-U-STABLE_067_SEG_199753_487_UCR_id_185_Medical_tr_,U,STABLE,full_net,per_sample_finetune,per_sample_auroc,0.3802,0.4328,0.9091,22,,42,2026-08-24T21:43:35
outlier_exposure,TSB-U-STABLE_068_SEG_1421_611_YAHOO_id_61_Synthetic_tr,U,STABLE,head_only,per_sample_finetune,per_sample_auroc,0.2222,0.4444,1.0,6,,42,2026-08-24T21:49:11
outlier_exposure,TSB-U-STABLE_068_SEG_1421_611_YAHOO_id_61_Synthetic_tr,U,STABLE,full_net,per_sample_finetune,per_sample_auroc,0.1111,0.4111,1.0,6,,42,2026-08-24T21:49:12
divoe,TSB-U-STABLE_068_SEG_1421_611_YAHOO_id_61_Synthetic_tr,U,STABLE,head_only,per_sample_finetune,per_sample_auroc,0.2222,0.4444,1.0,6,,42,2026-08-24T21:49:15
divoe,TSB-U-STABLE_068_SEG_1421_611_YAHOO_id_61_Synthetic_tr,U,STABLE,full_net,per_sample_finetune,per_sample_auroc,0.0,0.3833,1.0,6,,42,2026-08-24T21:49:20
diversemix,TSB-U-STABLE_068_SEG_1421_611_YAHOO_id_61_Synthetic_tr,U,STABLE,head_only,per_sample_finetune,per_sample_auroc,0.0,0.3833,1.0,6,,42,2026-08-24T21:49:29
diversemix,TSB-U-STABLE_068_SEG_1421_611_YAHOO_id_61_Synthetic_tr,U,STABLE,full_net,per_sample_finetune,per_sample_auroc,0.4444,0.6667,1.0,6,,42,2026-08-24T21:49:30
outlier_exposure,TSB-U-STABLE_069_SEG_15285_076_WSD_id_48_WebService_tr,U,STABLE,head_only,per_sample_finetune,per_sample_auroc,0.5208,0.5417,1.0,24,,42,2026-08-24T21:50:10
outlier_exposure,TSB-U-STABLE_069_SEG_15285_076_WSD_id_48_WebService_tr,U,STABLE,full_net,per_sample_finetune,per_sample_auroc,0.4306,0.5263,1.0,24,,42,2026-08-24T21:50:13
divoe,TSB-U-STABLE_069_SEG_15285_076_WSD_id_48_WebService_tr,U,STABLE,head_only,per_sample_finetune,per_sample_auroc,0.5069,0.5284,1.0,24,,42,2026-08-24T21:50:24
divoe,TSB-U-STABLE_069_SEG_15285_076_WSD_id_48_WebService_tr,U,STABLE,full_net,per_sample_finetune,per_sample_auroc,0.2847,0.4238,1.0,24,,42,2026-08-24T21:50:40
diversemix,TSB-U-STABLE_069_SEG_15285_076_WSD_id_48_WebService_tr,U,STABLE,head_only,per_sample_finetune,per_sample_auroc,0.5833,0.6759,0.9167,24,,42,2026-08-24T21:51:05
diversemix,TSB-U-STABLE_069_SEG_15285_076_WSD_id_48_WebService_tr,U,STABLE,full_net,per_sample_finetune,per_sample_auroc,0.5347,0.5168,0.9167,24,,42,2026-08-24T21:51:10
outlier_exposure,TSB-U-STABLE_071_SEG_18391_054_WSD_id_26_WebService_tr,U,STABLE,head_only,per_sample_finetune,per_sample_auroc,0.5139,0.542,1.0,24,,42,2026-08-24T21:51:41
outlier_exposure,TSB-U-STABLE_071_SEG_18391_054_WSD_id_26_WebService_tr,U,STABLE,full_net,per_sample_finetune,per_sample_auroc,0.6111,0.703,1.0,24,,42,2026-08-24T21:51:42
divoe,TSB-U-STABLE_071_SEG_18391_054_WSD_id_26_WebService_tr,U,STABLE,head_only,per_sample_finetune,per_sample_auroc,0.5139,0.542,1.0,24,,42,2026-08-24T21:51:47
divoe,TSB-U-STABLE_071_SEG_18391_054_WSD_id_26_WebService_tr,U,STABLE,full_net,per_sample_finetune,per_sample_auroc,0.5694,0.7136,1.0,24,,42,2026-08-24T21:51:53
diversemix,TSB-U-STABLE_071_SEG_18391_054_WSD_id_26_WebService_tr,U,STABLE,head_only,per_sample_finetune,per_sample_auroc,0.6042,0.6711,1.0,24,,42,2026-08-24T21:52:04
diversemix,TSB-U-STABLE_071_SEG_18391_054_WSD_id_26_WebService_tr,U,STABLE,full_net,per_sample_finetune,per_sample_auroc,0.4306,0.4616,1.0,24,,42,2026-08-24T21:52:05
outlier_exposure,TSB-U-STABLE_073_SEG_1461_667_YAHOO_id_117_WebService_,U,STABLE,head_only,per_sample_finetune,per_sample_auroc,1.0,1.0,0.0,4,,42,2026-08-24T21:52:17
outlier_exposure,TSB-U-STABLE_073_SEG_1461_667_YAHOO_id_117_WebService_,U,STABLE,full_net,per_sample_finetune,per_sample_auroc,1.0,1.0,0.0,4,,42,2026-08-24T21:52:18
divoe,TSB-U-STABLE_073_SEG_1461_667_YAHOO_id_117_WebService_,U,STABLE,head_only,per_sample_finetune,per_sample_auroc,1.0,1.0,0.0,4,,42,2026-08-24T21:52:23
divoe,TSB-U-STABLE_073_SEG_1461_667_YAHOO_id_117_WebService_,U,STABLE,full_net,per_sample_finetune,per_sample_auroc,1.0,1.0,0.0,4,,42,2026-08-24T21:52:29
diversemix,TSB-U-STABLE_073_SEG_1461_667_YAHOO_id_117_WebService_,U,STABLE,head_only,per_sample_finetune,per_sample_auroc,0.5,0.5833,0.5,4,,42,2026-08-24T21:52:37
diversemix,TSB-U-STABLE_073_SEG_1461_667_YAHOO_id_117_WebService_,U,STABLE,full_net,per_sample_finetune,per_sample_auroc,0.25,0.5,1.0,4,,42,2026-08-24T21:52:38
outlier_exposure,TSB-U-STABLE_074_SEG_1680_577_YAHOO_id_27_WebService_t,U,STABLE,head_only,per_sample_finetune,per_sample_auroc,1.0,1.0,0.0,6,,42,2026-08-24T21:52:48
outlier_exposure,TSB-U-STABLE_074_SEG_1680_577_YAHOO_id_27_WebService_t,U,STABLE,full_net,per_sample_finetune,per_sample_auroc,0.6667,0.8333,1.0,6,,42,2026-08-24T21:52:49
divoe,TSB-U-STABLE_074_SEG_1680_577_YAHOO_id_27_WebService_t,U,STABLE,head_only,per_sample_finetune,per_sample_auroc,0.8889,0.9167,0.3333,6,,42,2026-08-24T21:52:53
divoe,TSB-U-STABLE_074_SEG_1680_577_YAHOO_id_27_WebService_t,U,STABLE,full_net,per_sample_finetune,per_sample_auroc,0.4444,0.6667,1.0,6,,42,2026-08-24T21:52:59
diversemix,TSB-U-STABLE_074_SEG_1680_577_YAHOO_id_27_WebService_t,U,STABLE,head_only,per_sample_finetune,per_sample_auroc,1.0,1.0,0.0,6,,42,2026-08-24T21:53:07
diversemix,TSB-U-STABLE_074_SEG_1680_577_YAHOO_id_27_WebService_t,U,STABLE,full_net,per_sample_finetune,per_sample_auroc,0.5556,0.7,0.6667,6,,42,2026-08-24T21:53:08
outlier_exposure,TSB-U-STABLE_076_SEG_29950_460_UCR_id_158_Medical_tr_7,U,STABLE,head_only,per_sample_finetune,per_sample_auroc,0.0,0.3291,1.0,22,,42,2026-08-24T21:55:26
outlier_exposure,TSB-U-STABLE_076_SEG_29950_460_UCR_id_158_Medical_tr_7,U,STABLE,full_net,per_sample_finetune,per_sample_auroc,0.8099,0.8204,0.5455,22,,42,2026-08-24T21:55:37
divoe,TSB-U-STABLE_076_SEG_29950_460_UCR_id_158_Medical_tr_7,U,STABLE,head_only,per_sample_finetune,per_sample_auroc,0.0,0.3291,1.0,22,,42,2026-08-24T21:56:18
divoe,TSB-U-STABLE_076_SEG_29950_460_UCR_id_158_Medical_tr_7,U,STABLE,full_net,per_sample_finetune,per_sample_auroc,0.8843,0.8845,0.4545,22,,42,2026-08-24T21:57:19
diversemix,TSB-U-STABLE_076_SEG_29950_460_UCR_id_158_Medical_tr_7,U,STABLE,head_only,per_sample_finetune,per_sample_auroc,0.9917,0.9924,0.0909,22,,42,2026-08-24T21:58:37
diversemix,TSB-U-STABLE_076_SEG_29950_460_UCR_id_158_Medical_tr_7,U,STABLE,full_net,per_sample_finetune,per_sample_auroc,0.8347,0.8001,0.6364,22,,42,2026-08-24T21:58:53
outlier_exposure,TSB-U-STABLE_077_SEG_1421_605_YAHOO_id_55_Synthetic_tr,U,STABLE,head_only,per_sample_finetune,per_sample_auroc,0.5,0.75,1.0,4,,42,2026-08-24T21:59:47
outlier_exposure,TSB-U-STABLE_077_SEG_1421_605_YAHOO_id_55_Synthetic_tr,U,STABLE,full_net,per_sample_finetune,per_sample_auroc,0.5,0.5833,0.5,4,,42,2026-08-24T21:59:48
divoe,TSB-U-STABLE_077_SEG_1421_605_YAHOO_id_55_Synthetic_tr,U,STABLE,head_only,per_sample_finetune,per_sample_auroc,0.25,0.5,1.0,4,,42,2026-08-24T21:59:52
divoe,TSB-U-STABLE_077_SEG_1421_605_YAHOO_id_55_Synthetic_tr,U,STABLE,full_net,per_sample_finetune,per_sample_auroc,0.5,0.5833,0.5,4,,42,2026-08-24T21:59:58
diversemix,TSB-U-STABLE_077_SEG_1421_605_YAHOO_id_55_Synthetic_tr,U,STABLE,head_only,per_sample_finetune,per_sample_auroc,0.5,0.75,1.0,4,,42,2026-08-24T22:00:06
diversemix,TSB-U-STABLE_077_SEG_1421_605_YAHOO_id_55_Synthetic_tr,U,STABLE,full_net,per_sample_finetune,per_sample_auroc,1.0,1.0,0.0,4,,42,2026-08-24T22:00:07
outlier_exposure,TSB-U-STABLE_079_SEG_9057_847_OPPORTUNITY_id_6_HumanAc,U,STABLE,head_only,per_sample_finetune,per_sample_auroc,0.44,0.4978,0.8,10,,42,2026-08-24T22:00:18
outlier_exposure,TSB-U-STABLE_079_SEG_9057_847_OPPORTUNITY_id_6_HumanAc,U,STABLE,full_net,per_sample_finetune,per_sample_auroc,0.6,0.7311,0.8,10,,42,2026-08-24T22:00:19
divoe,TSB-U-STABLE_079_SEG_9057_847_OPPORTUNITY_id_6_HumanAc,U,STABLE,head_only,per_sample_finetune,per_sample_auroc,0.44,0.4978,0.8,10,,42,2026-08-24T22:00:23
divoe,TSB-U-STABLE_079_SEG_9057_847_OPPORTUNITY_id_6_HumanAc,U,STABLE,full_net,per_sample_finetune,per_sample_auroc,0.64,0.7611,0.8,10,,42,2026-08-24T22:00:29
diversemix,TSB-U-STABLE_079_SEG_9057_847_OPPORTUNITY_id_6_HumanAc,U,STABLE,head_only,per_sample_finetune,per_sample_auroc,0.68,0.7644,0.8,10,,42,2026-08-24T22:00:37
diversemix,TSB-U-STABLE_079_SEG_9057_847_OPPORTUNITY_id_6_HumanAc,U,STABLE,full_net,per_sample_finetune,per_sample_auroc,0.4,0.4943,1.0,10,,42,2026-08-24T22:00:38
outlier_exposure,TSB-U-STABLE_081_SEG_1420_723_YAHOO_id_173_WebService_,U,STABLE,head_only,per_sample_finetune,per_sample_auroc,0.5,0.6623,0.8333,12,,42,2026-08-24T22:00:49
outlier_exposure,TSB-U-STABLE_081_SEG_1420_723_YAHOO_id_173_WebService_,U,STABLE,full_net,per_sample_finetune,per_sample_auroc,0.4444,0.4815,0.6667,12,,42,2026-08-24T22:00:50
divoe,TSB-U-STABLE_081_SEG_1420_723_YAHOO_id_173_WebService_,U,STABLE,head_only,per_sample_finetune,per_sample_auroc,0.4722,0.6531,0.8333,12,,42,2026-08-24T22:00:53
divoe,TSB-U-STABLE_081_SEG_1420_723_YAHOO_id_173_WebService_,U,STABLE,full_net,per_sample_finetune,per_sample_auroc,0.6111,0.6098,0.8333,12,,42,2026-08-24T22:00:57
diversemix,TSB-U-STABLE_081_SEG_1420_723_YAHOO_id_173_WebService_,U,STABLE,head_only,per_sample_finetune,per_sample_auroc,0.5278,0.6528,1.0,12,,42,2026-08-24T22:01:05
diversemix,TSB-U-STABLE_081_SEG_1420_723_YAHOO_id_173_WebService_,U,STABLE,full_net,per_sample_finetune,per_sample_auroc,0.0833,0.3646,1.0,12,,42,2026-08-24T22:01:07
outlier_exposure,TSB-U-STABLE_082_SEG_29859_351_UCR_id_49_Medical_tr_74,U,STABLE,head_only,per_sample_finetune,per_sample_auroc,0.2031,0.3844,1.0,16,,42,2026-08-24T22:02:20
outlier_exposure,TSB-U-STABLE_082_SEG_29859_351_UCR_id_49_Medical_tr_74,U,STABLE,full_net,per_sample_finetune,per_sample_auroc,0.9062,0.9085,0.25,16,,42,2026-08-24T22:02:26
divoe,TSB-U-STABLE_082_SEG_29859_351_UCR_id_49_Medical_tr_74,U,STABLE,head_only,per_sample_finetune,per_sample_auroc,0.2031,0.3847,1.0,16,,42,2026-08-24T22:02:46
divoe,TSB-U-STABLE_082_SEG_29859_351_UCR_id_49_Medical_tr_74,U,STABLE,full_net,per_sample_finetune,per_sample_auroc,0.8438,0.8535,0.5,16,,42,2026-08-24T22:03:18
diversemix,TSB-U-STABLE_082_SEG_29859_351_UCR_id_49_Medical_tr_74,U,STABLE,head_only,per_sample_finetune,per_sample_auroc,0.8281,0.8623,0.625,16,,42,2026-08-24T22:04:00
diversemix,TSB-U-STABLE_082_SEG_29859_351_UCR_id_49_Medical_tr_74,U,STABLE,full_net,per_sample_finetune,per_sample_auroc,0.6094,0.7221,1.0,16,,42,2026-08-24T22:04:07
outlier_exposure,TSB-U-STABLE_083_SEG_1680_574_YAHOO_id_24_WebService_t,U,STABLE,head_only,per_sample_finetune,per_sample_auroc,,,,7,,42,2026-08-24T22:04:38
outlier_exposure,TSB-U-STABLE_083_SEG_1680_574_YAHOO_id_24_WebService_t,U,STABLE,full_net,per_sample_finetune,per_sample_auroc,,,,7,,42,2026-08-24T22:04:39
divoe,TSB-U-STABLE_083_SEG_1680_574_YAHOO_id_24_WebService_t,U,STABLE,head_only,per_sample_finetune,per_sample_auroc,,,,7,,42,2026-08-24T22:04:43
divoe,TSB-U-STABLE_083_SEG_1680_574_YAHOO_id_24_WebService_t,U,STABLE,full_net,per_sample_finetune,per_sample_auroc,,,,7,,42,2026-08-24T22:04:48
diversemix,TSB-U-STABLE_083_SEG_1680_574_YAHOO_id_24_WebService_t,U,STABLE,head_only,per_sample_finetune,per_sample_auroc,,,,7,,42,2026-08-24T22:04:55
diversemix,TSB-U-STABLE_083_SEG_1680_574_YAHOO_id_24_WebService_t,U,STABLE,full_net,per_sample_finetune,per_sample_auroc,,,,7,,42,2026-08-24T22:04:56
outlier_exposure,TSB-U-STABLE_085_SEG_1680_561_YAHOO_id_11_WebService_t,U,STABLE,head_only,per_sample_finetune,per_sample_auroc,0.0,0.4167,1.0,4,,42,2026-08-24T22:05:04
outlier_exposure,TSB-U-STABLE_085_SEG_1680_561_YAHOO_id_11_WebService_t,U,STABLE,full_net,per_sample_finetune,per_sample_auroc,0.0,0.4167,1.0,4,,42,2026-08-24T22:05:05
divoe,TSB-U-STABLE_085_SEG_1680_561_YAHOO_id_11_WebService_t,U,STABLE,head_only,per_sample_finetune,per_sample_auroc,0.0,0.4167,1.0,4,,42,2026-08-24T22:05:07
divoe,TSB-U-STABLE_085_SEG_1680_561_YAHOO_id_11_WebService_t,U,STABLE,full_net,per_sample_finetune,per_sample_auroc,0.0,0.4167,1.0,4,,42,2026-08-24T22:05:13
diversemix,TSB-U-STABLE_085_SEG_1680_561_YAHOO_id_11_WebService_t,U,STABLE,head_only,per_sample_finetune,per_sample_auroc,0.0,0.4167,1.0,4,,42,2026-08-24T22:05:21
diversemix,TSB-U-STABLE_085_SEG_1680_561_YAHOO_id_11_WebService_t,U,STABLE,full_net,per_sample_finetune,per_sample_auroc,0.5,0.5833,0.5,4,,42,2026-08-24T22:05:22
outlier_exposure,TSB-U-STABLE_086_SEG_1680_574_YAHOO_id_24_WebService_t,U,STABLE,head_only,per_sample_finetune,per_sample_auroc,,,,2,,42,2026-08-24T22:05:31
outlier_exposure,TSB-U-STABLE_086_SEG_1680_574_YAHOO_id_24_WebService_t,U,STABLE,full_net,per_sample_finetune,per_sample_auroc,,,,2,,42,2026-08-24T22:05:32
divoe,TSB-U-STABLE_086_SEG_1680_574_YAHOO_id_24_WebService_t,U,STABLE,head_only,per_sample_finetune,per_sample_auroc,,,,2,,42,2026-08-24T22:05:35
divoe,TSB-U-STABLE_086_SEG_1680_574_YAHOO_id_24_WebService_t,U,STABLE,full_net,per_sample_finetune,per_sample_auroc,,,,2,,42,2026-08-24T22:05:40
diversemix,TSB-U-STABLE_086_SEG_1680_574_YAHOO_id_24_WebService_t,U,STABLE,head_only,per_sample_finetune,per_sample_auroc,,,,2,,42,2026-08-24T22:05:48
diversemix,TSB-U-STABLE_086_SEG_1680_574_YAHOO_id_24_WebService_t,U,STABLE,full_net,per_sample_finetune,per_sample_auroc,,,,2,,42,2026-08-24T22:05:49
outlier_exposure,TSB-U-STABLE_090_SEG_7501_486_UCR_id_184_Medical_tr_18,U,STABLE,head_only,per_sample_finetune,per_sample_auroc,0.4375,0.6488,1.0,8,,42,2026-08-24T22:06:18
outlier_exposure,TSB-U-STABLE_090_SEG_7501_486_UCR_id_184_Medical_tr_18,U,STABLE,full_net,per_sample_finetune,per_sample_auroc,0.9375,0.95,0.25,8,,42,2026-08-24T22:06:20
divoe,TSB-U-STABLE_090_SEG_7501_486_UCR_id_184_Medical_tr_18,U,STABLE,head_only,per_sample_finetune,per_sample_auroc,0.4375,0.6488,1.0,8,,42,2026-08-24T22:06:28
divoe,TSB-U-STABLE_090_SEG_7501_486_UCR_id_184_Medical_tr_18,U,STABLE,full_net,per_sample_finetune,per_sample_auroc,0.75,0.8167,0.5,8,,42,2026-08-24T22:06:39
diversemix,TSB-U-STABLE_090_SEG_7501_486_UCR_id_184_Medical_tr_18,U,STABLE,head_only,per_sample_finetune,per_sample_auroc,0.875,0.8875,0.25,8,,42,2026-08-24T22:06:56
diversemix,TSB-U-STABLE_090_SEG_7501_486_UCR_id_184_Medical_tr_18,U,STABLE,full_net,per_sample_finetune,per_sample_auroc,0.3125,0.5821,1.0,8,,42,2026-08-24T22:06:59
outlier_exposure,TSB-U-STABLE_094_SEG_18236_067_WSD_id_39_WebService_tr,U,STABLE,head_only,per_sample_finetune,per_sample_auroc,0.4178,0.5087,1.0,30,,42,2026-08-24T22:08:23
outlier_exposure,TSB-U-STABLE_094_SEG_18236_067_WSD_id_39_WebService_tr,U,STABLE,full_net,per_sample_finetune,per_sample_auroc,0.8267,0.8665,0.7333,30,,42,2026-08-24T22:08:30
divoe,TSB-U-STABLE_094_SEG_18236_067_WSD_id_39_WebService_tr,U,STABLE,head_only,per_sample_finetune,per_sample_auroc,0.4,0.5004,1.0,30,,42,2026-08-24T22:08:49
divoe,TSB-U-STABLE_094_SEG_18236_067_WSD_id_39_WebService_tr,U,STABLE,full_net,per_sample_finetune,per_sample_auroc,0.9378,0.9505,0.4,30,,42,2026-08-24T22:09:13
diversemix,TSB-U-STABLE_094_SEG_18236_067_WSD_id_39_WebService_tr,U,STABLE,head_only,per_sample_finetune,per_sample_auroc,0.7644,0.7954,0.8,30,,42,2026-08-24T22:09:54
diversemix,TSB-U-STABLE_094_SEG_18236_067_WSD_id_39_WebService_tr,U,STABLE,full_net,per_sample_finetune,per_sample_auroc,0.88,0.9109,0.8667,30,,42,2026-08-24T22:10:01
outlier_exposure,TSB-U-STABLE_095_SEG_80001_308_UCR_id_6_Facility_tr_20,U,STABLE,head_only,per_sample_finetune,per_sample_auroc,0.0296,0.3288,1.0,26,,42,2026-08-24T22:14:59
outlier_exposure,TSB-U-STABLE_095_SEG_80001_308_UCR_id_6_Facility_tr_20,U,STABLE,full_net,per_sample_finetune,per_sample_auroc,0.1124,0.3455,1.0,26,,42,2026-08-24T22:15:24
divoe,TSB-U-STABLE_095_SEG_80001_308_UCR_id_6_Facility_tr_20,U,STABLE,head_only,per_sample_finetune,per_sample_auroc,0.0414,0.3306,1.0,26,,42,2026-08-24T22:16:42
divoe,TSB-U-STABLE_095_SEG_80001_308_UCR_id_6_Facility_tr_20,U,STABLE,full_net,per_sample_finetune,per_sample_auroc,0.0651,0.3459,1.0,26,,42,2026-08-24T22:18:30
diversemix,TSB-U-STABLE_095_SEG_80001_308_UCR_id_6_Facility_tr_20,U,STABLE,head_only,per_sample_finetune,per_sample_auroc,0.9645,0.9654,0.1538,26,,42,2026-08-24T22:21:17
diversemix,TSB-U-STABLE_095_SEG_80001_308_UCR_id_6_Facility_tr_20,U,STABLE,full_net,per_sample_finetune,per_sample_auroc,0.9112,0.8725,0.2308,26,,42,2026-08-24T22:21:46
outlier_exposure,TSB-U-STABLE_096_SEG_30000_363_UCR_id_61_Medical_tr_75,U,STABLE,head_only,per_sample_finetune,per_sample_auroc,0.9444,0.9484,0.1667,12,,42,2026-08-24T22:24:43
outlier_exposure,TSB-U-STABLE_096_SEG_30000_363_UCR_id_61_Medical_tr_75,U,STABLE,full_net,per_sample_finetune,per_sample_auroc,0.3889,0.4998,1.0,12,,42,2026-08-24T22:24:50
divoe,TSB-U-STABLE_096_SEG_30000_363_UCR_id_61_Medical_tr_75,U,STABLE,head_only,per_sample_finetune,per_sample_auroc,0.9444,0.9583,0.3333,12,,42,2026-08-24T22:25:17
divoe,TSB-U-STABLE_096_SEG_30000_363_UCR_id_61_Medical_tr_75,U,STABLE,full_net,per_sample_finetune,per_sample_auroc,0.6389,0.7014,1.0,12,,42,2026-08-24T22:25:50
diversemix,TSB-U-STABLE_096_SEG_30000_363_UCR_id_61_Medical_tr_75,U,STABLE,head_only,per_sample_finetune,per_sample_auroc,0.4444,0.5119,1.0,12,,42,2026-08-24T22:26:40
diversemix,TSB-U-STABLE_096_SEG_30000_363_UCR_id_61_Medical_tr_75,U,STABLE,full_net,per_sample_finetune,per_sample_auroc,0.2778,0.417,0.8333,12,,42,2026-08-24T22:26:49
outlier_exposure,TSB-U-STABLE_097_SEG_7415_371_UCR_id_69_Medical_tr_185,U,STABLE,head_only,per_sample_finetune,per_sample_auroc,0.5938,0.5627,0.75,16,,42,2026-08-24T22:27:49
outlier_exposure,TSB-U-STABLE_097_SEG_7415_371_UCR_id_69_Medical_tr_185,U,STABLE,full_net,per_sample_finetune,per_sample_auroc,0.7031,0.66,0.75,16,,42,2026-08-24T22:27:52
divoe,TSB-U-STABLE_097_SEG_7415_371_UCR_id_69_Medical_tr_185,U,STABLE,head_only,per_sample_finetune,per_sample_auroc,0.5625,0.5383,0.75,16,,42,2026-08-24T22:28:05
divoe,TSB-U-STABLE_097_SEG_7415_371_UCR_id_69_Medical_tr_185,U,STABLE,full_net,per_sample_finetune,per_sample_auroc,0.8594,0.895,0.5,16,,42,2026-08-24T22:28:24
diversemix,TSB-U-STABLE_097_SEG_7415_371_UCR_id_69_Medical_tr_185,U,STABLE,head_only,per_sample_finetune,per_sample_auroc,0.5938,0.6854,0.875,16,,42,2026-08-24T22:28:48
diversemix,TSB-U-STABLE_097_SEG_7415_371_UCR_id_69_Medical_tr_185,U,STABLE,full_net,per_sample_finetune,per_sample_auroc,0.7031,0.7033,0.625,16,,42,2026-08-24T22:28:52
outlier_exposure,TSB-U-STABLE_098_SEG_1680_686_YAHOO_id_136_WebService_,U,STABLE,head_only,per_sample_finetune,per_sample_auroc,0.9375,0.95,0.25,8,,42,2026-08-24T22:29:10
outlier_exposure,TSB-U-STABLE_098_SEG_1680_686_YAHOO_id_136_WebService_,U,STABLE,full_net,per_sample_finetune,per_sample_auroc,0.5,0.525,0.5,8,,42,2026-08-24T22:29:11
divoe,TSB-U-STABLE_098_SEG_1680_686_YAHOO_id_136_WebService_,U,STABLE,head_only,per_sample_finetune,per_sample_auroc,0.9375,0.95,0.25,8,,42,2026-08-24T22:29:15
divoe,TSB-U-STABLE_098_SEG_1680_686_YAHOO_id_136_WebService_,U,STABLE,full_net,per_sample_finetune,per_sample_auroc,0.6875,0.7929,0.75,8,,42,2026-08-24T22:29:20
diversemix,TSB-U-STABLE_098_SEG_1680_686_YAHOO_id_136_WebService_,U,STABLE,head_only,per_sample_finetune,per_sample_auroc,1.0,1.0,0.0,8,,42,2026-08-24T22:29:29
diversemix,TSB-U-STABLE_098_SEG_1680_686_YAHOO_id_136_WebService_,U,STABLE,full_net,per_sample_finetune,per_sample_auroc,0.125,0.3988,1.0,8,,42,2026-08-24T22:29:30
